task,effect,clip,method,family,config,bytes,psnr,active_psnr,ssim,tpsnr,flicker,ms,train_s,spectrum_l1,motion_ratio
a,fire,fire_0,flipbook,flipbook_bc3,bc3 64f 128px,1048576,40.4852,30.8091,0.99499,40.1576,1.0768,0.0000,0.0,0.0843,1.0217
a,fire,fire_0,flipbook,flipbook_bc3,bc3 32f 128px,524288,36.7519,27.3135,0.98768,35.1319,0.5021,0.0000,0.0,0.0978,0.8956
a,fire,fire_0,flipbook,flipbook_bc3,bc3 16f 128px,262144,31.7883,22.7514,0.96938,32.4718,0.1546,0.0000,0.0,0.1297,0.6977
a,fire,fire_0,flipbook,flipbook_bc3,bc3 8f 128px,131072,27.7794,19.1811,0.94350,31.3678,0.0372,0.0000,0.0,0.1518,0.4685
a,fire,fire_0,flipbook,flipbook_bc3,bc3 4f 128px,65536,24.7794,16.4171,0.91996,30.9390,0.0068,0.0000,0.0,0.1628,0.2588
a,fire,fire_0,flipbook,flipbook_bc3,bc3 64f 64px,262144,34.4392,25.6413,0.97933,35.9043,0.4174,0.0000,0.0,0.9473,0.8417
a,fire,fire_0,flipbook,flipbook_bc3,bc3 32f 64px,131072,33.4761,24.7583,0.97435,34.0822,0.2610,0.0000,0.0,0.9895,0.7601
a,fire,fire_0,flipbook,flipbook_bc3,bc3 16f 64px,65536,31.0524,22.5855,0.96051,32.2550,0.1038,0.0000,0.0,1.0326,0.6244
a,fire,fire_0,flipbook,flipbook_bc3,bc3 8f 64px,32768,27.9282,19.7334,0.93932,31.3197,0.0292,0.0000,0.0,1.0545,0.4347
a,fire,fire_0,flipbook,flipbook_bc3,bc3 4f 64px,16384,25.1191,17.0934,0.91913,30.9276,0.0057,0.0000,0.0,1.0879,0.2420
a,fire,fire_0,flipbook,flipbook_bc3,bc3 64f 32px,65536,29.6132,21.8675,0.94286,32.7484,0.2802,0.0000,0.0,1.5715,0.7338
a,fire,fire_0,flipbook,flipbook_bc3,bc3 32f 32px,32768,29.4365,21.6954,0.94031,32.6226,0.1306,0.0000,0.0,1.5969,0.6509
a,fire,fire_0,flipbook,flipbook_bc3,bc3 16f 32px,16384,28.7101,21.1499,0.93281,31.8453,0.0662,0.0000,0.0,1.6307,0.5489
a,fire,fire_0,flipbook,flipbook_bc3,bc3 8f 32px,8192,27.0783,19.7193,0.91898,31.2088,0.0209,0.0000,0.0,1.6507,0.3912
a,fire,fire_0,flipbook,flipbook_bc3,bc3 4f 32px,4096,25.0686,17.9122,0.90464,30.9000,0.0046,0.0000,0.0,1.6766,0.2261
a,fire,fire_0,flipbook,flipbook_raw,raw 64f 64px,1048576,35.8816,26.8784,0.98672,37.4066,0.3473,0.0000,0.0,0.9343,0.8204
a,fire,fire_0,flipbook,flipbook_raw,raw 32f 64px,524288,34.4483,25.5791,0.98078,34.4460,0.2692,0.0000,0.0,0.9768,0.7604
a,fire,fire_0,flipbook,flipbook_raw,raw 16f 64px,262144,31.4610,22.8587,0.96562,32.3330,0.1087,0.0000,0.0,1.0255,0.6272
a,fire,fire_0,flipbook,flipbook_raw,raw 8f 64px,131072,28.0263,19.7348,0.94283,31.3367,0.0300,0.0000,0.0,1.0560,0.4363
a,fire,fire_0,flipbook,flipbook_raw,raw 4f 64px,65536,25.1341,17.0335,0.92086,30.9315,0.0059,0.0000,0.0,1.0874,0.2437
a,fire,fire_0,flipbook,flipbook_raw,raw 64f 32px,262144,30.3344,22.0865,0.95323,33.5555,0.1135,0.0000,0.0,1.5624,0.6556
a,fire,fire_0,flipbook,flipbook_raw,raw 32f 32px,131072,30.0666,21.8865,0.95030,32.9100,0.1167,0.0000,0.0,1.5901,0.6219
a,fire,fire_0,flipbook,flipbook_raw,raw 16f 32px,65536,29.1816,21.1568,0.94189,31.9330,0.0663,0.0000,0.0,1.6284,0.5386
a,fire,fire_0,flipbook,flipbook_raw,raw 8f 32px,32768,27.3372,19.5152,0.92691,31.2334,0.0217,0.0000,0.0,1.6557,0.3921
a,fire,fire_0,flipbook,flipbook_raw,raw 4f 32px,16384,25.1535,17.4983,0.91158,30.9051,0.0047,0.0000,0.0,1.6854,0.2242
a,fire,fire_0,flipbook,flipbook_mv,bc3 16f 128px +mv32,294912,35.4068,26.0878,0.98468,35.3003,0.5235,0.0000,0.0,0.1878,0.8785
a,fire,fire_0,flipbook,flipbook_mv,bc3 8f 128px +mv32,147456,28.1190,19.3572,0.94950,31.3516,0.1258,0.0000,0.0,0.2619,0.5674
a,fire,fire_0,flipbook,flipbook_mv,bc3 4f 128px +mv32,73728,24.5352,16.0850,0.92081,30.8483,0.0180,0.0000,0.0,0.2848,0.2962
a,fire,fire_0,flipbook,flipbook_mv,bc3 16f 64px +mv16,73728,33.6023,24.8368,0.97573,35.0747,0.2703,0.0000,0.0,0.8601,0.7738
a,fire,fire_0,flipbook,flipbook_mv,bc3 8f 64px +mv16,36864,29.4931,21.0276,0.95300,31.9757,0.0731,0.0000,0.0,0.8112,0.5633
a,fire,fire_0,flipbook,flipbook_mv,bc3 4f 64px +mv16,18432,24.8403,16.6859,0.92063,30.8529,0.0100,0.0000,0.0,0.8210,0.2784
a,fire,fire_0,fire_0|grid_s|16,neural_grid,grid G24 C8 H16 L1 D0+z0 K1 T16 16-bit,147946,35.4634,26.2660,0.97728,35.0609,0.6170,0.6952,7.0,0.1865,0.8913
a,fire,fire_0,fire_0|grid_s|8,neural_grid,grid G24 C8 H16 L1 D0+z0 K1 T16 8-bit,74730,35.4564,26.2579,0.97721,35.0558,0.6181,0.3809,7.0,0.1865,0.8919
a,fire,fire_0,fire_0|grid_m|16,neural_grid,grid G32 C8 H32 L2 D0+z0 K1 T16 16-bit,265226,41.1756,31.5951,0.99259,39.5888,0.8221,1.0856,18.1,0.0641,0.9595
a,fire,fire_0,fire_0|grid_m|8,neural_grid,grid G32 C8 H32 L2 D0+z0 K1 T16 8-bit,134666,41.1533,31.5736,0.99257,39.5779,0.8231,1.0636,18.1,0.0642,0.9600
a,fire,fire_0,fire_0|grid_l|16,neural_grid,grid G48 C8 H32 L2 D0+z0 K1 T16 16-bit,592906,43.4115,33.8041,0.99513,41.3584,0.8681,1.1680,20.7,0.0377,0.9671
a,fire,fire_0,fire_0|grid_l|8,neural_grid,grid G48 C8 H32 L2 D0+z0 K1 T16 8-bit,298506,43.3859,33.7785,0.99511,41.3436,0.8676,1.0755,20.7,0.0376,0.9672
a,fire,fire_0,fire_0|grid_mt|16,neural_grid,grid G32 C8 H32 L2 D0+z0 K1 T32 16-bit,527370,43.6162,34.0043,0.99495,41.7854,0.9171,1.1186,18.3,0.0516,0.9947
a,fire,fire_0,fire_0|grid_mt|8,neural_grid,grid G32 C8 H32 L2 D0+z0 K1 T32 8-bit,266250,43.5909,33.9804,0.99493,41.7669,0.9176,1.0971,18.3,0.0517,0.9952
a,fire,fire_0,fire_0|conv_s|16,neural_conv,conv l16 16-8-8-4 D0+z0 K1 T16 16-bit,135210,36.3273,27.0466,0.97532,36.0017,0.5207,0.5589,18.3,0.3445,0.9173
a,fire,fire_0,fire_0|conv_s|8,neural_conv,conv l16 16-8-8-4 D0+z0 K1 T16 8-bit,70698,36.3205,27.0399,0.97530,35.9954,0.5207,0.7539,18.3,0.3448,0.9173
a,fire,fire_0,fire_0|conv_m|16,neural_conv,conv l16 32-16-8-4 D0+z0 K1 T16 16-bit,274394,38.6454,29.1955,0.97436,37.6329,0.5844,0.7806,34.3,0.2456,0.9197
a,fire,fire_0,fire_0|conv_m|8,neural_conv,conv l16 32-16-8-4 D0+z0 K1 T16 8-bit,145370,38.6406,29.1903,0.97436,37.6290,0.5848,0.7638,34.3,0.2455,0.9197
a_interp,fire,fire_0,fire_0|interp|bc3 0f 128px,flipbook,bc3 0f 128px,524288,34.7761,25.5687,0.98038,35.1319,0.5021,0.0000,0.0,,
a_interp,fire,fire_0,fire_0|interp|bc3 0f 128px +mv32,flipbook_mv,bc3 0f 128px +mv32,589824,39.5974,30.0927,0.99338,38.9137,0.9605,0.0000,0.0,,
a_interp,fire,fire_0,fire_0|interp|raw 0f 128px,flipbook,raw 0f 128px,2097152,35.6107,26.3470,0.98350,35.6107,0.5149,0.0000,0.0,,
a_interp,fire,fire_0,fire_0|interp|grid_m,neural_grid,grid G32 C8 H32 L2 D0+z0 K1 T16 8-bit,134666,36.7214,27.1992,0.98540,36.6237,0.8555,0.0000,17.6,,
a,fire,fire_1,flipbook,flipbook_bc3,bc3 64f 128px,1048576,37.2057,29.6480,0.99136,36.7037,1.0185,0.0000,0.0,0.1014,1.0155
a,fire,fire_1,flipbook,flipbook_bc3,bc3 32f 128px,524288,32.9674,25.6373,0.97629,31.0925,0.4386,0.0000,0.0,0.1213,0.8907
a,fire,fire_1,flipbook,flipbook_bc3,bc3 16f 128px,262144,28.1849,21.2600,0.94281,28.6229,0.1350,0.0000,0.0,0.1478,0.7070
a,fire,fire_1,flipbook,flipbook_bc3,bc3 8f 128px,131072,24.2177,17.7484,0.89656,27.5806,0.0351,0.0000,0.0,0.1623,0.5077
a,fire,fire_1,flipbook,flipbook_bc3,bc3 4f 128px,65536,20.9805,14.9102,0.85059,27.1356,0.0069,0.0000,0.0,0.1530,0.3001
a,fire,fire_1,flipbook,flipbook_bc3,bc3 64f 64px,262144,31.3427,24.6180,0.96384,32.4103,0.4228,0.0000,0.0,0.8354,0.8608
a,fire,fire_1,flipbook,flipbook_bc3,bc3 32f 64px,131072,30.1360,23.5089,0.95291,30.2029,0.2347,0.0000,0.0,0.8940,0.7750
a,fire,fire_1,flipbook,flipbook_bc3,bc3 16f 64px,65536,27.6066,21.2210,0.92762,28.4440,0.0926,0.0000,0.0,0.9390,0.6433
a,fire,fire_1,flipbook,flipbook_bc3,bc3 8f 64px,32768,24.3924,18.3431,0.88909,27.5406,0.0282,0.0000,0.0,0.9585,0.4769
a,fire,fire_1,flipbook,flipbook_bc3,bc3 4f 64px,16384,21.3092,15.5964,0.84716,27.1259,0.0061,0.0000,0.0,0.9775,0.2877
a,fire,fire_1,flipbook,flipbook_bc3,bc3 64f 32px,65536,26.6729,20.8545,0.90371,29.0784,0.2543,0.0000,0.0,1.4213,0.7379
a,fire,fire_1,flipbook,flipbook_bc3,bc3 32f 32px,32768,26.4467,20.6299,0.89866,28.8052,0.1200,0.0000,0.0,1.4557,0.6641
a,fire,fire_1,flipbook,flipbook_bc3,bc3 16f 32px,16384,25.5947,19.9428,0.88449,28.0473,0.0583,0.0000,0.0,1.5071,0.5683
a,fire,fire_1,flipbook,flipbook_bc3,bc3 8f 32px,8192,23.7823,18.3605,0.85955,27.4402,0.0209,0.0000,0.0,1.5186,0.4347
a,fire,fire_1,flipbook,flipbook_bc3,bc3 4f 32px,4096,21.3677,16.1758,0.82790,27.0998,0.0050,0.0000,0.0,1.5741,0.2679
a,fire,fire_1,flipbook,flipbook_raw,raw 64f 64px,1048576,33.1040,26.1828,0.97779,34.0165,0.3787,0.0000,0.0,0.8398,0.8458
a,fire,fire_1,flipbook,flipbook_raw,raw 32f 64px,524288,31.2378,24.4604,0.96500,30.5518,0.2458,0.0000,0.0,0.8953,0.7754
a,fire,fire_1,flipbook,flipbook_raw,raw 16f 64px,262144,28.0472,21.5383,0.93671,28.5190,0.0973,0.0000,0.0,0.9462,0.6449
a,fire,fire_1,flipbook,flipbook_raw,raw 8f 64px,131072,24.5014,18.3547,0.89527,27.5572,0.0292,0.0000,0.0,0.9675,0.4779
a,fire,fire_1,flipbook,flipbook_raw,raw 4f 64px,65536,21.3016,15.5015,0.85144,27.1297,0.0062,0.0000,0.0,0.9779,0.2873
a,fire,fire_1,flipbook,flipbook_raw,raw 64f 32px,262144,27.4856,21.2955,0.92097,29.8822,0.1283,0.0000,0.0,1.4053,0.6899
a,fire,fire_1,flipbook,flipbook_raw,raw 32f 32px,131072,27.1430,21.0254,0.91483,29.1121,0.1136,0.0000,0.0,1.4398,0.6521
a,fire,fire_1,flipbook,flipbook_raw,raw 16f 32px,65536,26.0887,20.1412,0.89842,28.1399,0.0605,0.0000,0.0,1.4899,0.5677
a,fire,fire_1,flipbook,flipbook_raw,raw 8f 32px,32768,24.0311,18.3376,0.87082,27.4668,0.0221,0.0000,0.0,1.5119,0.4364
a,fire,fire_1,flipbook,flipbook_raw,raw 4f 32px,16384,21.4143,15.9910,0.83704,27.1071,0.0051,0.0000,0.0,1.5595,0.2676
a,fire,fire_1,flipbook,flipbook_mv,bc3 16f 128px +mv32,294912,31.2955,24.1468,0.96846,30.7406,0.4433,0.0000,0.0,0.1826,0.8627
a,fire,fire_1,flipbook,flipbook_mv,bc3 8f 128px +mv32,147456,24.6918,18.0178,0.91103,27.6191,0.1627,0.0000,0.0,0.2663,0.6429
a,fire,fire_1,flipbook,flipbook_mv,bc3 4f 128px +mv32,73728,20.6560,14.3472,0.85838,26.9606,0.0367,0.0000,0.0,0.2467,0.3720
a,fire,fire_1,flipbook,flipbook_mv,bc3 16f 64px +mv16,73728,30.2217,23.5524,0.95521,30.9566,0.2862,0.0000,0.0,0.7450,0.8108
a,fire,fire_1,flipbook,flipbook_mv,bc3 8f 64px +mv16,36864,25.7206,19.3944,0.91112,28.1162,0.1096,0.0000,0.0,0.7262,0.6344
a,fire,fire_1,flipbook,flipbook_mv,bc3 4f 64px +mv16,18432,20.9844,14.9871,0.85614,26.9929,0.0220,0.0000,0.0,0.6932,0.3658
a,fire,fire_1,fire_1|grid_s|16,neural_grid,grid G24 C8 H16 L1 D0+z0 K1 T16 16-bit,147946,31.8296,24.8120,0.94831,31.1227,0.5289,0.6952,6.7,0.1524,0.8963
a,fire,fire_1,fire_1|grid_s|8,neural_grid,grid G24 C8 H16 L1 D0+z0 K1 T16 8-bit,74730,31.8213,24.8058,0.94780,31.1197,0.5289,0.3809,6.7,0.1528,0.8979
a,fire,fire_1,fire_1|grid_m|16,neural_grid,grid G32 C8 H32 L2 D0+z0 K1 T16 16-bit,265226,37.3503,29.8458,0.98481,35.1876,0.7486,1.0856,17.9,0.0623,0.9481
a,fire,fire_1,fire_1|grid_m|8,neural_grid,grid G32 C8 H32 L2 D0+z0 K1 T16 8-bit,134666,37.3243,29.8195,0.98476,35.1739,0.7487,1.0636,17.9,0.0620,0.9479
a,fire,fire_1,fire_1|grid_l|16,neural_grid,grid G48 C8 H32 L2 D0+z0 K1 T16 16-bit,592906,39.1012,31.5533,0.98797,36.5405,0.8041,1.1680,20.5,0.0294,0.9587
a,fire,fire_1,fire_1|grid_l|8,neural_grid,grid G48 C8 H32 L2 D0+z0 K1 T16 8-bit,298506,39.0757,31.5286,0.98793,36.5289,0.8036,1.0755,20.5,0.0293,0.9585
a,fire,fire_1,fire_1|grid_mt|16,neural_grid,grid G32 C8 H32 L2 D0+z0 K1 T32 16-bit,527370,40.1495,32.5800,0.99009,38.2054,0.9140,1.1186,18.8,0.0386,0.9940
a,fire,fire_1,fire_1|grid_mt|8,neural_grid,grid G32 C8 H32 L2 D0+z0 K1 T32 8-bit,266250,40.1258,32.5564,0.99006,38.1904,0.9143,1.0971,18.8,0.0387,0.9941
a,fire,fire_1,fire_1|conv_s|16,neural_conv,conv l16 16-8-8-4 D0+z0 K1 T16 16-bit,135210,32.8886,25.6212,0.94120,31.8899,0.4760,0.5589,20.7,0.3554,0.8852
a,fire,fire_1,fire_1|conv_s|8,neural_conv,conv l16 16-8-8-4 D0+z0 K1 T16 8-bit,70698,32.8833,25.6159,0.94116,31.8857,0.4755,0.7539,20.7,0.3554,0.8850
a,fire,fire_1,fire_1|conv_m|16,neural_conv,conv l16 32-16-8-4 D0+z0 K1 T16 16-bit,274394,35.0836,27.7479,0.95201,33.5044,0.5293,0.7806,35.8,0.2979,0.9181
a,fire,fire_1,fire_1|conv_m|8,neural_conv,conv l16 32-16-8-4 D0+z0 K1 T16 8-bit,145370,35.0754,27.7391,0.95199,33.4988,0.5290,0.7638,35.8,0.2983,0.9179
a_interp,fire,fire_1,fire_1|interp|bc3 0f 128px,flipbook,bc3 0f 128px,524288,30.8663,23.7504,0.96121,31.0925,0.4386,0.0000,0.0,,
a_interp,fire,fire_1,fire_1|interp|bc3 0f 128px +mv32,flipbook_mv,bc3 0f 128px +mv32,589824,35.9195,28.6023,0.98727,34.9725,0.8829,0.0000,0.0,,
a_interp,fire,fire_1,fire_1|interp|raw 0f 128px,flipbook,raw 0f 128px,2097152,31.5018,24.3347,0.96604,31.5018,0.4569,0.0000,0.0,,
a_interp,fire,fire_1,fire_1|interp|grid_m,neural_grid,grid G32 C8 H32 L2 D0+z0 K1 T16 8-bit,134666,32.2439,24.7882,0.96898,32.1100,0.7608,0.0000,17.8,,
a,fire,fire_2,flipbook,flipbook_bc3,bc3 64f 128px,1048576,42.2332,30.6130,0.99657,42.5812,1.3407,0.0000,0.0,0.1342,1.0401
a,fire,fire_2,flipbook,flipbook_bc3,bc3 32f 128px,524288,40.4153,29.0145,0.99346,40.2496,0.6480,0.0000,0.0,0.1347,0.9336
a,fire,fire_2,flipbook,flipbook_bc3,bc3 16f 128px,262144,36.0042,25.0433,0.98353,37.4687,0.2354,0.0000,0.0,0.1491,0.7545
a,fire,fire_2,flipbook,flipbook_bc3,bc3 8f 128px,131072,31.6535,21.1786,0.96522,36.0855,0.0595,0.0000,0.0,0.1661,0.5267
a,fire,fire_2,flipbook,flipbook_bc3,bc3 4f 128px,65536,28.4271,18.2417,0.94627,35.5442,0.0144,0.0000,0.0,0.1989,0.3231
a,fire,fire_2,flipbook,flipbook_bc3,bc3 64f 64px,262144,36.3893,25.9023,0.98498,39.5343,0.5258,0.0000,0.0,0.8764,0.8579
a,fire,fire_2,flipbook,flipbook_bc3,bc3 32f 64px,131072,35.9038,25.4861,0.98286,38.8293,0.2872,0.0000,0.0,0.9126,0.7799
a,fire,fire_2,flipbook,flipbook_bc3,bc3 16f 64px,65536,34.2607,24.0955,0.97551,37.1226,0.1405,0.0000,0.0,0.9481,0.6606
a,fire,fire_2,flipbook,flipbook_bc3,bc3 8f 64px,32768,31.4665,21.6088,0.96086,36.0067,0.0429,0.0000,0.0,0.9811,0.4817
a,fire,fire_2,flipbook,flipbook_bc3,bc3 4f 64px,16384,28.6892,19.0750,0.94453,35.5227,0.0122,0.0000,0.0,1.0189,0.3038
a,fire,fire_2,flipbook,flipbook_bc3,bc3 64f 32px,65536,31.4647,22.1464,0.95780,36.6019,0.4379,0.0000,0.0,1.4703,0.7465
a,fire,fire_2,flipbook,flipbook_bc3,bc3 32f 32px,32768,31.3963,22.0401,0.95680,36.8921,0.1487,0.0000,0.0,1.4901,0.6576
a,fire,fire_2,flipbook,flipbook_bc3,bc3 16f 32px,16384,30.9926,21.7552,0.95338,36.4373,0.0723,0.0000,0.0,1.5211,0.5600
a,fire,fire_2,flipbook,flipbook_bc3,bc3 8f 32px,8192,29.9029,20.8245,0.94463,35.8128,0.0280,0.0000,0.0,1.5732,0.4278
a,fire,fire_2,flipbook,flipbook_bc3,bc3 4f 32px,4096,28.2271,19.3816,0.93361,35.4712,0.0098,0.0000,0.0,1.6223,0.2773
a,fire,fire_2,flipbook,flipbook_raw,raw 64f 64px,1048576,37.7279,27.0048,0.98975,41.3588,0.2826,0.0000,0.0,0.8677,0.8100
a,fire,fire_2,flipbook,flipbook_raw,raw 32f 64px,524288,36.9950,26.3830,0.98725,39.3629,0.2743,0.0000,0.0,0.8982,0.7695
a,fire,fire_2,flipbook,flipbook_raw,raw 16f 64px,262144,34.8898,24.5511,0.97924,37.2438,0.1445,0.0000,0.0,0.9390,0.6608
a,fire,fire_2,flipbook,flipbook_raw,raw 8f 64px,131072,31.7002,21.7006,0.96359,36.0352,0.0441,0.0000,0.0,0.9830,0.4829
a,fire,fire_2,flipbook,flipbook_raw,raw 4f 64px,65536,28.7716,19.0141,0.94648,35.5304,0.0124,0.0000,0.0,1.0361,0.3034
a,fire,fire_2,flipbook,flipbook_raw,raw 64f 32px,262144,31.9390,22.2377,0.96308,37.5725,0.0879,0.0000,0.0,1.4524,0.6261
a,fire,fire_2,flipbook,flipbook_raw,raw 32f 32px,131072,31.8199,22.1677,0.96187,37.2496,0.1010,0.0000,0.0,1.4664,0.6064
a,fire,fire_2,flipbook,flipbook_raw,raw 16f 32px,65536,31.3522,21.8421,0.95777,36.5424,0.0698,0.0000,0.0,1.4999,0.5432
a,fire,fire_2,flipbook,flipbook_raw,raw 8f 32px,32768,30.1515,20.8791,0.94794,35.8389,0.0274,0.0000,0.0,1.5415,0.4201
a,fire,fire_2,flipbook,flipbook_raw,raw 4f 32px,16384,28.4201,19.3346,0.93646,35.4818,0.0099,0.0000,0.0,1.5913,0.2763
a,fire,fire_2,flipbook,flipbook_mv,bc3 16f 128px +mv32,294912,39.4015,28.1268,0.99258,40.2715,0.7825,0.0000,0.0,0.1550,0.9501
a,fire,fire_2,flipbook,flipbook_mv,bc3 8f 128px +mv32,147456,32.1005,21.4482,0.96940,36.1599,0.1903,0.0000,0.0,0.2260,0.6356
a,fire,fire_2,flipbook,flipbook_mv,bc3 4f 128px +mv32,73728,28.5194,18.1987,0.94788,35.4575,0.0455,0.0000,0.0,0.2847,0.3797
a,fire,fire_2,flipbook,flipbook_mv,bc3 16f 64px +mv16,73728,35.9518,25.4493,0.98392,39.2043,0.3138,0.0000,0.0,0.7632,0.8072
a,fire,fire_2,flipbook,flipbook_mv,bc3 8f 64px +mv16,36864,32.5507,22.3996,0.96962,36.7242,0.1119,0.0000,0.0,0.7501,0.6058
a,fire,fire_2,flipbook,flipbook_mv,bc3 4f 64px +mv16,18432,28.7065,18.9228,0.94580,35.4722,0.0243,0.0000,0.0,0.7610,0.3515
a,fire,fire_2,fire_2|grid_s|16,neural_grid,grid G24 C8 H16 L1 D0+z0 K1 T16 16-bit,147946,39.0947,27.9197,0.98689,39.5813,0.7624,0.6952,6.9,0.1017,0.9482
a,fire,fire_2,fire_2|grid_s|8,neural_grid,grid G24 C8 H16 L1 D0+z0 K1 T16 8-bit,74730,39.0834,27.9086,0.98685,39.5747,0.7629,0.3809,6.9,0.1023,0.9479
a,fire,fire_2,fire_2|grid_m|16,neural_grid,grid G32 C8 H32 L2 D0+z0 K1 T16 16-bit,265226,45.8635,34.2645,0.99680,44.9617,0.9060,1.0856,17.3,0.0322,0.9844
a,fire,fire_2,fire_2|grid_m|8,neural_grid,grid G32 C8 H32 L2 D0+z0 K1 T16 8-bit,134666,45.8294,34.2299,0.99678,44.9444,0.9071,1.0636,17.3,0.0322,0.9853
a,fire,fire_2,fire_2|grid_l|16,neural_grid,grid G48 C8 H32 L2 D0+z0 K1 T16 16-bit,592906,48.2473,36.6273,0.99792,46.7658,0.9290,1.1680,19.8,0.0164,0.9878
a,fire,fire_2,fire_2|grid_l|8,neural_grid,grid G48 C8 H32 L2 D0+z0 K1 T16 8-bit,298506,48.2157,36.5956,0.99791,46.7472,0.9293,1.0755,19.8,0.0162,0.9881
a,fire,fire_2,fire_2|grid_mt|16,neural_grid,grid G32 C8 H32 L2 D0+z0 K1 T32 16-bit,527370,47.4187,35.8249,0.99732,46.2374,0.9948,1.1186,19.3,0.0297,1.0116
a,fire,fire_2,fire_2|grid_mt|8,neural_grid,grid G32 C8 H32 L2 D0+z0 K1 T32 8-bit,266250,47.3889,35.7950,0.99731,46.2134,0.9958,1.0971,19.3,0.0295,1.0118
a,fire,fire_2,fire_2|conv_s|16,neural_conv,conv l16 16-8-8-4 D0+z0 K1 T16 16-bit,135210,40.5190,29.2330,0.98317,41.0836,0.6025,0.5589,19.5,0.2677,0.9402
a,fire,fire_2,fire_2|conv_s|8,neural_conv,conv l16 16-8-8-4 D0+z0 K1 T16 8-bit,70698,40.5136,29.2277,0.98316,41.0811,0.6028,0.7539,19.5,0.2679,0.9407
a,fire,fire_2,fire_2|conv_m|16,neural_conv,conv l16 32-16-8-4 D0+z0 K1 T16 16-bit,274394,42.8611,31.5308,0.98544,43.0062,0.6547,0.7806,34.0,0.1971,0.9528
a,fire,fire_2,fire_2|conv_m|8,neural_conv,conv l16 32-16-8-4 D0+z0 K1 T16 8-bit,145370,42.8529,31.5226,0.98545,42.9987,0.6552,0.7638,34.0,0.1969,0.9527
a_interp,fire,fire_2,fire_2|interp|bc3 0f 128px,flipbook,bc3 0f 128px,524288,39.1441,27.9530,0.99038,40.2496,0.6480,0.0000,0.0,,
a_interp,fire,fire_2,fire_2|interp|bc3 0f 128px +mv32,flipbook_mv,bc3 0f 128px +mv32,589824,41.7872,30.4024,0.99564,41.7254,1.2004,0.0000,0.0,,
a_interp,fire,fire_2,fire_2|interp|raw 0f 128px,flipbook,raw 0f 128px,2097152,41.1724,29.9081,0.99290,41.1724,0.6350,0.0000,0.0,,
a_interp,fire,fire_2,fire_2|interp|grid_m,neural_grid,grid G32 C8 H32 L2 D0+z0 K1 T16 8-bit,134666,42.2763,30.6783,0.99411,42.4774,0.9936,0.0000,18.2,,
a,fire,fire_3,flipbook,flipbook_bc3,bc3 64f 128px,1048576,39.3637,30.6958,0.99400,38.4397,1.0596,0.0000,0.0,0.0966,1.0186
a,fire,fire_3,flipbook,flipbook_bc3,bc3 32f 128px,524288,34.7655,26.3759,0.98214,32.7773,0.4327,0.0000,0.0,0.1100,0.8551
a,fire,fire_3,flipbook,flipbook_bc3,bc3 16f 128px,262144,29.9837,22.0209,0.95601,30.3439,0.1108,0.0000,0.0,0.1340,0.6100
a,fire,fire_3,flipbook,flipbook_bc3,bc3 8f 128px,131072,26.5334,18.9838,0.92344,29.4580,0.0216,0.0000,0.0,0.1536,0.3816
a,fire,fire_3,flipbook,flipbook_bc3,bc3 4f 128px,65536,24.1216,16.9426,0.89322,29.1644,0.0039,0.0000,0.0,0.1522,0.2111
a,fire,fire_3,flipbook,flipbook_bc3,bc3 64f 64px,262144,32.9214,25.2157,0.97128,34.0179,0.4006,0.0000,0.0,0.9044,0.8032
a,fire,fire_3,flipbook,flipbook_bc3,bc3 32f 64px,131072,31.7570,24.1569,0.96310,31.8736,0.2151,0.0000,0.0,0.9568,0.6973
a,fire,fire_3,flipbook,flipbook_bc3,bc3 16f 64px,65536,29.3731,21.9937,0.94403,30.1610,0.0690,0.0000,0.0,0.9975,0.5272
a,fire,fire_3,flipbook,flipbook_bc3,bc3 8f 64px,32768,26.7717,19.6814,0.91755,29.4152,0.0155,0.0000,0.0,1.0200,0.3453
a,fire,fire_3,flipbook,flipbook_bc3,bc3 4f 64px,16384,24.5775,17.7671,0.89121,29.1532,0.0032,0.0000,0.0,1.0226,0.1942
a,fire,fire_3,flipbook,flipbook_bc3,bc3 64f 32px,65536,28.2470,21.4117,0.92542,30.6850,0.2221,0.0000,0.0,1.5338,0.6346
a,fire,fire_3,flipbook,flipbook_bc3,bc3 32f 32px,32768,28.0378,21.2275,0.92173,30.4621,0.0951,0.0000,0.0,1.5649,0.5412
a,fire,fire_3,flipbook,flipbook_bc3,bc3 16f 32px,16384,27.3501,20.6735,0.91230,29.7852,0.0369,0.0000,0.0,1.6091,0.4303
a,fire,fire_3,flipbook,flipbook_bc3,bc3 8f 32px,8192,26.0881,19.5678,0.89625,29.3187,0.0098,0.0000,0.0,1.6314,0.2944
a,fire,fire_3,flipbook,flipbook_bc3,bc3 4f 32px,4096,24.6033,18.2856,0.87817,29.1269,0.0024,0.0000,0.0,1.6291,0.1691
a,fire,fire_3,flipbook,flipbook_raw,raw 64f 64px,1048576,34.4556,26.5648,0.98132,35.3381,0.3358,0.0000,0.0,0.8942,0.7762
a,fire,fire_3,flipbook,flipbook_raw,raw 32f 64px,524288,32.7582,25.0124,0.97188,32.1570,0.2181,0.0000,0.0,0.9432,0.6916
a,fire,fire_3,flipbook,flipbook_raw,raw 16f 64px,262144,29.8254,22.3363,0.95073,30.2224,0.0717,0.0000,0.0,0.9908,0.5256
a,fire,fire_3,flipbook,flipbook_raw,raw 8f 64px,131072,26.9020,19.7298,0.92240,29.4294,0.0159,0.0000,0.0,1.0224,0.3440
a,fire,fire_3,flipbook,flipbook_raw,raw 4f 64px,65536,24.6041,17.7271,0.89467,29.1571,0.0032,0.0000,0.0,1.0370,0.1944
a,fire,fire_3,flipbook,flipbook_raw,raw 64f 32px,262144,28.8901,21.7809,0.93622,31.3076,0.0984,0.0000,0.0,1.4782,0.5663
a,fire,fire_3,flipbook,flipbook_raw,raw 32f 32px,131072,28.6030,21.5644,0.93188,30.6667,0.0837,0.0000,0.0,1.5032,0.5230
a,fire,fire_3,flipbook,flipbook_raw,raw 16f 32px,65536,27.7707,20.8837,0.92079,29.8467,0.0374,0.0000,0.0,1.5506,0.4267
a,fire,fire_3,flipbook,flipbook_raw,raw 8f 32px,32768,26.3347,19.6790,0.90297,29.3365,0.0103,0.0000,0.0,1.5807,0.2947
a,fire,fire_3,flipbook,flipbook_raw,raw 4f 32px,16384,24.7238,18.2796,0.88324,29.1315,0.0025,0.0000,0.0,1.5851,0.1712
a,fire,fire_3,flipbook,flipbook_mv,bc3 16f 128px +mv32,294912,33.2550,25.0736,0.97624,32.5824,0.3820,0.0000,0.0,0.1660,0.7859
a,fire,fire_3,flipbook,flipbook_mv,bc3 8f 128px +mv32,147456,27.0691,19.3654,0.93249,29.5548,0.0842,0.0000,0.0,0.2447,0.4839
a,fire,fire_3,flipbook,flipbook_mv,bc3 4f 128px +mv32,73728,24.0680,16.7554,0.89777,29.1138,0.0123,0.0000,0.0,0.2364,0.2524
a,fire,fire_3,flipbook,flipbook_mv,bc3 16f 64px +mv16,73728,31.9124,24.2684,0.96422,32.6554,0.2223,0.0000,0.0,0.8376,0.7032
a,fire,fire_3,flipbook,flipbook_mv,bc3 8f 64px +mv16,36864,28.1078,20.7394,0.93422,29.9375,0.0496,0.0000,0.0,0.7997,0.4613
a,fire,fire_3,flipbook,flipbook_mv,bc3 4f 64px +mv16,18432,24.5637,17.5452,0.89668,29.1300,0.0058,0.0000,0.0,0.7573,0.2250
a,fire,fire_3,fire_3|grid_s|16,neural_grid,grid G24 C8 H16 L1 D0+z0 K1 T16 16-bit,147946,33.9329,25.7956,0.96619,32.7421,0.4601,0.6952,7.0,0.1998,0.8491
a,fire,fire_3,fire_3|grid_s|8,neural_grid,grid G24 C8 H16 L1 D0+z0 K1 T16 8-bit,74730,33.9231,25.7896,0.96610,32.7374,0.4604,0.3809,7.0,0.1996,0.8495
a,fire,fire_3,fire_3|grid_m|16,neural_grid,grid G32 C8 H32 L2 D0+z0 K1 T16 16-bit,265226,38.8022,30.2875,0.98831,36.5822,0.7172,1.0856,25.1,0.0958,0.9125
a,fire,fire_3,fire_3|grid_m|8,neural_grid,grid G32 C8 H32 L2 D0+z0 K1 T16 8-bit,134666,38.7790,30.2652,0.98827,36.5710,0.7171,1.0636,25.1,0.0963,0.9123
a,fire,fire_3,fire_3|grid_l|16,neural_grid,grid G48 C8 H32 L2 D0+z0 K1 T16 16-bit,592906,40.8995,32.3252,0.99269,38.2667,0.7804,1.1680,26.8,0.0582,0.9339
a,fire,fire_3,fire_3|grid_l|8,neural_grid,grid G48 C8 H32 L2 D0+z0 K1 T16 8-bit,298506,40.8750,32.3012,0.99266,38.2550,0.7804,1.0755,26.8,0.0582,0.9340
a,fire,fire_3,fire_3|grid_mt|16,neural_grid,grid G32 C8 H32 L2 D0+z0 K1 T32 16-bit,527370,41.3706,32.7508,0.99282,39.3123,0.8780,1.1186,18.7,0.0799,0.9722
a,fire,fire_3,fire_3|grid_mt|8,neural_grid,grid G32 C8 H32 L2 D0+z0 K1 T32 8-bit,266250,41.3463,32.7268,0.99280,39.2953,0.8784,1.0971,18.7,0.0795,0.9725
a,fire,fire_3,fire_3|conv_s|16,neural_conv,conv l16 16-8-8-4 D0+z0 K1 T16 16-bit,135210,34.9222,26.6506,0.96284,33.6849,0.4303,0.5589,18.6,0.3724,0.8374
a,fire,fire_3,fire_3|conv_s|8,neural_conv,conv l16 16-8-8-4 D0+z0 K1 T16 8-bit,70698,34.9125,26.6420,0.96282,33.6781,0.4306,0.7539,18.6,0.3725,0.8378
a,fire,fire_3,fire_3|conv_m|16,neural_conv,conv l16 32-16-8-4 D0+z0 K1 T16 16-bit,274394,36.9856,28.6333,0.95599,35.4725,0.5570,0.7806,33.9,0.3037,0.8863
a,fire,fire_3,fire_3|conv_m|8,neural_conv,conv l16 32-16-8-4 D0+z0 K1 T16 8-bit,145370,36.9784,28.6273,0.95597,35.4685,0.5571,0.7638,33.9,0.3035,0.8864
a_interp,fire,fire_3,fire_3|interp|bc3 0f 128px,flipbook,bc3 0f 128px,524288,32.5810,24.4532,0.97027,32.7773,0.4327,0.0000,0.0,,
a_interp,fire,fire_3,fire_3|interp|bc3 0f 128px +mv32,flipbook_mv,bc3 0f 128px +mv32,589824,38.4840,30.0849,0.99116,37.3516,0.8777,0.0000,0.0,,
a_interp,fire,fire_3,fire_3|interp|raw 0f 128px,flipbook,raw 0f 128px,2097152,33.1494,24.9834,0.97348,33.1494,0.4424,0.0000,0.0,,
a_interp,fire,fire_3,fire_3|interp|grid_m,neural_grid,grid G32 C8 H32 L2 D0+z0 K1 T16 8-bit,134666,33.6908,25.1943,0.97614,33.4951,0.7371,0.0000,17.3,,
a,smoke,smoke_0,flipbook,flipbook_bc3,bc3 64f 128px,1048576,41.9981,37.2289,0.99152,39.5094,1.2812,0.0000,0.0,0.0456,1.0590
a,smoke,smoke_0,flipbook,flipbook_bc3,bc3 32f 128px,524288,37.3400,32.5518,0.98559,35.1898,0.6433,0.0000,0.0,0.0504,0.9301
a,smoke,smoke_0,flipbook,flipbook_bc3,bc3 16f 128px,262144,31.2678,26.5323,0.95885,32.1423,0.2119,0.0000,0.0,0.0791,0.7373
a,smoke,smoke_0,flipbook,flipbook_bc3,bc3 8f 128px,131072,26.7989,22.1785,0.90593,30.8222,0.0473,0.0000,0.0,0.0963,0.5094
a,smoke,smoke_0,flipbook,flipbook_bc3,bc3 4f 128px,65536,23.8390,19.3772,0.83790,30.3701,0.0127,0.0000,0.0,0.0995,0.3350
a,smoke,smoke_0,flipbook,flipbook_bc3,bc3 64f 64px,262144,32.5493,28.0716,0.95029,35.3995,0.5072,0.0000,0.0,0.6344,0.8343
a,smoke,smoke_0,flipbook,flipbook_bc3,bc3 32f 64px,131072,31.8064,27.3291,0.94460,33.8182,0.3078,0.0000,0.0,0.6720,0.7337
a,smoke,smoke_0,flipbook,flipbook_bc3,bc3 16f 64px,65536,29.6890,25.2425,0.92357,31.8309,0.1276,0.0000,0.0,0.7121,0.6051
a,smoke,smoke_0,flipbook,flipbook_bc3,bc3 8f 64px,32768,26.7676,22.3840,0.88260,30.7522,0.0343,0.0000,0.0,0.7373,0.4401
a,smoke,smoke_0,flipbook,flipbook_bc3,bc3 4f 64px,16384,24.1868,19.9108,0.82786,30.3509,0.0106,0.0000,0.0,0.7546,0.3007
a,smoke,smoke_0,flipbook,flipbook_bc3,bc3 64f 32px,65536,27.7670,23.6228,0.85550,31.8729,0.3570,0.0000,0.0,0.9517,0.6898
a,smoke,smoke_0,flipbook,flipbook_bc3,bc3 32f 32px,32768,27.6321,23.4835,0.85338,31.9074,0.1422,0.0000,0.0,0.9724,0.5814
a,smoke,smoke_0,flipbook,flipbook_bc3,bc3 16f 32px,16384,27.0833,22.9502,0.84379,31.2224,0.0688,0.0000,0.0,0.9891,0.4902
a,smoke,smoke_0,flipbook,flipbook_bc3,bc3 8f 32px,8192,25.8266,21.7304,0.82238,30.5950,0.0239,0.0000,0.0,1.0215,0.3776
a,smoke,smoke_0,flipbook,flipbook_bc3,bc3 4f 32px,4096,24.0745,20.0421,0.78972,30.3057,0.0089,0.0000,0.0,1.0354,0.2669
a,smoke,smoke_0,flipbook,flipbook_raw,raw 64f 64px,1048576,32.9201,28.4260,0.95666,36.6397,0.3394,0.0000,0.0,0.6578,0.7561
a,smoke,smoke_0,flipbook,flipbook_raw,raw 32f 64px,524288,32.0510,27.5671,0.94956,34.0394,0.2892,0.0000,0.0,0.6895,0.7071
a,smoke,smoke_0,flipbook,flipbook_raw,raw 16f 64px,262144,29.8145,25.3619,0.92749,31.8665,0.1265,0.0000,0.0,0.7326,0.5984
a,smoke,smoke_0,flipbook,flipbook_raw,raw 8f 64px,131072,26.8180,22.4306,0.88571,30.7599,0.0343,0.0000,0.0,0.7576,0.4391
a,smoke,smoke_0,flipbook,flipbook_raw,raw 4f 64px,65536,24.2041,19.9234,0.83008,30.3528,0.0106,0.0000,0.0,0.7756,0.3007
a,smoke,smoke_0,flipbook,flipbook_raw,raw 64f 32px,262144,27.9616,23.8090,0.86285,32.5940,0.1006,0.0000,0.0,0.9518,0.5520
a,smoke,smoke_0,flipbook,flipbook_raw,raw 32f 32px,131072,27.7937,23.6463,0.85947,32.1174,0.1088,0.0000,0.0,0.9673,0.5292
a,smoke,smoke_0,flipbook,flipbook_raw,raw 16f 32px,65536,27.2027,23.0706,0.84847,31.2742,0.0655,0.0000,0.0,0.9868,0.4726
a,smoke,smoke_0,flipbook,flipbook_raw,raw 8f 32px,32768,25.8931,21.7964,0.82586,30.6066,0.0235,0.0000,0.0,1.0172,0.3717
a,smoke,smoke_0,flipbook,flipbook_raw,raw 4f 32px,16384,24.1077,20.0761,0.79234,30.3089,0.0089,0.0000,0.0,1.0413,0.2662
a,smoke,smoke_0,flipbook,flipbook_mv,bc3 16f 128px +mv32,294912,37.5117,32.7521,0.98526,37.1515,0.7096,0.0000,0.0,0.1027,0.9413
a,smoke,smoke_0,flipbook,flipbook_mv,bc3 8f 128px +mv32,147456,29.0759,24.3797,0.94068,31.9504,0.2187,0.0000,0.0,0.2026,0.6943
a,smoke,smoke_0,flipbook,flipbook_mv,bc3 4f 128px +mv32,73728,24.0303,19.4582,0.85592,30.2772,0.0523,0.0000,0.0,0.2388,0.4542
a,smoke,smoke_0,flipbook,flipbook_mv,bc3 16f 64px +mv16,73728,32.1072,27.6244,0.94748,34.9759,0.2910,0.0000,0.0,0.6484,0.7418
a,smoke,smoke_0,flipbook,flipbook_mv,bc3 8f 64px +mv16,36864,29.2538,24.7976,0.91914,32.3450,0.1343,0.0000,0.0,0.6657,0.6094
a,smoke,smoke_0,flipbook,flipbook_mv,bc3 4f 64px +mv16,18432,24.6912,20.3212,0.84628,30.3922,0.0451,0.0000,0.0,0.6565,0.4423
a,smoke,smoke_0,smoke_0|grid_s|16,neural_grid,grid G24 C8 H16 L1 D0+z0 K1 T16 16-bit,147946,32.8903,28.2345,0.95506,33.7796,0.5693,0.6952,9.8,0.2513,0.9100
a,smoke,smoke_0,smoke_0|grid_s|8,neural_grid,grid G24 C8 H16 L1 D0+z0 K1 T16 8-bit,74730,32.8795,28.2255,0.95484,33.7752,0.5697,0.3809,9.8,0.2512,0.9107
a,smoke,smoke_0,smoke_0|grid_m|16,neural_grid,grid G32 C8 H32 L2 D0+z0 K1 T16 16-bit,265226,36.7980,32.0513,0.98155,37.1807,0.7959,1.0856,17.5,0.1376,0.9752
a,smoke,smoke_0,smoke_0|grid_m|8,neural_grid,grid G32 C8 H32 L2 D0+z0 K1 T16 8-bit,134666,36.7793,32.0332,0.98146,37.1714,0.7968,1.0636,17.5,0.1373,0.9759
a,smoke,smoke_0,smoke_0|grid_l|16,neural_grid,grid G48 C8 H32 L2 D0+z0 K1 T16 16-bit,592906,40.2873,35.5137,0.99151,38.6257,0.8017,1.1680,19.4,0.0584,0.9736
a,smoke,smoke_0,smoke_0|grid_l|8,neural_grid,grid G48 C8 H32 L2 D0+z0 K1 T16 8-bit,298506,40.2393,35.4662,0.99140,38.6063,0.8023,1.0755,19.4,0.0582,0.9741
a,smoke,smoke_0,smoke_0|grid_mt|16,neural_grid,grid G32 C8 H32 L2 D0+z0 K1 T32 16-bit,527370,37.8290,33.0893,0.98402,38.7548,0.9479,1.1186,19.6,0.1326,1.0139
a,smoke,smoke_0,smoke_0|grid_mt|8,neural_grid,grid G32 C8 H32 L2 D0+z0 K1 T32 8-bit,266250,37.8119,33.0726,0.98396,38.7341,0.9488,1.0971,19.6,0.1325,1.0147
a,smoke,smoke_0,smoke_0|conv_s|16,neural_conv,conv l16 16-8-8-4 D0+z0 K1 T16 16-bit,135210,34.1050,29.4628,0.96223,34.3726,0.4909,0.5589,17.9,0.2843,0.8966
a,smoke,smoke_0,smoke_0|conv_s|8,neural_conv,conv l16 16-8-8-4 D0+z0 K1 T16 8-bit,70698,34.0987,29.4571,0.96217,34.3677,0.4916,0.7539,17.9,0.2843,0.8968
a,smoke,smoke_0,smoke_0|conv_m|16,neural_conv,conv l16 32-16-8-4 D0+z0 K1 T16 16-bit,274394,35.9022,31.2362,0.97254,35.5593,0.5258,0.7806,30.1,0.1912,0.9363
a,smoke,smoke_0,smoke_0|conv_m|8,neural_conv,conv l16 32-16-8-4 D0+z0 K1 T16 8-bit,145370,35.8965,31.2303,0.97250,35.5547,0.5260,0.7638,30.1,0.1914,0.9365
a_interp,smoke,smoke_0,smoke_0|interp|bc3 0f 128px,flipbook,bc3 0f 128px,524288,35.1461,30.3790,0.97960,35.1898,0.6433,0.0000,0.0,,
a_interp,smoke,smoke_0,smoke_0|interp|bc3 0f 128px +mv32,flipbook_mv,bc3 0f 128px +mv32,589824,41.8346,37.0920,0.99251,39.7264,1.0613,0.0000,0.0,,
a_interp,smoke,smoke_0,smoke_0|interp|raw 0f 128px,flipbook,raw 0f 128px,2097152,35.6368,30.8438,0.98401,35.6368,0.6106,0.0000,0.0,,
a_interp,smoke,smoke_0,smoke_0|interp|grid_m,neural_grid,grid G32 C8 H32 L2 D0+z0 K1 T16 8-bit,134666,34.0281,29.2835,0.97053,34.8644,0.8888,0.0000,17.5,,
a,smoke,smoke_1,flipbook,flipbook_bc3,bc3 64f 128px,1048576,41.3922,36.5440,0.99181,38.8260,1.2218,0.0000,0.0,0.0363,1.0479
a,smoke,smoke_1,flipbook,flipbook_bc3,bc3 32f 128px,524288,35.7928,30.9620,0.98081,33.4430,0.6239,0.0000,0.0,0.0455,0.9317
a,smoke,smoke_1,flipbook,flipbook_bc3,bc3 16f 128px,262144,29.5634,24.8475,0.94039,30.3497,0.2107,0.0000,0.0,0.0737,0.7556
a,smoke,smoke_1,flipbook,flipbook_bc3,bc3 8f 128px,131072,24.9379,20.4108,0.86727,29.0164,0.0585,0.0000,0.0,0.0924,0.5579
a,smoke,smoke_1,flipbook,flipbook_bc3,bc3 4f 128px,65536,21.2333,16.9574,0.77599,28.4387,0.0135,0.0000,0.0,0.0855,0.3599
a,smoke,smoke_1,flipbook,flipbook_bc3,bc3 64f 64px,262144,31.9694,27.4640,0.95385,34.7009,0.5575,0.0000,0.0,0.4870,0.8722
a,smoke,smoke_1,flipbook,flipbook_bc3,bc3 32f 64px,131072,30.9304,26.4404,0.94356,32.3710,0.3387,0.0000,0.0,0.5158,0.7806
a,smoke,smoke_1,flipbook,flipbook_bc3,bc3 16f 64px,65536,28.3144,23.8875,0.91010,30.1183,0.1423,0.0000,0.0,0.5453,0.6586
a,smoke,smoke_1,flipbook,flipbook_bc3,bc3 8f 64px,32768,24.9343,20.6315,0.85024,28.9637,0.0469,0.0000,0.0,0.5571,0.5067
a,smoke,smoke_1,flipbook,flipbook_bc3,bc3 4f 64px,16384,21.5169,17.4190,0.76918,28.4255,0.0117,0.0000,0.0,0.5614,0.3364
a,smoke,smoke_1,flipbook,flipbook_bc3,bc3 64f 32px,65536,26.6609,22.5348,0.84780,30.6258,0.3553,0.0000,0.0,0.7608,0.7444
a,smoke,smoke_1,flipbook,flipbook_bc3,bc3 32f 32px,32768,26.4824,22.3611,0.84318,30.4901,0.1679,0.0000,0.0,0.7748,0.6498
a,smoke,smoke_1,flipbook,flipbook_bc3,bc3 16f 32px,16384,25.7409,21.6494,0.82611,29.5873,0.0861,0.0000,0.0,0.7923,0.5597
a,smoke,smoke_1,flipbook,flipbook_bc3,bc3 8f 32px,8192,24.0673,20.0582,0.78998,28.8266,0.0350,0.0000,0.0,0.7956,0.4518
a,smoke,smoke_1,flipbook,flipbook_bc3,bc3 4f 32px,4096,21.5175,17.6678,0.73258,28.3890,0.0098,0.0000,0.0,0.8042,0.3099
a,smoke,smoke_1,flipbook,flipbook_raw,raw 64f 64px,1048576,32.3486,27.8332,0.96079,36.0459,0.4077,0.0000,0.0,0.4985,0.8137
a,smoke,smoke_1,flipbook,flipbook_raw,raw 32f 64px,524288,31.1557,26.6655,0.94862,32.5616,0.3218,0.0000,0.0,0.5238,0.7629
a,smoke,smoke_1,flipbook,flipbook_raw,raw 16f 64px,262144,28.4176,23.9911,0.91391,30.1465,0.1403,0.0000,0.0,0.5536,0.6539
a,smoke,smoke_1,flipbook,flipbook_raw,raw 8f 64px,131072,24.9710,20.6696,0.85252,28.9690,0.0465,0.0000,0.0,0.5666,0.5057
a,smoke,smoke_1,flipbook,flipbook_raw,raw 4f 64px,65536,21.5421,17.4453,0.77076,28.4267,0.0116,0.0000,0.0,0.5692,0.3360
a,smoke,smoke_1,flipbook,flipbook_raw,raw 64f 32px,262144,26.8444,22.7006,0.85648,31.3497,0.1377,0.0000,0.0,0.7563,0.6356
a,smoke,smoke_1,flipbook,flipbook_raw,raw 32f 32px,131072,26.6203,22.4910,0.85015,30.6814,0.1398,0.0000,0.0,0.7694,0.6107
a,smoke,smoke_1,flipbook,flipbook_raw,raw 16f 32px,65536,25.8412,21.7506,0.83113,29.6300,0.0834,0.0000,0.0,0.7878,0.5496
a,smoke,smoke_1,flipbook,flipbook_raw,raw 8f 32px,32768,24.1132,20.1160,0.79243,28.8357,0.0347,0.0000,0.0,0.7952,0.4496
a,smoke,smoke_1,flipbook,flipbook_raw,raw 4f 32px,16384,21.5368,17.6954,0.73433,28.3910,0.0097,0.0000,0.0,0.8029,0.3074
a,smoke,smoke_1,flipbook,flipbook_mv,bc3 16f 128px +mv32,294912,34.2804,29.5100,0.97564,34.1840,0.7394,0.0000,0.0,0.1025,0.9450
a,smoke,smoke_1,flipbook,flipbook_mv,bc3 8f 128px +mv32,147456,26.2686,21.6300,0.89825,29.5016,0.2695,0.0000,0.0,0.1772,0.7331
a,smoke,smoke_1,flipbook,flipbook_mv,bc3 4f 128px +mv32,73728,21.2431,16.8151,0.78828,28.3034,0.0674,0.0000,0.0,0.1943,0.4935
a,smoke,smoke_1,flipbook,flipbook_mv,bc3 16f 64px +mv16,73728,30.9955,26.5059,0.94399,33.3484,0.3863,0.0000,0.0,0.5027,0.8157
a,smoke,smoke_1,flipbook,flipbook_mv,bc3 8f 64px +mv16,36864,26.9532,22.5229,0.89138,30.1902,0.1904,0.0000,0.0,0.5128,0.6858
a,smoke,smoke_1,flipbook,flipbook_mv,bc3 4f 64px +mv16,18432,21.7390,17.4448,0.78539,28.4186,0.0472,0.0000,0.0,0.5116,0.4610
a,smoke,smoke_1,smoke_1|grid_s|16,neural_grid,grid G24 C8 H16 L1 D0+z0 K1 T16 16-bit,147946,32.1213,27.4441,0.95305,32.8161,0.6084,0.6952,8.8,0.2499,0.9483
a,smoke,smoke_1,smoke_1|grid_s|8,neural_grid,grid G24 C8 H16 L1 D0+z0 K1 T16 8-bit,74730,32.1086,27.4324,0.95288,32.8120,0.6091,0.3809,8.8,0.2500,0.9485
a,smoke,smoke_1,smoke_1|grid_m|16,neural_grid,grid G32 C8 H32 L2 D0+z0 K1 T16 16-bit,265226,36.0869,31.2929,0.98141,36.5582,0.8368,1.0856,17.8,0.1375,0.9722
a,smoke,smoke_1,smoke_1|grid_m|8,neural_grid,grid G32 C8 H32 L2 D0+z0 K1 T16 8-bit,134666,36.0679,31.2743,0.98132,36.5445,0.8378,1.0636,17.8,0.1377,0.9725
a,smoke,smoke_1,smoke_1|grid_l|16,neural_grid,grid G48 C8 H32 L2 D0+z0 K1 T16 16-bit,592906,39.5478,34.7091,0.99104,38.3622,0.8696,1.1680,19.5,0.0505,0.9796
a,smoke,smoke_1,smoke_1|grid_l|8,neural_grid,grid G48 C8 H32 L2 D0+z0 K1 T16 8-bit,298506,39.4935,34.6551,0.99093,38.3380,0.8699,1.0755,19.5,0.0506,0.9798
a,smoke,smoke_1,smoke_1|grid_mt|16,neural_grid,grid G32 C8 H32 L2 D0+z0 K1 T32 16-bit,527370,37.2094,32.4069,0.98621,38.4279,0.9674,1.1186,18.9,0.1302,1.0106
a,smoke,smoke_1,smoke_1|grid_mt|8,neural_grid,grid G32 C8 H32 L2 D0+z0 K1 T32 8-bit,266250,37.1912,32.3887,0.98614,38.4054,0.9683,1.0971,18.9,0.1302,1.0112
a,smoke,smoke_1,smoke_1|conv_s|16,neural_conv,conv l16 16-8-8-4 D0+z0 K1 T16 16-bit,135210,33.0189,28.3317,0.95769,33.2055,0.5393,0.5589,20.0,0.1595,0.9099
a,smoke,smoke_1,smoke_1|conv_s|8,neural_conv,conv l16 16-8-8-4 D0+z0 K1 T16 8-bit,70698,33.0114,28.3240,0.95765,33.2019,0.5400,0.7539,20.0,0.1595,0.9103
a,smoke,smoke_1,smoke_1|conv_m|16,neural_conv,conv l16 32-16-8-4 D0+z0 K1 T16 16-bit,274394,35.2096,30.4732,0.96857,34.8452,0.5861,0.7806,29.8,0.1088,0.9487
a,smoke,smoke_1,smoke_1|conv_m|8,neural_conv,conv l16 32-16-8-4 D0+z0 K1 T16 8-bit,145370,35.2031,30.4668,0.96853,34.8394,0.5863,0.7638,29.8,0.1089,0.9488
a_interp,smoke,smoke_1,smoke_1|interp|bc3 0f 128px,flipbook,bc3 0f 128px,524288,33.4265,28.6478,0.96986,33.4430,0.6239,0.0000,0.0,,
a_interp,smoke,smoke_1,smoke_1|interp|bc3 0f 128px +mv32,flipbook_mv,bc3 0f 128px +mv32,589824,39.1997,34.4186,0.99054,37.6075,1.0778,0.0000,0.0,,
a_interp,smoke,smoke_1,smoke_1|interp|raw 0f 128px,flipbook,raw 0f 128px,2097152,33.7844,28.9971,0.97364,33.7844,0.5956,0.0000,0.0,,
a_interp,smoke,smoke_1,smoke_1|interp|grid_m,neural_grid,grid G32 C8 H32 L2 D0+z0 K1 T16 8-bit,134666,33.3466,28.5540,0.96687,34.2284,0.8765,0.0000,17.8,,
a,smoke,smoke_2,flipbook,flipbook_bc3,bc3 64f 128px,1048576,42.1084,35.9828,0.99387,39.6523,1.6038,0.0000,0.0,0.1041,1.0593
a,smoke,smoke_2,flipbook,flipbook_bc3,bc3 32f 128px,524288,39.5457,33.4461,0.99142,38.0499,1.0358,0.0000,0.0,0.0941,0.9753
a,smoke,smoke_2,flipbook,flipbook_bc3,bc3 16f 128px,262144,32.5775,26.5770,0.96824,34.2111,0.4846,0.0000,0.0,0.1117,0.8309
a,smoke,smoke_2,flipbook,flipbook_bc3,bc3 8f 128px,131072,26.7197,20.9054,0.90994,32.1237,0.1234,0.0000,0.0,0.1233,0.5972
a,smoke,smoke_2,flipbook,flipbook_bc3,bc3 4f 128px,65536,23.1814,17.5728,0.84201,31.3703,0.0272,0.0000,0.0,0.1195,0.3648
a,smoke,smoke_2,flipbook,flipbook_bc3,bc3 64f 64px,262144,34.1327,28.4068,0.96618,37.3748,0.7885,0.0000,0.0,0.5344,0.8955
a,smoke,smoke_2,flipbook,flipbook_bc3,bc3 32f 64px,131072,33.4183,27.7103,0.96227,36.5594,0.5285,0.0000,0.0,0.5766,0.8169
a,smoke,smoke_2,flipbook,flipbook_bc3,bc3 16f 64px,65536,30.8322,25.1875,0.94213,33.8960,0.3169,0.0000,0.0,0.6144,0.7128
a,smoke,smoke_2,flipbook,flipbook_bc3,bc3 8f 64px,32768,26.7405,21.2214,0.89306,32.0632,0.0955,0.0000,0.0,0.6342,0.5348
a,smoke,smoke_2,flipbook,flipbook_bc3,bc3 4f 64px,16384,23.5116,18.1304,0.83336,31.3554,0.0232,0.0000,0.0,0.6434,0.3342
a,smoke,smoke_2,flipbook,flipbook_bc3,bc3 64f 32px,65536,28.1853,22.8883,0.88030,33.2886,0.6777,0.0000,0.0,0.8379,0.7471
a,smoke,smoke_2,flipbook,flipbook_bc3,bc3 32f 32px,32768,28.0657,22.7722,0.87819,33.6387,0.2535,0.0000,0.0,0.8575,0.6525
a,smoke,smoke_2,flipbook,flipbook_bc3,bc3 16f 32px,16384,27.4571,22.2021,0.86775,32.9187,0.1599,0.0000,0.0,0.8896,0.5726
a,smoke,smoke_2,flipbook,flipbook_bc3,bc3 8f 32px,8192,25.7585,20.6028,0.83837,31.8532,0.0626,0.0000,0.0,0.9002,0.4478
a,smoke,smoke_2,flipbook,flipbook_bc3,bc3 4f 32px,4096,23.5290,18.4710,0.79774,31.3043,0.0184,0.0000,0.0,0.9365,0.2911
a,smoke,smoke_2,flipbook,flipbook_raw,raw 64f 64px,1048576,34.7096,28.9668,0.97119,39.6040,0.3920,0.0000,0.0,0.5852,0.8234
a,smoke,smoke_2,flipbook,flipbook_raw,raw 32f 64px,524288,33.8013,28.0845,0.96616,36.9806,0.4814,0.0000,0.0,0.6213,0.7943
a,smoke,smoke_2,flipbook,flipbook_raw,raw 16f 64px,262144,31.0162,25.3631,0.94523,33.9552,0.3132,0.0000,0.0,0.6630,0.7078
a,smoke,smoke_2,flipbook,flipbook_raw,raw 8f 64px,131072,26.7996,21.2743,0.89514,32.0730,0.0952,0.0000,0.0,0.6907,0.5339
a,smoke,smoke_2,flipbook,flipbook_raw,raw 4f 64px,65536,23.5291,18.1489,0.83468,31.3573,0.0230,0.0000,0.0,0.6933,0.3335
a,smoke,smoke_2,flipbook,flipbook_raw,raw 64f 32px,262144,28.4094,23.0922,0.88592,34.3384,0.1304,0.0000,0.0,0.8394,0.6198
a,smoke,smoke_2,flipbook,flipbook_raw,raw 32f 32px,131072,28.2403,22.9367,0.88279,33.9464,0.1787,0.0000,0.0,0.8556,0.6041
a,smoke,smoke_2,flipbook,flipbook_raw,raw 16f 32px,65536,27.5849,22.3226,0.87113,32.9893,0.1513,0.0000,0.0,0.8912,0.5568
a,smoke,smoke_2,flipbook,flipbook_raw,raw 8f 32px,32768,25.8397,20.6650,0.84141,31.8685,0.0624,0.0000,0.0,0.9057,0.4462
a,smoke,smoke_2,flipbook,flipbook_raw,raw 4f 32px,16384,23.5678,18.4808,0.80080,31.3080,0.0182,0.0000,0.0,0.9484,0.2900
a,smoke,smoke_2,flipbook,flipbook_mv,bc3 16f 128px +mv32,294912,39.5867,33.5312,0.99072,39.7803,1.0571,0.0000,0.0,0.0729,0.9950
a,smoke,smoke_2,flipbook,flipbook_mv,bc3 8f 128px +mv32,147456,31.1343,25.1509,0.95872,35.2678,0.5901,0.0000,0.0,0.1459,0.8469
a,smoke,smoke_2,flipbook,flipbook_mv,bc3 4f 128px +mv32,73728,23.1861,17.4229,0.85482,31.2026,0.1247,0.0000,0.0,0.1727,0.4971
a,smoke,smoke_2,flipbook,flipbook_mv,bc3 16f 64px +mv16,73728,33.9007,28.1720,0.96544,37.8379,0.4998,0.0000,0.0,0.5152,0.8524
a,smoke,smoke_2,flipbook,flipbook_mv,bc3 8f 64px +mv16,36864,31.0977,25.4212,0.94229,35.6106,0.3627,0.0000,0.0,0.5108,0.7726
a,smoke,smoke_2,flipbook,flipbook_mv,bc3 4f 64px +mv16,18432,24.5548,19.0140,0.85905,31.7178,0.1181,0.0000,0.0,0.5182,0.5293
a,smoke,smoke_2,smoke_2|grid_s|16,neural_grid,grid G24 C8 H16 L1 D0+z0 K1 T16 16-bit,147946,35.3277,29.3497,0.97480,36.9371,1.0744,0.6952,10.7,0.1158,1.0027
a,smoke,smoke_2,smoke_2|grid_s|8,neural_grid,grid G24 C8 H16 L1 D0+z0 K1 T16 8-bit,74730,35.3141,29.3378,0.97468,36.9300,1.0753,0.3809,10.7,0.1157,1.0030
a,smoke,smoke_2,smoke_2|grid_m|16,neural_grid,grid G32 C8 H32 L2 D0+z0 K1 T16 16-bit,265226,39.6338,33.5764,0.98935,41.6020,1.0134,1.0856,17.5,0.1135,1.0047
a,smoke,smoke_2,smoke_2|grid_m|8,neural_grid,grid G32 C8 H32 L2 D0+z0 K1 T16 8-bit,134666,39.6157,33.5583,0.98931,41.5898,1.0142,1.0636,17.5,0.1137,1.0048
a,smoke,smoke_2,smoke_2|grid_l|16,neural_grid,grid G48 C8 H32 L2 D0+z0 K1 T16 16-bit,592906,44.4399,38.3622,0.99612,43.5330,1.0244,1.1680,19.6,0.0402,1.0032
a,smoke,smoke_2,smoke_2|grid_l|8,neural_grid,grid G48 C8 H32 L2 D0+z0 K1 T16 8-bit,298506,44.3501,38.2726,0.99605,43.5019,1.0247,1.0755,19.6,0.0401,1.0036
a,smoke,smoke_2,smoke_2|grid_mt|16,neural_grid,grid G32 C8 H32 L2 D0+z0 K1 T32 16-bit,527370,40.3014,34.2384,0.99033,42.7761,1.0813,1.1186,18.3,0.1164,1.0184
a,smoke,smoke_2,smoke_2|grid_mt|8,neural_grid,grid G32 C8 H32 L2 D0+z0 K1 T32 8-bit,266250,40.2863,34.2237,0.99030,42.7520,1.0824,1.0971,18.3,0.1163,1.0187
a,smoke,smoke_2,smoke_2|conv_s|16,neural_conv,conv l16 16-8-8-4 D0+z0 K1 T16 16-bit,135210,36.8806,30.9097,0.97894,38.1172,0.8236,0.5589,19.0,0.2948,0.9799
a,smoke,smoke_2,smoke_2|conv_s|8,neural_conv,conv l16 16-8-8-4 D0+z0 K1 T16 8-bit,70698,36.8720,30.9008,0.97891,38.1115,0.8245,0.7539,19.0,0.2951,0.9800
a,smoke,smoke_2,smoke_2|conv_m|16,neural_conv,conv l16 32-16-8-4 D0+z0 K1 T16 16-bit,274394,39.1121,33.1005,0.98689,39.5702,0.8110,0.7806,31.1,0.1467,0.9965
a,smoke,smoke_2,smoke_2|conv_m|8,neural_conv,conv l16 32-16-8-4 D0+z0 K1 T16 8-bit,145370,39.1031,33.0916,0.98688,39.5632,0.8116,0.7638,31.1,0.1467,0.9968
a_interp,smoke,smoke_2,smoke_2|interp|bc3 0f 128px,flipbook,bc3 0f 128px,524288,37.9418,31.8848,0.98895,38.0499,1.0358,0.0000,0.0,,
a_interp,smoke,smoke_2,smoke_2|interp|bc3 0f 128px +mv32,flipbook_mv,bc3 0f 128px +mv32,589824,42.8249,36.7840,0.99526,40.2946,1.3624,0.0000,0.0,,
a_interp,smoke,smoke_2,smoke_2|interp|raw 0f 128px,flipbook,raw 0f 128px,2097152,38.9270,32.8453,0.99201,38.9270,0.9626,0.0000,0.0,,
a_interp,smoke,smoke_2,smoke_2|interp|grid_m,neural_grid,grid G32 C8 H32 L2 D0+z0 K1 T16 8-bit,134666,37.5181,31.4754,0.98463,39.2099,1.2066,0.0000,17.1,,
a,smoke,smoke_3,flipbook,flipbook_bc3,bc3 64f 128px,1048576,41.0481,36.1815,0.99142,38.5159,1.4138,0.0000,0.0,0.0458,1.0713
a,smoke,smoke_3,flipbook,flipbook_bc3,bc3 32f 128px,524288,37.4021,32.5356,0.98630,35.5155,0.7137,0.0000,0.0,0.0494,0.9404
a,smoke,smoke_3,flipbook,flipbook_bc3,bc3 16f 128px,262144,31.3544,26.5590,0.95944,32.4229,0.2549,0.0000,0.0,0.0820,0.7459
a,smoke,smoke_3,flipbook,flipbook_bc3,bc3 8f 128px,131072,26.5235,21.8664,0.90057,30.9525,0.0610,0.0000,0.0,0.1002,0.5149
a,smoke,smoke_3,flipbook,flipbook_bc3,bc3 4f 128px,65536,23.3272,18.8711,0.82358,30.4048,0.0134,0.0000,0.0,0.0959,0.3145
a,smoke,smoke_3,flipbook,flipbook_bc3,bc3 64f 64px,262144,31.5953,27.1025,0.94582,34.8349,0.5599,0.0000,0.0,0.5909,0.8252
a,smoke,smoke_3,flipbook,flipbook_bc3,bc3 32f 64px,131072,31.0411,26.5547,0.94045,33.8247,0.3071,0.0000,0.0,0.6233,0.7226
a,smoke,smoke_3,flipbook,flipbook_bc3,bc3 16f 64px,65536,29.2695,24.8230,0.91929,32.0161,0.1420,0.0000,0.0,0.6650,0.5971
a,smoke,smoke_3,flipbook,flipbook_bc3,bc3 8f 64px,32768,26.3912,22.0241,0.87389,30.8614,0.0418,0.0000,0.0,0.6744,0.4334
a,smoke,smoke_3,flipbook,flipbook_bc3,bc3 4f 64px,16384,23.7281,19.4947,0.81084,30.3814,0.0106,0.0000,0.0,0.6574,0.2746
a,smoke,smoke_3,flipbook,flipbook_bc3,bc3 64f 32px,65536,26.7376,22.6735,0.83928,31.5480,0.4292,0.0000,0.0,0.8341,0.6736
a,smoke,smoke_3,flipbook,flipbook_bc3,bc3 32f 32px,32768,26.6554,22.5912,0.83739,31.7492,0.1487,0.0000,0.0,0.8463,0.5598
a,smoke,smoke_3,flipbook,flipbook_bc3,bc3 16f 32px,16384,26.2446,22.2005,0.82790,31.2545,0.0714,0.0000,0.0,0.8694,0.4627
a,smoke,smoke_3,flipbook,flipbook_bc3,bc3 8f 32px,8192,25.1545,21.1576,0.80385,30.6617,0.0258,0.0000,0.0,0.8816,0.3492
a,smoke,smoke_3,flipbook,flipbook_bc3,bc3 4f 32px,4096,23.5616,19.6599,0.76515,30.3316,0.0083,0.0000,0.0,0.8518,0.2335
a,smoke,smoke_3,flipbook,flipbook_raw,raw 64f 64px,1048576,31.9564,27.4490,0.95205,36.1768,0.3169,0.0000,0.0,0.6133,0.7427
a,smoke,smoke_3,flipbook,flipbook_raw,raw 32f 64px,524288,31.2867,26.7933,0.94528,34.0913,0.2797,0.0000,0.0,0.6410,0.6961
a,smoke,smoke_3,flipbook,flipbook_raw,raw 16f 64px,262144,29.4085,24.9557,0.92324,32.0622,0.1387,0.0000,0.0,0.6839,0.5892
a,smoke,smoke_3,flipbook,flipbook_raw,raw 8f 64px,131072,26.4501,22.0811,0.87652,30.8704,0.0413,0.0000,0.0,0.6935,0.4314
a,smoke,smoke_3,flipbook,flipbook_raw,raw 4f 64px,65536,23.7670,19.5345,0.81269,30.3838,0.0106,0.0000,0.0,0.6823,0.2747
a,smoke,smoke_3,flipbook,flipbook_raw,raw 64f 32px,262144,26.9273,22.8196,0.84817,32.3345,0.0978,0.0000,0.0,0.8318,0.5256
a,smoke,smoke_3,flipbook,flipbook_raw,raw 32f 32px,131072,26.8074,22.7074,0.84497,31.9729,0.1031,0.0000,0.0,0.8419,0.5021
a,smoke,smoke_3,flipbook,flipbook_raw,raw 16f 32px,65536,26.3714,22.2950,0.83441,31.3088,0.0658,0.0000,0.0,0.8657,0.4443
a,smoke,smoke_3,flipbook,flipbook_raw,raw 8f 32px,32768,25.2504,21.2266,0.80965,30.6750,0.0252,0.0000,0.0,0.8791,0.3445
a,smoke,smoke_3,flipbook,flipbook_raw,raw 4f 32px,16384,23.6318,19.6927,0.77054,30.3343,0.0082,0.0000,0.0,0.8567,0.2314
a,smoke,smoke_3,flipbook,flipbook_mv,bc3 16f 128px +mv32,294912,35.1520,30.3305,0.98027,35.2259,0.6700,0.0000,0.0,0.1125,0.9101
a,smoke,smoke_3,flipbook,flipbook_mv,bc3 8f 128px +mv32,147456,28.2681,23.5304,0.92812,31.6832,0.2286,0.0000,0.0,0.1892,0.6682
a,smoke,smoke_3,flipbook,flipbook_mv,bc3 4f 128px +mv32,73728,23.9020,19.3390,0.84653,30.5165,0.0504,0.0000,0.0,0.2063,0.4147
a,smoke,smoke_3,flipbook,flipbook_mv,bc3 16f 64px +mv16,73728,30.9018,26.4116,0.93851,33.9609,0.2499,0.0000,0.0,0.6107,0.7085
a,smoke,smoke_3,flipbook,flipbook_mv,bc3 8f 64px +mv16,36864,28.0474,23.5989,0.90123,31.7964,0.1170,0.0000,0.0,0.6058,0.5709
a,smoke,smoke_3,flipbook,flipbook_mv,bc3 4f 64px +mv16,18432,24.3859,20.0488,0.83263,30.5468,0.0272,0.0000,0.0,0.5794,0.3676
a,smoke,smoke_3,smoke_3|grid_s|16,neural_grid,grid G24 C8 H16 L1 D0+z0 K1 T16 16-bit,147946,31.7861,27.0914,0.95187,33.4661,0.6213,0.6952,9.4,0.2500,0.9112
a,smoke,smoke_3,smoke_3|grid_s|8,neural_grid,grid G24 C8 H16 L1 D0+z0 K1 T16 8-bit,74730,31.7760,27.0821,0.95167,33.4592,0.6219,0.3809,9.4,0.2500,0.9122
a,smoke,smoke_3,smoke_3|grid_m|16,neural_grid,grid G32 C8 H32 L2 D0+z0 K1 T16 16-bit,265226,35.3774,30.5753,0.97907,36.2114,0.7664,1.0856,16.6,0.1379,0.9755
a,smoke,smoke_3,smoke_3|grid_m|8,neural_grid,grid G32 C8 H32 L2 D0+z0 K1 T16 8-bit,134666,35.3612,30.5597,0.97896,36.2012,0.7666,1.0636,16.6,0.1378,0.9759
a,smoke,smoke_3,smoke_3|grid_l|16,neural_grid,grid G48 C8 H32 L2 D0+z0 K1 T16 16-bit,592906,39.2633,34.4140,0.99014,37.9205,0.8041,1.1680,19.3,0.0583,0.9791
a,smoke,smoke_3,smoke_3|grid_l|8,neural_grid,grid G48 C8 H32 L2 D0+z0 K1 T16 8-bit,298506,39.2185,34.3696,0.99004,37.9025,0.8046,1.0755,19.3,0.0585,0.9795
a,smoke,smoke_3,smoke_3|grid_mt|16,neural_grid,grid G32 C8 H32 L2 D0+z0 K1 T32 16-bit,527370,36.3638,31.5558,0.98198,37.8248,0.9449,1.1186,19.8,0.1291,1.0215
a,smoke,smoke_3,smoke_3|grid_mt|8,neural_grid,grid G32 C8 H32 L2 D0+z0 K1 T32 8-bit,266250,36.3473,31.5396,0.98191,37.8051,0.9469,1.0971,19.8,0.1290,1.0224
a,smoke,smoke_3,smoke_3|conv_s|16,neural_conv,conv l16 16-8-8-4 D0+z0 K1 T16 16-bit,135210,32.9535,28.2415,0.95696,33.8396,0.4812,0.5589,18.7,0.2878,0.8825
a,smoke,smoke_3,smoke_3|conv_s|8,neural_conv,conv l16 16-8-8-4 D0+z0 K1 T16 8-bit,70698,32.9473,28.2354,0.95689,33.8363,0.4817,0.7539,18.7,0.2878,0.8826
a,smoke,smoke_3,smoke_3|conv_m|16,neural_conv,conv l16 32-16-8-4 D0+z0 K1 T16 16-bit,274394,34.9191,30.1550,0.96990,35.1959,0.5110,0.7806,30.5,0.2023,0.9208
a,smoke,smoke_3,smoke_3|conv_m|8,neural_conv,conv l16 32-16-8-4 D0+z0 K1 T16 8-bit,145370,34.9135,30.1496,0.96985,35.1918,0.5114,0.7638,30.5,0.2022,0.9210
a_interp,smoke,smoke_3,smoke_3|interp|bc3 0f 128px,flipbook,bc3 0f 128px,524288,35.4498,30.6078,0.98117,35.5155,0.7137,0.0000,0.0,,
a_interp,smoke,smoke_3,smoke_3|interp|bc3 0f 128px +mv32,flipbook_mv,bc3 0f 128px +mv32,589824,39.1236,34.2964,0.99058,37.6993,1.1412,0.0000,0.0,,
a_interp,smoke,smoke_3,smoke_3|interp|raw 0f 128px,flipbook,raw 0f 128px,2097152,36.1316,31.2597,0.98565,36.1316,0.6626,0.0000,0.0,,
a_interp,smoke,smoke_3,smoke_3|interp|grid_m,neural_grid,grid G32 C8 H32 L2 D0+z0 K1 T16 8-bit,134666,33.3310,28.5234,0.96802,34.5342,0.9694,0.0000,17.3,,
a,explosion,explosion_0,flipbook,flipbook_bc3,bc3 64f 128px,1048576,41.4703,36.2795,0.99148,39.4886,1.1120,0.0000,0.0,0.1295,1.0187
a,explosion,explosion_0,flipbook,flipbook_bc3,bc3 32f 128px,524288,35.8968,30.7499,0.98503,33.6187,0.5801,0.0000,0.0,0.1192,0.9773
a,explosion,explosion_0,flipbook,flipbook_bc3,bc3 16f 128px,262144,29.5233,24.5221,0.95479,30.5072,0.2277,0.0000,0.0,0.1255,0.9133
a,explosion,explosion_0,flipbook,flipbook_bc3,bc3 8f 128px,131072,23.7807,19.1019,0.88548,28.8536,0.0568,0.0000,0.0,0.1316,0.8139
a,explosion,explosion_0,flipbook,flipbook_bc3,bc3 4f 128px,65536,18.4300,14.3586,0.77376,28.0411,0.0115,0.0000,0.0,0.1454,0.6316
a,explosion,explosion_0,flipbook,flipbook_bc3,bc3 64f 64px,262144,34.1695,29.1719,0.97498,35.9806,0.5511,0.0000,0.0,0.4204,0.9650
a,explosion,explosion_0,flipbook,flipbook_bc3,bc3 32f 64px,131072,32.5652,27.6005,0.96788,32.9774,0.3598,0.0000,0.0,0.4776,0.9246
a,explosion,explosion_0,flipbook,flipbook_bc3,bc3 16f 64px,65536,28.8696,24.0278,0.94106,30.3961,0.1777,0.0000,0.0,0.5236,0.8778
a,explosion,explosion_0,flipbook,flipbook_bc3,bc3 8f 64px,32768,23.8686,19.3293,0.87819,28.8333,0.0513,0.0000,0.0,0.5502,0.7970
a,explosion,explosion_0,flipbook,flipbook_bc3,bc3 4f 64px,16384,18.5568,14.5918,0.77186,28.0373,0.0112,0.0000,0.0,0.6704,0.6264
a,explosion,explosion_0,flipbook,flipbook_bc3,bc3 64f 32px,65536,28.8636,24.2054,0.92145,31.6457,0.3741,0.0000,0.0,0.5403,0.9387
a,explosion,explosion_0,flipbook,flipbook_bc3,bc3 32f 32px,32768,28.4840,23.8420,0.91682,31.2725,0.1934,0.0000,0.0,0.5684,0.8781
a,explosion,explosion_0,flipbook,flipbook_bc3,bc3 16f 32px,16384,27.0207,22.4786,0.89865,29.9896,0.1151,0.0000,0.0,0.6087,0.8322
a,explosion,explosion_0,flipbook,flipbook_bc3,bc3 8f 32px,8192,23.6505,19.3887,0.84884,28.7671,0.0428,0.0000,0.0,0.6178,0.7724
a,explosion,explosion_0,flipbook,flipbook_bc3,bc3 4f 32px,4096,18.6873,14.9346,0.75622,28.0257,0.0107,0.0000,0.0,0.7917,0.6149
a,explosion,explosion_0,flipbook,flipbook_raw,raw 64f 64px,1048576,35.0489,30.0236,0.98514,37.9875,0.4467,0.0000,0.0,0.5190,0.9350
a,explosion,explosion_0,flipbook,flipbook_raw,raw 32f 64px,524288,33.0185,28.0407,0.97637,33.2380,0.3530,0.0000,0.0,0.5661,0.9190
a,explosion,explosion_0,flipbook,flipbook_raw,raw 16f 64px,262144,29.0033,24.1538,0.94769,30.4325,0.1771,0.0000,0.0,0.6066,0.8781
a,explosion,explosion_0,flipbook,flipbook_raw,raw 8f 64px,131072,23.8960,19.3551,0.88255,28.8385,0.0513,0.0000,0.0,0.6444,0.7984
a,explosion,explosion_0,flipbook,flipbook_raw,raw 4f 64px,65536,18.5599,14.5975,0.77416,28.0381,0.0112,0.0000,0.0,0.7916,0.6273
a,explosion,explosion_0,flipbook,flipbook_raw,raw 64f 32px,262144,29.2568,24.5360,0.93385,32.5067,0.1630,0.0000,0.0,0.5458,0.8628
a,explosion,explosion_0,flipbook,flipbook_raw,raw 32f 32px,131072,28.7837,24.1014,0.92760,31.5013,0.1674,0.0000,0.0,0.5714,0.8539
a,explosion,explosion_0,flipbook,flipbook_raw,raw 16f 32px,65536,27.2135,22.6460,0.90712,30.0412,0.1128,0.0000,0.0,0.6078,0.8287
a,explosion,explosion_0,flipbook,flipbook_raw,raw 8f 32px,32768,23.7309,19.4447,0.85561,28.7748,0.0426,0.0000,0.0,0.6309,0.7724
a,explosion,explosion_0,flipbook,flipbook_raw,raw 4f 32px,16384,18.7042,14.9445,0.75923,28.0277,0.0107,0.0000,0.0,0.8039,0.6163
a,explosion,explosion_0,flipbook,flipbook_mv,bc3 16f 128px +mv32,294912,36.1444,31.0158,0.98675,35.1413,0.5775,0.0000,0.0,0.0745,0.9910
a,explosion,explosion_0,flipbook,flipbook_mv,bc3 8f 128px +mv32,147456,27.5601,22.6764,0.94172,30.5644,0.2343,0.0000,0.0,0.1258,0.9115
a,explosion,explosion_0,flipbook,flipbook_mv,bc3 4f 128px +mv32,73728,19.3549,15.0021,0.81702,28.2194,0.0445,0.0000,0.0,0.1752,0.6848
a,explosion,explosion_0,flipbook,flipbook_mv,bc3 16f 64px +mv16,73728,33.2731,28.2698,0.97302,34.7012,0.3355,0.0000,0.0,0.4335,0.9351
a,explosion,explosion_0,flipbook,flipbook_mv,bc3 8f 64px +mv16,36864,28.5609,23.6985,0.94477,31.0093,0.1630,0.0000,0.0,0.4529,0.8875
a,explosion,explosion_0,flipbook,flipbook_mv,bc3 4f 64px +mv16,18432,19.8922,15.5256,0.83051,28.3800,0.0536,0.0000,0.0,0.5227,0.7071
a,explosion,explosion_0,explosion_0|grid_s|16,neural_grid,grid G24 C8 H16 L1 D0+z0 K1 T16 16-bit,147946,33.8106,28.7934,0.97017,36.0693,0.5473,0.6952,7.1,0.1864,1.0066
a,explosion,explosion_0,explosion_0|grid_s|8,neural_grid,grid G24 C8 H16 L1 D0+z0 K1 T16 8-bit,74730,33.8037,28.7880,0.96956,36.0636,0.5474,0.3809,7.1,0.1865,1.0088
a,explosion,explosion_0,explosion_0|grid_m|16,neural_grid,grid G32 C8 H32 L2 D0+z0 K1 T16 16-bit,265226,37.3099,32.1437,0.99072,42.6453,0.9560,1.0856,17.3,0.1289,0.9998
a,explosion,explosion_0,explosion_0|grid_m|8,neural_grid,grid G32 C8 H32 L2 D0+z0 K1 T16 8-bit,134666,37.2990,32.1331,0.99066,42.6274,0.9560,1.0636,17.3,0.1289,1.0000
a,explosion,explosion_0,explosion_0|grid_l|16,neural_grid,grid G48 C8 H32 L2 D0+z0 K1 T16 16-bit,592906,45.0395,39.8847,0.99544,44.1581,0.9893,1.1680,19.5,0.0183,1.0002
a,explosion,explosion_0,explosion_0|grid_l|8,neural_grid,grid G48 C8 H32 L2 D0+z0 K1 T16 8-bit,298506,44.9689,39.8141,0.99535,44.1362,0.9892,1.0755,19.5,0.0184,1.0004
a,explosion,explosion_0,explosion_0|grid_mt|16,neural_grid,grid G32 C8 H32 L2 D0+z0 K1 T32 16-bit,527370,37.4352,32.2537,0.99149,43.1804,0.9766,1.1186,18.1,0.1292,1.0106
a,explosion,explosion_0,explosion_0|grid_mt|8,neural_grid,grid G32 C8 H32 L2 D0+z0 K1 T32 8-bit,266250,37.4283,32.2470,0.99144,43.1615,0.9764,1.0971,18.1,0.1292,1.0110
a,explosion,explosion_0,explosion_0|conv_s|16,neural_conv,conv l16 16-8-8-4 D0+z0 K1 T16 16-bit,135210,37.1659,32.0643,0.97554,38.4151,0.7996,0.5589,18.3,0.1926,0.9982
a,explosion,explosion_0,explosion_0|conv_s|8,neural_conv,conv l16 16-8-8-4 D0+z0 K1 T16 8-bit,70698,37.1592,32.0576,0.97550,38.4116,0.7996,0.7539,18.3,0.1927,0.9984
a,explosion,explosion_0,explosion_0|conv_m|16,neural_conv,conv l16 32-16-8-4 D0+z0 K1 T16 16-bit,274394,38.2686,33.1122,0.98275,39.5050,0.8535,0.7806,32.5,0.1687,0.9882
a,explosion,explosion_0,explosion_0|conv_m|8,neural_conv,conv l16 32-16-8-4 D0+z0 K1 T16 8-bit,145370,38.2625,33.1062,0.98272,39.5000,0.8536,0.7638,32.5,0.1687,0.9882
a_interp,explosion,explosion_0,explosion_0|interp|bc3 0f 128px,flipbook,bc3 0f 128px,524288,33.6659,28.5900,0.97937,33.6566,0.5881,0.0000,0.0,,
a_interp,explosion,explosion_0,explosion_0|interp|bc3 0f 128px +mv32,flipbook_mv,bc3 0f 128px +mv32,589824,40.8282,35.6884,0.99379,39.0446,0.9747,0.0000,0.0,,
a_interp,explosion,explosion_0,explosion_0|interp|raw 0f 128px,flipbook,raw 0f 128px,2097152,33.9913,28.9115,0.98379,33.9823,0.5778,0.0000,0.0,,
a_interp,explosion,explosion_0,explosion_0|interp|grid_m,neural_grid,grid G32 C8 H32 L2 D0+z0 K1 T16 8-bit,134666,36.2003,31.0718,0.98747,40.3855,0.9124,0.0000,17.4,,
a,explosion,explosion_1,flipbook,flipbook_bc3,bc3 64f 128px,1048576,40.6517,37.9571,0.98768,38.5075,1.0232,0.0000,0.0,0.0396,1.0123
a,explosion,explosion_1,flipbook,flipbook_bc3,bc3 32f 128px,524288,30.7911,28.1512,0.96602,28.0091,0.4033,0.0000,0.0,0.0495,0.9685
a,explosion,explosion_1,flipbook,flipbook_bc3,bc3 16f 128px,262144,25.1663,22.6930,0.90755,25.4386,0.1195,0.0000,0.0,0.0612,0.9079
a,explosion,explosion_1,flipbook,flipbook_bc3,bc3 8f 128px,131072,20.4325,18.2990,0.80294,24.2902,0.0279,0.0000,0.0,0.0894,0.8358
a,explosion,explosion_1,flipbook,flipbook_bc3,bc3 4f 128px,65536,15.3794,13.8251,0.64136,23.7111,0.0056,0.0000,0.0,0.1617,0.6664
a,explosion,explosion_1,flipbook,flipbook_bc3,bc3 64f 64px,262144,33.2339,30.6924,0.96465,33.4849,0.5948,0.0000,0.0,0.2085,0.9714
a,explosion,explosion_1,flipbook,flipbook_bc3,bc3 32f 64px,131072,29.5609,27.0682,0.94417,27.7199,0.2965,0.0000,0.0,0.2422,0.9339
a,explosion,explosion_1,flipbook,flipbook_bc3,bc3 16f 64px,65536,25.1182,22.7755,0.89144,25.3879,0.1026,0.0000,0.0,0.2767,0.8862
a,explosion,explosion_1,flipbook,flipbook_bc3,bc3 8f 64px,32768,20.5660,18.5368,0.79513,24.2790,0.0261,0.0000,0.0,0.3054,0.8258
a,explosion,explosion_1,flipbook,flipbook_bc3,bc3 4f 64px,16384,15.4709,13.9944,0.63995,23.7091,0.0056,0.0000,0.0,0.4296,0.6633
a,explosion,explosion_1,flipbook,flipbook_bc3,bc3 64f 32px,65536,28.3081,26.0004,0.90174,28.6507,0.3283,0.0000,0.0,0.2805,0.9465
a,explosion,explosion_1,flipbook,flipbook_bc3,bc3 32f 32px,32768,27.1633,24.8920,0.88799,26.8499,0.1838,0.0000,0.0,0.3029,0.8999
a,explosion,explosion_1,flipbook,flipbook_bc3,bc3 16f 32px,16384,24.5681,22.4244,0.84883,25.2416,0.0793,0.0000,0.0,0.3343,0.8623
a,explosion,explosion_1,flipbook,flipbook_bc3,bc3 8f 32px,8192,20.6427,18.7812,0.76904,24.2517,0.0234,0.0000,0.0,0.3657,0.8124
a,explosion,explosion_1,flipbook,flipbook_bc3,bc3 4f 32px,4096,15.5838,14.2429,0.62692,23.7048,0.0054,0.0000,0.0,0.5136,0.6585
a,explosion,explosion_1,flipbook,flipbook_raw,raw 64f 64px,1048576,34.0945,31.5361,0.97753,34.9816,0.5754,0.0000,0.0,0.2265,0.9526
a,explosion,explosion_1,flipbook,flipbook_raw,raw 32f 64px,524288,29.7934,27.2947,0.95428,27.8172,0.2958,0.0000,0.0,0.2562,0.9296
a,explosion,explosion_1,flipbook,flipbook_raw,raw 16f 64px,262144,25.1727,22.8237,0.89892,25.4012,0.1025,0.0000,0.0,0.2914,0.8863
a,explosion,explosion_1,flipbook,flipbook_raw,raw 8f 64px,131072,20.5748,18.5449,0.79987,24.2813,0.0261,0.0000,0.0,0.3211,0.8262
a,explosion,explosion_1,flipbook,flipbook_raw,raw 4f 64px,65536,15.4752,13.9991,0.64359,23.7093,0.0056,0.0000,0.0,0.4493,0.6658
a,explosion,explosion_1,flipbook,flipbook_raw,raw 64f 32px,262144,28.7217,26.3767,0.91722,29.2356,0.2653,0.0000,0.0,0.2887,0.8999
a,explosion,explosion_1,flipbook,flipbook_raw,raw 32f 32px,131072,27.4149,25.1217,0.90086,26.9634,0.1773,0.0000,0.0,0.3090,0.8869
a,explosion,explosion_1,flipbook,flipbook_raw,raw 16f 32px,65536,24.6700,22.5092,0.85900,25.2607,0.0786,0.0000,0.0,0.3395,0.8589
a,explosion,explosion_1,flipbook,flipbook_raw,raw 8f 32px,32768,20.6764,18.8025,0.77576,24.2551,0.0233,0.0000,0.0,0.3733,0.8125
a,explosion,explosion_1,flipbook,flipbook_raw,raw 4f 32px,16384,15.5907,14.2347,0.63080,23.7048,0.0054,0.0000,0.0,0.5192,0.6598
a,explosion,explosion_1,flipbook,flipbook_mv,bc3 16f 128px +mv32,294912,29.9152,27.3228,0.96175,28.5816,0.4154,0.0000,0.0,0.0583,0.9697
a,explosion,explosion_1,flipbook,flipbook_mv,bc3 8f 128px +mv32,147456,23.1743,20.8277,0.88066,25.3034,0.1631,0.0000,0.0,0.1027,0.9006
a,explosion,explosion_1,flipbook,flipbook_mv,bc3 4f 128px +mv32,73728,15.9255,14.1042,0.69296,23.6645,0.0276,0.0000,0.0,0.2040,0.7001
a,explosion,explosion_1,flipbook,flipbook_mv,bc3 16f 64px +mv16,73728,30.3170,27.8117,0.95016,29.1338,0.2995,0.0000,0.0,0.2302,0.9404
a,explosion,explosion_1,flipbook,flipbook_mv,bc3 8f 64px +mv16,36864,23.9872,21.6842,0.88584,25.6587,0.1285,0.0000,0.0,0.2665,0.8965
a,explosion,explosion_1,flipbook,flipbook_mv,bc3 4f 64px +mv16,18432,16.4149,14.5586,0.71882,23.7907,0.0293,0.0000,0.0,0.3726,0.7149
a,explosion,explosion_1,explosion_1|grid_s|16,neural_grid,grid G24 C8 H16 L1 D0+z0 K1 T16 16-bit,147946,32.1127,29.6827,0.93593,31.8636,0.5098,0.6952,6.8,0.1484,1.0220
a,explosion,explosion_1,explosion_1|grid_s|8,neural_grid,grid G24 C8 H16 L1 D0+z0 K1 T16 8-bit,74730,32.1036,29.6774,0.93459,31.8615,0.5099,0.3809,6.8,0.1483,1.0234
a,explosion,explosion_1,explosion_1|grid_m|16,neural_grid,grid G32 C8 H32 L2 D0+z0 K1 T16 16-bit,265226,36.4057,33.7325,0.98174,39.2958,0.9614,1.0856,17.3,0.1138,1.0085
a,explosion,explosion_1,explosion_1|grid_m|8,neural_grid,grid G32 C8 H32 L2 D0+z0 K1 T16 8-bit,134666,36.3862,33.7133,0.98157,39.2724,0.9613,1.0636,17.3,0.1138,1.0086
a,explosion,explosion_1,explosion_1|grid_l|16,neural_grid,grid G48 C8 H32 L2 D0+z0 K1 T16 16-bit,592906,40.6480,37.9850,0.98827,40.8398,0.9808,1.1680,19.9,0.0403,1.0073
a,explosion,explosion_1,explosion_1|grid_l|8,neural_grid,grid G48 C8 H32 L2 D0+z0 K1 T16 8-bit,298506,40.5834,37.9205,0.98795,40.7955,0.9806,1.0755,19.9,0.0403,1.0078
a,explosion,explosion_1,explosion_1|grid_mt|16,neural_grid,grid G32 C8 H32 L2 D0+z0 K1 T32 16-bit,527370,36.6398,33.9548,0.98414,39.7735,0.9638,1.1186,19.8,0.1164,1.0129
a,explosion,explosion_1,explosion_1|grid_mt|8,neural_grid,grid G32 C8 H32 L2 D0+z0 K1 T32 8-bit,266250,36.6310,33.9460,0.98404,39.7602,0.9638,1.0971,19.8,0.1162,1.0132
a,explosion,explosion_1,explosion_1|conv_s|16,neural_conv,conv l16 16-8-8-4 D0+z0 K1 T16 16-bit,135210,35.0644,32.4602,0.94998,35.3968,0.8279,0.5589,18.4,0.0970,0.9950
a,explosion,explosion_1,explosion_1|conv_s|8,neural_conv,conv l16 16-8-8-4 D0+z0 K1 T16 8-bit,70698,35.0566,32.4524,0.94992,35.3917,0.8279,0.7539,18.4,0.0969,0.9952
a,explosion,explosion_1,explosion_1|conv_m|16,neural_conv,conv l16 32-16-8-4 D0+z0 K1 T16 16-bit,274394,36.5334,33.8919,0.96846,36.2151,0.8428,0.7806,31.6,0.0440,0.9962
a,explosion,explosion_1,explosion_1|conv_m|8,neural_conv,conv l16 32-16-8-4 D0+z0 K1 T16 8-bit,145370,36.5272,33.8859,0.96841,36.2110,0.8426,0.7638,31.6,0.0439,0.9962
a_interp,explosion,explosion_1,explosion_1|interp|bc3 0f 128px,flipbook,bc3 0f 128px,524288,28.1346,25.5704,0.94609,28.0546,0.4091,0.0000,0.0,,
a_interp,explosion,explosion_1,explosion_1|interp|bc3 0f 128px +mv32,flipbook_mv,bc3 0f 128px +mv32,589824,35.8202,33.1808,0.98467,34.9218,0.8046,0.0000,0.0,,
a_interp,explosion,explosion_1,explosion_1|interp|raw 0f 128px,flipbook,raw 0f 128px,2097152,28.2104,25.6479,0.95181,28.1595,0.4066,0.0000,0.0,,
a_interp,explosion,explosion_1,explosion_1|interp|grid_m,neural_grid,grid G32 C8 H32 L2 D0+z0 K1 T16 8-bit,134666,31.9077,29.2638,0.96751,32.8802,0.7924,0.0000,18.0,,
a,explosion,explosion_2,flipbook,flipbook_bc3,bc3 64f 128px,1048576,44.0461,35.3086,0.99540,42.2132,1.5116,0.0000,0.0,0.3187,1.0236
a,explosion,explosion_2,flipbook,flipbook_bc3,bc3 32f 128px,524288,41.7845,33.0878,0.99451,40.6305,0.8196,0.0000,0.0,0.2838,0.9878
a,explosion,explosion_2,flipbook,flipbook_bc3,bc3 16f 128px,262144,35.5648,27.0070,0.98481,37.2847,0.4485,0.0000,0.0,0.2930,0.9423
a,explosion,explosion_2,flipbook,flipbook_bc3,bc3 8f 128px,131072,28.5739,20.3618,0.94747,34.9035,0.1535,0.0000,0.0,0.3090,0.8396
a,explosion,explosion_2,flipbook,flipbook_bc3,bc3 4f 128px,65536,22.2511,14.7668,0.87995,33.5716,0.0281,0.0000,0.0,0.3176,0.6077
a,explosion,explosion_2,flipbook,flipbook_bc3,bc3 64f 64px,262144,38.9303,30.4384,0.98768,39.9661,0.7987,0.0000,0.0,0.4398,0.9815
a,explosion,explosion_2,flipbook,flipbook_bc3,bc3 32f 64px,131072,37.9413,29.4713,0.98602,39.4670,0.4535,0.0000,0.0,0.5073,0.9348
a,explosion,explosion_2,flipbook,flipbook_bc3,bc3 16f 64px,65536,34.5263,26.1798,0.97647,37.0558,0.3207,0.0000,0.0,0.5639,0.8961
a,explosion,explosion_2,flipbook,flipbook_bc3,bc3 8f 64px,32768,28.7270,20.6854,0.94353,34.8716,0.1351,0.0000,0.0,0.5833,0.8151
a,explosion,explosion_2,flipbook,flipbook_bc3,bc3 4f 64px,16384,22.4545,15.0949,0.87906,33.5667,0.0275,0.0000,0.0,0.5936,0.6021
a,explosion,explosion_2,flipbook,flipbook_bc3,bc3 64f 32px,65536,32.4586,24.4644,0.95773,36.2002,0.9226,0.0000,0.0,0.8767,0.9684
a,explosion,explosion_2,flipbook,flipbook_bc3,bc3 32f 32px,32768,32.2671,24.2750,0.95600,36.8676,0.2771,0.0000,0.0,0.9082,0.8857
a,explosion,explosion_2,flipbook,flipbook_bc3,bc3 16f 32px,16384,31.2820,23.3929,0.94988,36.1662,0.1877,0.0000,0.0,0.9633,0.8377
a,explosion,explosion_2,flipbook,flipbook_bc3,bc3 8f 32px,8192,28.1333,20.5178,0.92490,34.7215,0.1024,0.0000,0.0,1.0056,0.7749
a,explosion,explosion_2,flipbook,flipbook_bc3,bc3 4f 32px,4096,22.6514,15.6311,0.86986,33.5477,0.0259,0.0000,0.0,1.0042,0.5850
a,explosion,explosion_2,flipbook,flipbook_raw,raw 64f 64px,1048576,40.7161,32.1863,0.99366,42.8761,0.3554,0.0000,0.0,0.6138,0.9364
a,explosion,explosion_2,flipbook,flipbook_raw,raw 32f 64px,524288,39.0486,30.5578,0.99124,40.1292,0.4107,0.0000,0.0,0.6819,0.9271
a,explosion,explosion_2,flipbook,flipbook_raw,raw 16f 64px,262144,34.9151,26.5498,0.98089,37.1565,0.3182,0.0000,0.0,0.7468,0.8988
a,explosion,explosion_2,flipbook,flipbook_raw,raw 8f 64px,131072,28.7902,20.7540,0.94616,34.8849,0.1351,0.0000,0.0,0.7716,0.8181
a,explosion,explosion_2,flipbook,flipbook_raw,raw 4f 64px,65536,22.4544,15.1006,0.88008,33.5682,0.0275,0.0000,0.0,0.7641,0.6016
a,explosion,explosion_2,flipbook,flipbook_raw,raw 64f 32px,262144,33.0204,24.9259,0.96428,37.7818,0.1261,0.0000,0.0,0.9023,0.8515
a,explosion,explosion_2,flipbook,flipbook_raw,raw 32f 32px,131072,32.7377,24.6750,0.96232,37.3660,0.1767,0.0000,0.0,0.9319,0.8461
a,explosion,explosion_2,flipbook,flipbook_raw,raw 16f 32px,65536,31.6063,23.6535,0.95469,36.2875,0.1769,0.0000,0.0,1.0022,0.8304
a,explosion,explosion_2,flipbook,flipbook_raw,raw 8f 32px,32768,28.2730,20.6070,0.92861,34.7444,0.1023,0.0000,0.0,1.0541,0.7748
a,explosion,explosion_2,flipbook,flipbook_raw,raw 4f 32px,16384,22.6873,15.6410,0.87100,33.5509,0.0259,0.0000,0.0,1.0353,0.5873
a,explosion,explosion_2,flipbook,flipbook_mv,bc3 16f 128px +mv32,294912,43.3872,34.6752,0.99618,42.5309,0.7803,0.0000,0.0,0.1764,0.9930
a,explosion,explosion_2,flipbook,flipbook_mv,bc3 8f 128px +mv32,147456,34.7502,26.1781,0.98602,38.1186,0.4143,0.0000,0.0,0.1765,0.9473
a,explosion,explosion_2,flipbook,flipbook_mv,bc3 4f 128px +mv32,73728,24.2575,16.3576,0.92050,34.4227,0.1276,0.0000,0.0,0.2145,0.7143
a,explosion,explosion_2,flipbook,flipbook_mv,bc3 16f 64px +mv16,73728,38.7989,30.2766,0.98859,40.8840,0.3939,0.0000,0.0,0.3592,0.9401
a,explosion,explosion_2,flipbook,flipbook_mv,bc3 8f 64px +mv16,36864,34.7856,26.2866,0.98313,38.3184,0.2746,0.0000,0.0,0.3306,0.9230
a,explosion,explosion_2,flipbook,flipbook_mv,bc3 4f 64px +mv16,18432,25.4218,17.3939,0.93569,34.8151,0.1142,0.0000,0.0,0.3218,0.7477
a,explosion,explosion_2,explosion_2|grid_s|16,neural_grid,grid G24 C8 H16 L1 D0+z0 K1 T16 16-bit,147946,41.9604,33.3413,0.99061,42.7966,0.7403,0.6952,7.1,0.0390,1.0128
a,explosion,explosion_2,explosion_2|grid_s|8,neural_grid,grid G24 C8 H16 L1 D0+z0 K1 T16 8-bit,74730,41.9484,33.3330,0.99041,42.7929,0.7406,0.3809,7.1,0.0388,1.0152
a,explosion,explosion_2,explosion_2|grid_m|16,neural_grid,grid G32 C8 H32 L2 D0+z0 K1 T16 16-bit,265226,49.2030,40.4863,0.99800,49.2886,0.9711,1.0856,17.9,0.0355,1.0017
a,explosion,explosion_2,explosion_2|grid_m|8,neural_grid,grid G32 C8 H32 L2 D0+z0 K1 T16 8-bit,134666,49.1664,40.4492,0.99799,49.2778,0.9713,1.0636,17.9,0.0348,1.0018
a,explosion,explosion_2,explosion_2|grid_l|16,neural_grid,grid G48 C8 H32 L2 D0+z0 K1 T16 16-bit,592906,51.3139,42.6161,0.99874,50.3006,1.0036,1.1680,20.2,0.0173,1.0042
a,explosion,explosion_2,explosion_2|grid_l|8,neural_grid,grid G48 C8 H32 L2 D0+z0 K1 T16 8-bit,298506,51.2721,42.5735,0.99873,50.2885,1.0037,1.0755,20.2,0.0177,1.0043
a,explosion,explosion_2,explosion_2|grid_mt|16,neural_grid,grid G32 C8 H32 L2 D0+z0 K1 T32 16-bit,527370,49.3446,40.6333,0.99805,49.3568,1.0078,1.1186,18.9,0.0197,1.0040
a,explosion,explosion_2,explosion_2|grid_mt|8,neural_grid,grid G32 C8 H32 L2 D0+z0 K1 T32 8-bit,266250,49.3189,40.6076,0.99804,49.3411,1.0073,1.0971,18.9,0.0196,1.0042
a,explosion,explosion_2,explosion_2|conv_s|16,neural_conv,conv l16 16-8-8-4 D0+z0 K1 T16 16-bit,135210,42.5007,33.8026,0.99185,43.6910,0.7774,0.5589,18.4,0.2687,0.9968
a,explosion,explosion_2,explosion_2|conv_s|8,neural_conv,conv l16 16-8-8-4 D0+z0 K1 T16 8-bit,70698,42.4941,33.7955,0.99184,43.6869,0.7779,0.7539,18.4,0.2679,0.9968
a,explosion,explosion_2,explosion_2|conv_m|16,neural_conv,conv l16 32-16-8-4 D0+z0 K1 T16 16-bit,274394,44.1216,35.4055,0.99428,44.6104,0.7958,0.7806,34.4,0.2133,0.9987
a,explosion,explosion_2,explosion_2|conv_m|8,neural_conv,conv l16 32-16-8-4 D0+z0 K1 T16 8-bit,145370,44.1139,35.3976,0.99428,44.6022,0.7959,0.7638,34.4,0.2128,0.9988
a_interp,explosion,explosion_2,explosion_2|interp|bc3 0f 128px,flipbook,bc3 0f 128px,524288,40.2736,31.6416,0.99362,40.5843,0.8310,0.0000,0.0,,
a_interp,explosion,explosion_2,explosion_2|interp|bc3 0f 128px +mv32,flipbook_mv,bc3 0f 128px +mv32,589824,45.4700,36.7769,0.99720,43.1188,1.1797,0.0000,0.0,,
a_interp,explosion,explosion_2,explosion_2|interp|raw 0f 128px,flipbook,raw 0f 128px,2097152,41.4369,32.8026,0.99630,41.5276,0.7931,0.0000,0.0,,
a_interp,explosion,explosion_2,explosion_2|interp|grid_m,neural_grid,grid G32 C8 H32 L2 D0+z0 K1 T16 8-bit,134666,47.3962,38.6995,0.99751,47.8594,0.9826,0.0000,17.5,,
a,explosion,explosion_3,flipbook,flipbook_bc3,bc3 64f 128px,1048576,40.1893,36.5070,0.98871,38.0375,1.0662,0.0000,0.0,0.0847,1.0194
a,explosion,explosion_3,flipbook,flipbook_bc3,bc3 32f 128px,524288,32.9100,29.2704,0.97584,30.3355,0.4667,0.0000,0.0,0.0784,0.9709
a,explosion,explosion_3,flipbook,flipbook_bc3,bc3 16f 128px,262144,27.0015,23.5149,0.93150,27.5705,0.1525,0.0000,0.0,0.0953,0.9033
a,explosion,explosion_3,flipbook,flipbook_bc3,bc3 8f 128px,131072,21.9271,18.7631,0.83919,26.2490,0.0363,0.0000,0.0,0.1213,0.8059
a,explosion,explosion_3,flipbook,flipbook_bc3,bc3 4f 128px,65536,16.7430,14.0993,0.69611,25.5875,0.0072,0.0000,0.0,0.1314,0.6115
a,explosion,explosion_3,flipbook,flipbook_bc3,bc3 64f 64px,262144,31.8823,28.4150,0.96190,33.6444,0.5505,0.0000,0.0,0.3500,0.9521
a,explosion,explosion_3,flipbook,flipbook_bc3,bc3 32f 64px,131072,29.9821,26.5507,0.94927,29.7516,0.3047,0.0000,0.0,0.3955,0.9089
a,explosion,explosion_3,flipbook,flipbook_bc3,bc3 16f 64px,65536,26.4319,23.1321,0.91050,27.4527,0.1187,0.0000,0.0,0.4387,0.8604
a,explosion,explosion_3,flipbook,flipbook_bc3,bc3 8f 64px,32768,22.0222,19.0133,0.82913,26.2252,0.0323,0.0000,0.0,0.4506,0.7869
a,explosion,explosion_3,flipbook,flipbook_bc3,bc3 4f 64px,16384,16.8830,14.3604,0.69545,25.5834,0.0070,0.0000,0.0,0.5568,0.6058
a,explosion,explosion_3,flipbook,flipbook_bc3,bc3 64f 32px,65536,26.8850,23.7295,0.88585,29.3533,0.3092,0.0000,0.0,0.4747,0.9190
a,explosion,explosion_3,flipbook,flipbook_bc3,bc3 32f 32px,32768,26.4273,23.3021,0.87735,28.4965,0.1741,0.0000,0.0,0.4963,0.8598
a,explosion,explosion_3,flipbook,flipbook_bc3,bc3 16f 32px,16384,24.8952,21.8697,0.85101,27.1529,0.0828,0.0000,0.0,0.5386,0.8184
a,explosion,explosion_3,flipbook,flipbook_bc3,bc3 8f 32px,8192,21.8008,19.0342,0.79061,26.1648,0.0273,0.0000,0.0,0.5530,0.7615
a,explosion,explosion_3,flipbook,flipbook_bc3,bc3 4f 32px,4096,16.9915,14.6538,0.67734,25.5736,0.0067,0.0000,0.0,0.7143,0.5960
a,explosion,explosion_3,flipbook,flipbook_raw,raw 64f 64px,1048576,32.4916,29.0015,0.97420,35.1414,0.4933,0.0000,0.0,0.3875,0.9215
a,explosion,explosion_3,flipbook,flipbook_raw,raw 32f 64px,524288,30.2635,26.8241,0.95923,29.9069,0.3000,0.0000,0.0,0.4256,0.9017
a,explosion,explosion_3,flipbook,flipbook_raw,raw 16f 64px,262144,26.5170,23.2091,0.91810,27.4743,0.1180,0.0000,0.0,0.4708,0.8597
a,explosion,explosion_3,flipbook,flipbook_raw,raw 8f 64px,131072,22.0433,19.0289,0.83462,26.2287,0.0323,0.0000,0.0,0.4850,0.7871
a,explosion,explosion_3,flipbook,flipbook_raw,raw 4f 64px,65536,16.8879,14.3634,0.69883,25.5839,0.0070,0.0000,0.0,0.5882,0.6073
a,explosion,explosion_3,flipbook,flipbook_raw,raw 64f 32px,262144,27.1837,23.9870,0.90051,29.9978,0.1944,0.0000,0.0,0.4787,0.8494
a,explosion,explosion_3,flipbook,flipbook_raw,raw 32f 32px,131072,26.6451,23.4925,0.89056,28.6432,0.1595,0.0000,0.0,0.5006,0.8387
a,explosion,explosion_3,flipbook,flipbook_raw,raw 16f 32px,65536,25.0365,21.9931,0.86189,27.1844,0.0813,0.0000,0.0,0.5391,0.8139
a,explosion,explosion_3,flipbook,flipbook_raw,raw 8f 32px,32768,21.8613,19.0768,0.79842,26.1701,0.0271,0.0000,0.0,0.5534,0.7619
a,explosion,explosion_3,flipbook,flipbook_raw,raw 4f 32px,16384,17.0040,14.6571,0.68161,25.5745,0.0067,0.0000,0.0,0.7102,0.5975
a,explosion,explosion_3,flipbook,flipbook_mv,bc3 16f 128px +mv32,294912,31.9912,28.4013,0.97455,30.9279,0.4541,0.0000,0.0,0.0905,0.9802
a,explosion,explosion_3,flipbook,flipbook_mv,bc3 8f 128px +mv32,147456,24.6059,21.2607,0.90803,27.2624,0.1769,0.0000,0.0,0.1432,0.9023
a,explosion,explosion_3,flipbook,flipbook_mv,bc3 4f 128px +mv32,73728,17.3599,14.4818,0.74300,25.6048,0.0330,0.0000,0.0,0.1895,0.6797
a,explosion,explosion_3,flipbook,flipbook_mv,bc3 16f 64px +mv16,73728,30.5586,27.1054,0.95486,31.3223,0.3039,0.0000,0.0,0.3787,0.9217
a,explosion,explosion_3,flipbook,flipbook_mv,bc3 8f 64px +mv16,36864,25.1911,21.9343,0.90258,27.5327,0.1352,0.0000,0.0,0.3762,0.8845
a,explosion,explosion_3,flipbook,flipbook_mv,bc3 4f 64px +mv16,18432,17.8857,15.0024,0.76374,25.7751,0.0413,0.0000,0.0,0.4910,0.6947
a,explosion,explosion_3,explosion_3|grid_s|16,neural_grid,grid G24 C8 H16 L1 D0+z0 K1 T16 16-bit,147946,31.5967,28.1660,0.94757,33.4383,0.5844,0.6952,6.6,0.1669,1.0139
a,explosion,explosion_3,explosion_3|grid_s|8,neural_grid,grid G24 C8 H16 L1 D0+z0 K1 T16 8-bit,74730,31.5877,28.1600,0.94580,33.4351,0.5846,0.3809,6.6,0.1667,1.0164
a,explosion,explosion_3,explosion_3|grid_m|16,neural_grid,grid G32 C8 H32 L2 D0+z0 K1 T16 16-bit,265226,35.4853,31.8399,0.98408,39.0642,0.9504,1.0856,17.4,0.0949,1.0064
a,explosion,explosion_3,explosion_3|grid_m|8,neural_grid,grid G32 C8 H32 L2 D0+z0 K1 T16 8-bit,134666,35.4667,31.8215,0.98392,39.0474,0.9504,1.0636,17.4,0.0950,1.0068
a,explosion,explosion_3,explosion_3|grid_l|16,neural_grid,grid G48 C8 H32 L2 D0+z0 K1 T16 16-bit,592906,41.1795,37.5295,0.99165,40.6680,0.9761,1.1680,20.6,0.0440,1.0022
a,explosion,explosion_3,explosion_3|grid_l|8,neural_grid,grid G48 C8 H32 L2 D0+z0 K1 T16 8-bit,298506,41.1096,37.4588,0.99147,40.6363,0.9763,1.0755,20.6,0.0440,1.0024
a,explosion,explosion_3,explosion_3|grid_mt|16,neural_grid,grid G32 C8 H32 L2 D0+z0 K1 T32 16-bit,527370,35.6629,32.0066,0.98553,39.1919,0.9558,1.1186,21.4,0.0932,1.0152
a,explosion,explosion_3,explosion_3|grid_mt|8,neural_grid,grid G32 C8 H32 L2 D0+z0 K1 T32 8-bit,266250,35.6519,31.9956,0.98544,39.1714,0.9565,1.0971,21.4,0.0932,1.0156
a,explosion,explosion_3,explosion_3|conv_s|16,neural_conv,conv l16 16-8-8-4 D0+z0 K1 T16 16-bit,135210,33.1933,29.6021,0.95390,34.4628,0.7520,0.5589,19.6,0.2191,0.9900
a,explosion,explosion_3,explosion_3|conv_s|8,neural_conv,conv l16 16-8-8-4 D0+z0 K1 T16 8-bit,70698,33.1862,29.5948,0.95386,34.4565,0.7518,0.7539,19.6,0.2192,0.9902
a,explosion,explosion_3,explosion_3|conv_m|16,neural_conv,conv l16 32-16-8-4 D0+z0 K1 T16 16-bit,274394,35.1361,31.5083,0.96919,36.2428,0.8312,0.7806,35.0,0.1746,0.9906
a,explosion,explosion_3,explosion_3|conv_m|8,neural_conv,conv l16 32-16-8-4 D0+z0 K1 T16 8-bit,145370,35.1299,31.5022,0.96915,36.2389,0.8313,0.7638,35.0,0.1745,0.9908
a_interp,explosion,explosion_3,explosion_3|interp|bc3 0f 128px,flipbook,bc3 0f 128px,524288,30.4271,26.8600,0.96393,30.3743,0.4731,0.0000,0.0,,
a_interp,explosion,explosion_3,explosion_3|interp|bc3 0f 128px +mv32,flipbook_mv,bc3 0f 128px +mv32,589824,37.6519,34.0358,0.98894,36.3913,0.8809,0.0000,0.0,,
a_interp,explosion,explosion_3,explosion_3|interp|raw 0f 128px,flipbook,raw 0f 128px,2097152,30.6101,27.0439,0.96972,30.5760,0.4666,0.0000,0.0,,
a_interp,explosion,explosion_3,explosion_3|interp|grid_m,neural_grid,grid G32 C8 H32 L2 D0+z0 K1 T16 8-bit,134666,33.2792,29.6566,0.97606,35.4538,0.8679,0.0000,17.8,,
a,fire,fire_0,flipbook,flipbook_bc7,bc7 64f 128px,1048576,48.5940,38.8272,0.99808,46.4349,1.0338,0.0000,0.0,0.0152,1.0269
a,fire,fire_0,flipbook,flipbook_bc7,bc7 32f 128px,524288,38.2988,28.7668,0.99017,35.5144,0.5149,0.0000,0.0,0.0544,0.9008
a,fire,fire_0,flipbook,flipbook_bc7,bc7 16f 128px,262144,32.0930,22.9845,0.97106,32.5322,0.1589,0.0000,0.0,0.1058,0.7009
a,fire,fire_0,flipbook,flipbook_bc7,bc7 8f 128px,131072,27.8278,19.1594,0.94445,31.3801,0.0379,0.0000,0.0,0.1322,0.4697
a,fire,fire_0,flipbook,flipbook_bc7,bc7 4f 128px,65536,24.7801,16.3435,0.92034,30.9417,0.0069,0.0000,0.0,0.1672,0.2591
a,fire,fire_0,flipbook,flipbook_bc7,bc7 64f 64px,262144,35.5555,26.5898,0.98247,36.9249,0.3811,0.0000,0.0,0.9362,0.8551
a,fire,fire_0,flipbook,flipbook_bc7,bc7 32f 64px,131072,34.2420,25.4038,0.97694,34.3600,0.2694,0.0000,0.0,0.9812,0.7712
a,fire,fire_0,flipbook,flipbook_bc7,bc7 16f 64px,65536,31.3753,22.7957,0.96233,32.3172,0.1077,0.0000,0.0,1.0264,0.6299
a,fire,fire_0,flipbook,flipbook_bc7,bc7 8f 64px,32768,28.0082,19.7202,0.94053,31.3336,0.0298,0.0000,0.0,1.0590,0.4368
a,fire,fire_0,flipbook,flipbook_bc7,bc7 4f 64px,16384,25.1297,17.0318,0.91957,30.9312,0.0059,0.0000,0.0,1.0879,0.2435
a,fire,fire_0,flipbook,flipbook_bc7,bc7 64f 32px,65536,30.1771,21.9795,0.94725,33.2574,0.1800,0.0000,0.0,1.5615,0.7308
a,fire,fire_0,flipbook,flipbook_bc7,bc7 32f 32px,32768,29.9385,21.7984,0.94480,32.8207,0.1232,0.0000,0.0,1.5877,0.6484
a,fire,fire_0,flipbook,flipbook_bc7,bc7 16f 32px,16384,29.0913,21.1063,0.93672,31.9108,0.0671,0.0000,0.0,1.6316,0.5497
a,fire,fire_0,flipbook,flipbook_bc7,bc7 8f 32px,8192,27.2930,19.4955,0.92235,31.2283,0.0217,0.0000,0.0,1.6509,0.3955
a,fire,fire_0,flipbook,flipbook_bc7,bc7 4f 32px,4096,25.1392,17.4991,0.90794,30.9039,0.0047,0.0000,0.0,1.6792,0.2252
a,fire,fire_0,flipbook,flipbook_bc7_mv,bc7 16f 128px +mv32,294912,36.1706,26.7872,0.98674,35.8492,0.5038,0.0000,0.0,0.1997,0.8812
a,fire,fire_0,flipbook,flipbook_bc7_mv,bc7 8f 128px +mv32,147456,28.1667,19.3518,0.95052,31.4040,0.1192,0.0000,0.0,0.2725,0.5684
a,fire,fire_0,flipbook,flipbook_bc7_mv,bc7 4f 128px +mv32,73728,24.5154,16.0117,0.92104,30.8536,0.0175,0.0000,0.0,0.3068,0.2962
a,fire,fire_0,flipbook,flipbook_bc7_mv,bc7 16f 64px +mv16,73728,34.3593,25.4559,0.97818,35.5664,0.2611,0.0000,0.0,0.8556,0.7785
a,fire,fire_0,flipbook,flipbook_bc7_mv,bc7 8f 64px +mv16,36864,29.6635,21.0969,0.95453,32.0408,0.0705,0.0000,0.0,0.8172,0.5641
a,fire,fire_0,flipbook,flipbook_bc7_mv,bc7 4f 64px +mv16,18432,24.8451,16.6086,0.92110,30.8574,0.0098,0.0000,0.0,0.8206,0.2787
a,fire,fire_0,flipbook,flipbook_astc,astc4x4 64f 128px,1048576,50.0730,40.2914,0.99865,47.9173,1.0179,0.0000,0.0,0.0074,1.0127
a,fire,fire_0,flipbook,flipbook_astc,astc4x4 32f 128px,524288,38.4017,28.8580,0.99086,35.5428,0.5145,0.0000,0.0,0.0610,0.8939
a,fire,fire_0,flipbook,flipbook_astc,astc4x4 16f 128px,262144,32.1143,22.9978,0.97173,32.5365,0.1590,0.0000,0.0,0.1146,0.6969
a,fire,fire_0,flipbook,flipbook_astc,astc4x4 8f 128px,131072,27.8296,19.1541,0.94512,31.3808,0.0380,0.0000,0.0,0.1380,0.4679
a,fire,fire_0,flipbook,flipbook_astc,astc4x4 4f 128px,65536,24.7789,16.3267,0.92086,30.9415,0.0069,0.0000,0.0,0.1689,0.2583
a,fire,fire_0,flipbook,flipbook_astc,astc4x4 64f 64px,262144,35.6382,26.6375,0.98448,36.9880,0.3744,0.0000,0.0,0.9448,0.8420
a,fire,fire_0,flipbook,flipbook_astc,astc4x4 32f 64px,131072,34.2924,25.4179,0.97885,34.3681,0.2687,0.0000,0.0,0.9882,0.7633
a,fire,fire_0,flipbook,flipbook_astc,astc4x4 16f 64px,65536,31.4002,22.7907,0.96420,32.3195,0.1078,0.0000,0.0,1.0361,0.6247
a,fire,fire_0,flipbook,flipbook_astc,astc4x4 8f 64px,32768,28.0116,19.7081,0.94193,31.3339,0.0298,0.0000,0.0,1.0675,0.4344
a,fire,fire_0,flipbook,flipbook_astc,astc4x4 4f 64px,16384,25.1356,17.0190,0.92069,30.9309,0.0059,0.0000,0.0,1.0946,0.2434
a,fire,fire_0,flipbook,flipbook_astc,astc4x4 64f 32px,65536,30.2406,21.9847,0.95066,33.3301,0.1637,0.0000,0.0,1.5674,0.7024
a,fire,fire_0,flipbook,flipbook_astc,astc4x4 32f 32px,32768,29.9972,21.8005,0.94811,32.8446,0.1213,0.0000,0.0,1.5944,0.6320
a,fire,fire_0,flipbook,flipbook_astc,astc4x4 16f 32px,16384,29.1338,21.0910,0.94027,31.9185,0.0667,0.0000,0.0,1.6336,0.5379
a,fire,fire_0,flipbook,flipbook_astc,astc4x4 8f 32px,8192,27.3047,19.4611,0.92625,31.2313,0.0217,0.0000,0.0,1.6544,0.3909
a,fire,fire_0,flipbook,flipbook_astc,astc4x4 4f 32px,4096,25.1247,17.4244,0.91153,30.9044,0.0046,0.0000,0.0,1.6881,0.2219
a,fire,fire_0,flipbook,flipbook_astc_mv,astc4x4 16f 128px +mv32,294912,36.2178,26.8251,0.98723,35.8944,0.4988,0.0000,0.0,0.2066,0.8729
a,fire,fire_0,flipbook,flipbook_astc_mv,astc4x4 8f 128px +mv32,147456,28.1686,19.3479,0.95103,31.4097,0.1180,0.0000,0.0,0.2779,0.5650
a,fire,fire_0,flipbook,flipbook_astc_mv,astc4x4 4f 128px +mv32,73728,24.5101,15.9946,0.92149,30.8534,0.0174,0.0000,0.0,0.3072,0.2947
a,fire,fire_0,flipbook,flipbook_astc_mv,astc4x4 16f 64px +mv16,73728,34.4007,25.4758,0.98012,35.5780,0.2586,0.0000,0.0,0.8633,0.7695
a,fire,fire_0,flipbook,flipbook_astc_mv,astc4x4 8f 64px +mv16,36864,29.6661,21.0823,0.95598,32.0429,0.0702,0.0000,0.0,0.8273,0.5592
a,fire,fire_0,flipbook,flipbook_astc_mv,astc4x4 4f 64px +mv16,18432,24.8478,16.5972,0.92213,30.8568,0.0099,0.0000,0.0,0.8248,0.2777
a,fire,fire_0,flipbook,flipbook_astc,astc5x5 64f 128px,692224,45.8922,36.1210,0.99729,43.8213,1.0335,0.0000,0.0,0.0242,1.0236
a,fire,fire_0,flipbook,flipbook_astc,astc5x5 32f 128px,346112,38.0774,28.5390,0.98986,35.4293,0.5118,0.0000,0.0,0.0586,0.8952
a,fire,fire_0,flipbook,flipbook_astc,astc5x5 16f 128px,173056,32.0709,22.9482,0.97108,32.5218,0.1584,0.0000,0.0,0.1135,0.6972
a,fire,fire_0,flipbook,flipbook_astc,astc5x5 8f 128px,86528,27.8287,19.1463,0.94476,31.3778,0.0380,0.0000,0.0,0.1385,0.4678
a,fire,fire_0,flipbook,flipbook_astc,astc5x5 4f 128px,43264,24.7818,16.3229,0.92069,30.9414,0.0069,0.0000,0.0,0.1636,0.2582
a,fire,fire_0,flipbook,flipbook_astc,astc5x5 64f 64px,173056,35.1650,26.1729,0.98147,36.2924,0.4207,0.0000,0.0,0.9482,0.8678
a,fire,fire_0,flipbook,flipbook_astc,astc5x5 32f 64px,86528,34.0049,25.1397,0.97645,34.2282,0.2684,0.0000,0.0,0.9933,0.7684
a,fire,fire_0,flipbook,flipbook_astc,astc5x5 16f 64px,43264,31.3019,22.6950,0.96257,32.2954,0.1074,0.0000,0.0,1.0372,0.6267
a,fire,fire_0,flipbook,flipbook_astc,astc5x5 8f 64px,21632,27.9923,19.7038,0.94093,31.3289,0.0298,0.0000,0.0,1.0635,0.4350
a,fire,fire_0,flipbook,flipbook_astc,astc5x5 4f 64px,10816,25.1187,17.0057,0.91998,30.9296,0.0059,0.0000,0.0,1.0944,0.2435
a,fire,fire_0,flipbook,flipbook_astc,astc5x5 64f 32px,50176,30.0061,21.7483,0.94711,32.9362,0.2487,0.0000,0.0,1.5753,0.7588
a,fire,fire_0,flipbook,flipbook_astc,astc5x5 32f 32px,25088,29.8049,21.6151,0.94495,32.7193,0.1302,0.0000,0.0,1.6014,0.6536
a,fire,fire_0,flipbook,flipbook_astc,astc5x5 16f 32px,12544,28.9937,20.9456,0.93750,31.8837,0.0669,0.0000,0.0,1.6434,0.5429
a,fire,fire_0,flipbook,flipbook_astc,astc5x5 8f 32px,6272,27.2444,19.3989,0.92409,31.2218,0.0214,0.0000,0.0,1.6562,0.3896
a,fire,fire_0,flipbook,flipbook_astc,astc5x5 4f 32px,3136,25.1327,17.4095,0.91015,30.9026,0.0047,0.0000,0.0,1.6820,0.2223
a,fire,fire_0,flipbook,flipbook_astc_mv,astc5x5 16f 128px +mv32,205824,36.0664,26.6730,0.98639,35.7513,0.4995,0.0000,0.0,0.2068,0.8729
a,fire,fire_0,flipbook,flipbook_astc_mv,astc5x5 8f 128px +mv32,102912,28.1662,19.3352,0.95062,31.3971,0.1189,0.0000,0.0,0.2807,0.5643
a,fire,fire_0,flipbook,flipbook_astc_mv,astc5x5 4f 128px +mv32,51456,24.5133,15.9920,0.92138,30.8514,0.0175,0.0000,0.0,0.3026,0.2947
a,fire,fire_0,flipbook,flipbook_astc_mv,astc5x5 16f 64px +mv16,51456,34.1167,25.1926,0.97789,35.3660,0.2581,0.0000,0.0,0.8629,0.7696
a,fire,fire_0,flipbook,flipbook_astc_mv,astc5x5 8f 64px +mv16,25728,29.6148,21.0532,0.95472,32.0276,0.0701,0.0000,0.0,0.8239,0.5592
a,fire,fire_0,flipbook,flipbook_astc_mv,astc5x5 4f 64px +mv16,12864,24.8375,16.5922,0.92161,30.8574,0.0098,0.0000,0.0,0.8275,0.2781
a,fire,fire_0,flipbook,flipbook_astc,astc6x6 64f 128px,495616,43.2227,33.5112,0.99551,41.2562,1.0532,0.0000,0.0,0.0437,1.0353
a,fire,fire_0,flipbook,flipbook_astc,astc6x6 32f 128px,247808,37.6498,28.1518,0.98849,35.2822,0.5073,0.0000,0.0,0.0669,0.8976
a,fire,fire_0,flipbook,flipbook_astc,astc6x6 16f 128px,123904,32.0074,22.9037,0.97011,32.5022,0.1572,0.0000,0.0,0.1097,0.6969
a,fire,fire_0,flipbook,flipbook_astc,astc6x6 8f 128px,61952,27.8177,19.1347,0.94422,31.3744,0.0377,0.0000,0.0,0.1317,0.4674
a,fire,fire_0,flipbook,flipbook_astc,astc6x6 4f 128px,30976,24.7821,16.3255,0.92042,30.9406,0.0069,0.0000,0.0,0.1550,0.2586
a,fire,fire_0,flipbook,flipbook_astc,astc6x6 64f 64px,123904,34.5649,25.5934,0.97857,35.5657,0.4571,0.0000,0.0,0.9668,0.8859
a,fire,fire_0,flipbook,flipbook_astc,astc6x6 32f 64px,61952,33.6007,24.7430,0.97395,34.0446,0.2638,0.0000,0.0,1.0129,0.7706
a,fire,fire_0,flipbook,flipbook_astc,astc6x6 16f 64px,30976,31.1406,22.5306,0.96068,32.2592,0.1053,0.0000,0.0,1.0536,0.6234
a,fire,fire_0,flipbook,flipbook_astc,astc6x6 8f 64px,15488,27.9580,19.6596,0.93970,31.3211,0.0294,0.0000,0.0,1.0874,0.4338
a,fire,fire_0,flipbook,flipbook_astc,astc6x6 4f 64px,7744,25.1147,17.0036,0.91913,30.9276,0.0058,0.0000,0.0,1.1210,0.2431
a,fire,fire_0,flipbook,flipbook_astc,astc6x6 64f 32px,36864,29.6047,21.3852,0.94234,32.4726,0.3439,0.0000,0.0,1.6097,0.8098
a,fire,fire_0,flipbook,flipbook_astc,astc6x6 32f 32px,18432,29.4459,21.2986,0.93995,32.5429,0.1371,0.0000,0.0,1.6393,0.6645
a,fire,fire_0,flipbook,flipbook_astc,astc6x6 16f 32px,9216,28.7367,20.7414,0.93362,31.8274,0.0656,0.0000,0.0,1.6717,0.5455
a,fire,fire_0,flipbook,flipbook_astc,astc6x6 8f 32px,4608,27.0929,19.2859,0.92078,31.2053,0.0210,0.0000,0.0,1.6922,0.3891
a,fire,fire_0,flipbook,flipbook_astc,astc6x6 4f 32px,2304,25.0626,17.4166,0.90806,30.8986,0.0045,0.0000,0.0,1.7166,0.2205
a,fire,fire_0,flipbook,flipbook_astc_mv,astc6x6 16f 128px +mv32,156672,35.8573,26.4876,0.98523,35.5820,0.4975,0.0000,0.0,0.2004,0.8715
a,fire,fire_0,flipbook,flipbook_astc_mv,astc6x6 8f 128px +mv32,78336,28.1552,19.3282,0.95008,31.3880,0.1193,0.0000,0.0,0.2702,0.5637
a,fire,fire_0,flipbook,flipbook_astc_mv,astc6x6 4f 128px +mv32,39168,24.5165,15.9929,0.92110,30.8486,0.0178,0.0000,0.0,0.2974,0.2952
a,fire,fire_0,flipbook,flipbook_astc_mv,astc6x6 16f 64px +mv16,39168,33.7159,24.8018,0.97547,35.0882,0.2541,0.0000,0.0,0.8878,0.7662
a,fire,fire_0,flipbook,flipbook_astc_mv,astc6x6 8f 64px +mv16,19584,29.5208,20.9449,0.95310,31.9870,0.0698,0.0000,0.0,0.8473,0.5565
a,fire,fire_0,flipbook,flipbook_astc_mv,astc6x6 4f 64px +mv16,9792,24.8168,16.5657,0.92070,30.8537,0.0095,0.0000,0.0,0.8553,0.2767
a,fire,fire_0,flipbook,flipbook_astc,astc8x8 64f 128px,262144,40.0411,30.4006,0.99179,38.4254,1.0742,0.0000,0.0,0.0694,1.0542
a,fire,fire_0,flipbook,flipbook_astc,astc8x8 32f 128px,131072,36.7620,27.3364,0.98556,34.9780,0.4899,0.0000,0.0,0.0891,0.8962
a,fire,fire_0,flipbook,flipbook_astc,astc8x8 16f 128px,65536,31.8618,22.8050,0.96810,32.4546,0.1528,0.0000,0.0,0.1326,0.6944
a,fire,fire_0,flipbook,flipbook_astc,astc8x8 8f 128px,32768,27.8215,19.1607,0.94287,31.3656,0.0373,0.0000,0.0,0.1542,0.4668
a,fire,fire_0,flipbook,flipbook_astc,astc8x8 4f 128px,16384,24.7815,16.3147,0.91972,30.9383,0.0068,0.0000,0.0,0.1788,0.2576
a,fire,fire_0,flipbook,flipbook_astc,astc8x8 64f 64px,65536,33.7026,24.8849,0.97183,34.4958,0.5293,0.0000,0.0,0.9647,0.9204
a,fire,fire_0,flipbook,flipbook_astc,astc8x8 32f 64px,32768,33.0032,24.2647,0.96794,33.7269,0.2624,0.0000,0.0,1.0095,0.7795
a,fire,fire_0,flipbook,flipbook_astc,astc8x8 16f 64px,16384,30.8843,22.3887,0.95628,32.1958,0.1035,0.0000,0.0,1.0481,0.6250
a,fire,fire_0,flipbook,flipbook_astc,astc8x8 8f 64px,8192,27.8834,19.6821,0.93657,31.3084,0.0287,0.0000,0.0,1.0770,0.4313
a,fire,fire_0,flipbook,flipbook_astc,astc8x8 4f 64px,4096,25.1158,17.0445,0.91780,30.9248,0.0058,0.0000,0.0,1.0959,0.2425
a,fire,fire_0,flipbook,flipbook_astc,astc8x8 64f 32px,16384,29.2699,21.2512,0.93179,31.9674,0.4455,0.0000,0.0,1.5918,0.8692
a,fire,fire_0,flipbook,flipbook_astc,astc8x8 32f 32px,8192,29.1629,21.1929,0.93061,32.2893,0.1406,0.0000,0.0,1.6267,0.6799
a,fire,fire_0,flipbook,flipbook_astc,astc8x8 16f 32px,4096,28.5290,20.7030,0.92469,31.7598,0.0631,0.0000,0.0,1.6705,0.5438
a,fire,fire_0,flipbook,flipbook_astc,astc8x8 8f 32px,2048,27.0162,19.2379,0.91515,31.1923,0.0202,0.0000,0.0,1.6882,0.3818
a,fire,fire_0,flipbook,flipbook_astc,astc8x8 4f 32px,1024,25.0496,17.3858,0.90426,30.8962,0.0044,0.0000,0.0,1.7051,0.2191
a,fire,fire_0,flipbook,flipbook_astc_mv,astc8x8 16f 128px +mv32,98304,35.3161,26.0051,0.98258,35.2022,0.4822,0.0000,0.0,0.2169,0.8648
a,fire,fire_0,flipbook,flipbook_astc_mv,astc8x8 8f 128px +mv32,49152,28.1425,19.3350,0.94861,31.3555,0.1177,0.0000,0.0,0.2829,0.5612
a,fire,fire_0,flipbook,flipbook_astc_mv,astc8x8 4f 128px +mv32,24576,24.5311,16.0005,0.92051,30.8481,0.0174,0.0000,0.0,0.3167,0.2943
a,fire,fire_0,flipbook,flipbook_astc_mv,astc8x8 16f 64px +mv16,24576,33.1185,24.3384,0.96975,34.6476,0.2449,0.0000,0.0,0.8821,0.7677
a,fire,fire_0,flipbook,flipbook_astc_mv,astc8x8 8f 64px +mv16,12288,29.3759,20.9275,0.94921,31.9357,0.0691,0.0000,0.0,0.8348,0.5532
a,fire,fire_0,flipbook,flipbook_astc_mv,astc8x8 4f 64px +mv16,6144,24.8371,16.6248,0.91915,30.8533,0.0098,0.0000,0.0,0.8376,0.2768
a,fire,fire_0,flipbook,flipbook_astc,astc10x10 64f 128px,173056,37.3694,27.8241,0.98685,36.1482,1.1432,0.0000,0.0,0.0948,1.0885
a,fire,fire_0,flipbook,flipbook_astc,astc10x10 32f 128px,86528,35.5582,26.2333,0.98139,34.5416,0.4740,0.0000,0.0,0.1288,0.8996
a,fire,fire_0,flipbook,flipbook_astc,astc10x10 16f 128px,43264,31.5882,22.5962,0.96523,32.3851,0.1494,0.0000,0.0,0.1731,0.6934
a,fire,fire_0,flipbook,flipbook_astc,astc10x10 8f 128px,21632,27.7820,19.1837,0.94124,31.3515,0.0366,0.0000,0.0,0.2043,0.4666
a,fire,fire_0,flipbook,flipbook_astc,astc10x10 4f 128px,10816,24.7986,16.3829,0.91888,30.9351,0.0068,0.0000,0.0,0.2260,0.2591
a,fire,fire_0,flipbook,flipbook_astc,astc10x10 64f 64px,50176,32.2324,23.4987,0.96352,33.0937,0.7380,0.0000,0.0,1.0432,0.9919
a,fire,fire_0,flipbook,flipbook_astc,astc10x10 32f 64px,25088,31.8288,23.1626,0.96072,33.2375,0.2686,0.0000,0.0,1.0968,0.7922
a,fire,fire_0,flipbook,flipbook_astc,astc10x10 16f 64px,12544,30.2316,21.8042,0.95001,32.0706,0.1011,0.0000,0.0,1.1420,0.6239
a,fire,fire_0,flipbook,flipbook_astc,astc10x10 8f 64px,6272,27.6511,19.4815,0.93259,31.2758,0.0281,0.0000,0.0,1.1673,0.4286
a,fire,fire_0,flipbook,flipbook_astc,astc10x10 4f 64px,3136,25.0382,17.0054,0.91455,30.9162,0.0055,0.0000,0.0,1.1920,0.2370
a,fire,fire_0,flipbook,flipbook_astc,astc10x10 64f 32px,16384,28.1143,20.1102,0.92253,31.0309,0.6629,0.0000,0.0,1.7057,0.9121
a,fire,fire_0,flipbook,flipbook_astc,astc10x10 32f 32px,8192,28.0988,20.1042,0.92173,31.7678,0.1562,0.0000,0.0,1.7353,0.6884
a,fire,fire_0,flipbook,flipbook_astc,astc10x10 16f 32px,4096,27.7292,19.8927,0.91647,31.5699,0.0601,0.0000,0.0,1.7678,0.5453
a,fire,fire_0,flipbook,flipbook_astc,astc10x10 8f 32px,2048,26.6514,18.9052,0.90929,31.1435,0.0199,0.0000,0.0,1.8016,0.3894
a,fire,fire_0,flipbook,flipbook_astc,astc10x10 4f 32px,1024,24.9605,17.3411,0.89972,30.8820,0.0044,0.0000,0.0,1.7995,0.2279
a,fire,fire_0,flipbook,flipbook_astc_mv,astc10x10 16f 128px +mv32,76032,34.5306,25.2832,0.97898,34.7775,0.4608,0.0000,0.0,0.2582,0.8549
a,fire,fire_0,flipbook,flipbook_astc_mv,astc10x10 8f 128px +mv32,38016,28.0942,19.3466,0.94681,31.3422,0.1122,0.0000,0.0,0.3438,0.5554
a,fire,fire_0,flipbook,flipbook_astc_mv,astc10x10 4f 128px +mv32,19008,24.5492,16.0605,0.91995,30.8482,0.0159,0.0000,0.0,0.3658,0.2930
a,fire,fire_0,flipbook,flipbook_astc_mv,astc10x10 16f 64px +mv16,20736,31.9200,23.2460,0.96194,34.0137,0.2386,0.0000,0.0,0.9771,0.7599
a,fire,fire_0,flipbook,flipbook_astc_mv,astc10x10 8f 64px +mv16,10368,28.9807,20.5679,0.94440,31.8593,0.0653,0.0000,0.0,0.9306,0.5432
a,fire,fire_0,flipbook,flipbook_astc_mv,astc10x10 4f 64px +mv16,5184,24.7855,16.6281,0.91620,30.8559,0.0087,0.0000,0.0,0.9367,0.2687
a,fire,fire_0,flipbook,flipbook_astc,astc12x12 64f 128px,123904,35.7907,26.3231,0.98221,34.9592,1.1600,0.0000,0.0,0.1208,1.0907
a,fire,fire_0,flipbook,flipbook_astc,astc12x12 32f 128px,61952,34.6034,25.3248,0.97752,34.2125,0.4561,0.0000,0.0,0.1712,0.8941
a,fire,fire_0,flipbook,flipbook_astc,astc12x12 16f 128px,30976,31.3082,22.3608,0.96225,32.3178,0.1439,0.0000,0.0,0.2118,0.6888
a,fire,fire_0,flipbook,flipbook_astc,astc12x12 8f 128px,15488,27.7344,19.1583,0.93933,31.3374,0.0358,0.0000,0.0,0.2407,0.4631
a,fire,fire_0,flipbook,flipbook_astc,astc12x12 4f 128px,7744,24.8472,16.4729,0.91801,30.9322,0.0066,0.0000,0.0,0.2504,0.2569
a,fire,fire_0,flipbook,flipbook_astc,astc12x12 64f 64px,36864,30.9028,22.2466,0.95428,32.4198,0.7515,0.0000,0.0,1.1796,0.9880
a,fire,fire_0,flipbook,flipbook_astc,astc12x12 32f 64px,18432,30.6879,22.1610,0.95185,32.8264,0.2549,0.0000,0.0,1.2311,0.7867
a,fire,fire_0,flipbook,flipbook_astc,astc12x12 16f 64px,9216,29.5167,21.1614,0.94300,31.9611,0.0931,0.0000,0.0,1.2674,0.6138
a,fire,fire_0,flipbook,flipbook_astc,astc12x12 8f 64px,4608,27.4033,19.2600,0.92835,31.2449,0.0270,0.0000,0.0,1.2618,0.4241
a,fire,fire_0,flipbook,flipbook_astc,astc12x12 4f 64px,2304,25.0042,17.0316,0.91055,30.9085,0.0054,0.0000,0.0,1.2794,0.2407
a,fire,fire_0,flipbook,flipbook_astc,astc12x12 64f 32px,9216,27.7474,19.8430,0.91606,30.4023,0.8693,0.0000,0.0,1.7430,1.0251
a,fire,fire_0,flipbook,flipbook_astc,astc12x12 32f 32px,4608,27.7558,19.9276,0.91525,31.4317,0.1845,0.0000,0.0,1.7847,0.7302
a,fire,fire_0,flipbook,flipbook_astc,astc12x12 16f 32px,2304,27.4860,19.7401,0.91155,31.4670,0.0609,0.0000,0.0,1.8171,0.5549
a,fire,fire_0,flipbook,flipbook_astc,astc12x12 8f 32px,1152,26.4915,18.9001,0.90441,31.1202,0.0196,0.0000,0.0,1.8013,0.3858
a,fire,fire_0,flipbook,flipbook_astc,astc12x12 4f 32px,576,24.9072,17.5428,0.89281,30.8760,0.0044,0.0000,0.0,1.8285,0.2245
a,fire,fire_0,flipbook,flipbook_astc_mv,astc12x12 16f 128px +mv32,63744,33.8575,24.6704,0.97533,34.4153,0.4311,0.0000,0.0,0.2947,0.8450
a,fire,fire_0,flipbook,flipbook_astc_mv,astc12x12 8f 128px +mv32,31872,28.0408,19.3197,0.94491,31.3313,0.1047,0.0000,0.0,0.3773,0.5506
a,fire,fire_0,flipbook,flipbook_astc_mv,astc12x12 4f 128px +mv32,15936,24.5975,16.1462,0.91912,30.8495,0.0148,0.0000,0.0,0.3833,0.2893
a,fire,fire_0,flipbook,flipbook_astc_mv,astc12x12 16f 64px +mv16,17408,30.7450,22.1530,0.95335,33.4848,0.2105,0.0000,0.0,1.1056,0.7439
a,fire,fire_0,flipbook,flipbook_astc_mv,astc12x12 8f 64px +mv16,8704,28.5861,20.2154,0.93888,31.7795,0.0601,0.0000,0.0,1.0349,0.5342
a,fire,fire_0,flipbook,flipbook_astc_mv,astc12x12 4f 64px +mv16,4352,24.7272,16.6400,0.91192,30.8468,0.0077,0.0000,0.0,1.0392,0.2694
a_interp,fire,fire_0,fire_0|interp|bc7 0f 128px,flipbook,bc7 0f 128px,524288,35.4961,26.2331,0.98229,35.5144,0.5149,0.0000,0.0,,
a_interp,fire,fire_0,fire_0|interp|bc7 0f 128px +mv32,flipbook_mv,bc7 0f 128px +mv32,589824,42.0085,32.4558,0.99581,41.5285,0.9317,0.0000,0.0,,
a_interp,fire,fire_0,fire_0|interp|astc4x4 0f 128px,flipbook,astc4x4 0f 128px,524288,35.5405,26.2676,0.98306,35.5428,0.5145,0.0000,0.0,,
a_interp,fire,fire_0,fire_0|interp|astc4x4 0f 128px +mv32,flipbook_mv,astc4x4 0f 128px +mv32,589824,42.1293,32.5657,0.99621,41.7902,0.9244,0.0000,0.0,,
a,fire,fire_1,flipbook,flipbook_bc7,bc7 64f 128px,1048576,45.5029,37.8276,0.99681,43.2232,1.0242,0.0000,0.0,0.0186,1.0222
a,fire,fire_1,flipbook,flipbook_bc7,bc7 32f 128px,524288,34.2614,26.8295,0.98056,31.4249,0.4563,0.0000,0.0,0.0611,0.8955
a,fire,fire_1,flipbook,flipbook_bc7,bc7 16f 128px,262144,28.4361,21.4352,0.94565,28.6781,0.1394,0.0000,0.0,0.1085,0.7097
a,fire,fire_1,flipbook,flipbook_bc7,bc7 8f 128px,131072,24.2482,17.7198,0.89793,27.5925,0.0358,0.0000,0.0,0.1374,0.5083
a,fire,fire_1,flipbook,flipbook_bc7,bc7 4f 128px,65536,20.9674,14.8451,0.85107,27.1385,0.0071,0.0000,0.0,0.1295,0.3000
a,fire,fire_1,flipbook,flipbook_bc7,bc7 64f 64px,262144,32.7432,25.8508,0.97120,33.5415,0.4015,0.0000,0.0,0.8389,0.8717
a,fire,fire_1,flipbook,flipbook_bc7,bc7 32f 64px,131072,31.0339,24.2736,0.95930,30.4740,0.2451,0.0000,0.0,0.8945,0.7834
a,fire,fire_1,flipbook,flipbook_bc7,bc7 16f 64px,65536,27.9746,21.4813,0.93208,28.5043,0.0966,0.0000,0.0,0.9453,0.6482
a,fire,fire_1,flipbook,flipbook_bc7,bc7 8f 64px,32768,24.4864,18.3518,0.89164,27.5543,0.0292,0.0000,0.0,0.9672,0.4796
a,fire,fire_1,flipbook,flipbook_bc7,bc7 4f 64px,16384,21.3015,15.5106,0.84832,27.1291,0.0062,0.0000,0.0,0.9773,0.2883
a,fire,fire_1,flipbook,flipbook_bc7,bc7 64f 32px,65536,27.3243,21.1619,0.91121,29.6220,0.1768,0.0000,0.0,1.4050,0.7376
a,fire,fire_1,flipbook,flipbook_bc7,bc7 32f 32px,32768,27.0096,20.9096,0.90615,29.0342,0.1168,0.0000,0.0,1.4410,0.6661
a,fire,fire_1,flipbook,flipbook_bc7,bc7 16f 32px,16384,25.9951,20.0658,0.89126,28.1202,0.0601,0.0000,0.0,1.4874,0.5720
a,fire,fire_1,flipbook,flipbook_bc7,bc7 8f 32px,8192,23.9930,18.3081,0.86498,27.4612,0.0219,0.0000,0.0,1.5111,0.4378
a,fire,fire_1,flipbook,flipbook_bc7,bc7 4f 32px,4096,21.4162,16.0044,0.83223,27.1057,0.0051,0.0000,0.0,1.5607,0.2684
a,fire,fire_1,flipbook,flipbook_bc7_mv,bc7 16f 128px +mv32,294912,31.8466,24.6133,0.97193,31.1876,0.4287,0.0000,0.0,0.2122,0.8630
a,fire,fire_1,flipbook,flipbook_bc7_mv,bc7 8f 128px +mv32,147456,24.7122,17.9923,0.91235,27.6627,0.1599,0.0000,0.0,0.2865,0.6459
a,fire,fire_1,flipbook,flipbook_bc7_mv,bc7 4f 128px +mv32,73728,20.6301,14.2835,0.85878,26.9625,0.0364,0.0000,0.0,0.2654,0.3731
a,fire,fire_1,flipbook,flipbook_bc7_mv,bc7 16f 64px +mv16,73728,31.0747,24.2801,0.96094,31.4548,0.2711,0.0000,0.0,0.7476,0.8122
a,fire,fire_1,flipbook,flipbook_bc7_mv,bc7 8f 64px +mv16,36864,25.8800,19.4594,0.91404,28.1948,0.1038,0.0000,0.0,0.7343,0.6372
a,fire,fire_1,flipbook,flipbook_bc7_mv,bc7 4f 64px +mv16,18432,20.9709,14.8904,0.85673,26.9986,0.0220,0.0000,0.0,0.6883,0.3676
a,fire,fire_1,flipbook,flipbook_astc,astc4x4 64f 128px,1048576,47.0600,39.3684,0.99789,44.7248,1.0114,0.0000,0.0,0.0090,1.0117
a,fire,fire_1,flipbook,flipbook_astc,astc4x4 32f 128px,524288,34.3511,26.9107,0.98168,31.4464,0.4563,0.0000,0.0,0.0696,0.8905
a,fire,fire_1,flipbook,flipbook_astc,astc4x4 16f 128px,262144,28.4549,21.4439,0.94662,28.6822,0.1396,0.0000,0.0,0.1158,0.7074
a,fire,fire_1,flipbook,flipbook_astc,astc4x4 8f 128px,131072,24.2512,17.7153,0.89894,27.5932,0.0359,0.0000,0.0,0.1453,0.5071
a,fire,fire_1,flipbook,flipbook_astc,astc4x4 4f 128px,65536,20.9649,14.8353,0.85227,27.1384,0.0071,0.0000,0.0,0.1334,0.2994
a,fire,fire_1,flipbook,flipbook_astc,astc4x4 64f 64px,262144,32.8332,25.9212,0.97399,33.5968,0.3959,0.0000,0.0,0.8443,0.8611
a,fire,fire_1,flipbook,flipbook_astc,astc4x4 32f 64px,131072,31.1014,24.3258,0.96217,30.4888,0.2451,0.0000,0.0,0.8978,0.7776
a,fire,fire_1,flipbook,flipbook_astc,astc4x4 16f 64px,65536,28.0019,21.4924,0.93490,28.5085,0.0969,0.0000,0.0,0.9511,0.6448
a,fire,fire_1,flipbook,flipbook_astc,astc4x4 8f 64px,32768,24.4931,18.3462,0.89437,27.5550,0.0292,0.0000,0.0,0.9692,0.4774
a,fire,fire_1,flipbook,flipbook_astc,astc4x4 4f 64px,16384,21.2969,15.4951,0.85103,27.1292,0.0062,0.0000,0.0,0.9766,0.2870
a,fire,fire_1,flipbook,flipbook_astc,astc4x4 64f 32px,65536,27.3642,21.1704,0.91581,29.6527,0.1704,0.0000,0.0,1.4060,0.7243
a,fire,fire_1,flipbook,flipbook_astc,astc4x4 32f 32px,32768,27.0492,20.9269,0.91052,29.0422,0.1164,0.0000,0.0,1.4384,0.6580
a,fire,fire_1,flipbook,flipbook_astc,astc4x4 16f 32px,16384,26.0264,20.0722,0.89524,28.1229,0.0602,0.0000,0.0,1.4895,0.5678
a,fire,fire_1,flipbook,flipbook_astc,astc4x4 8f 32px,8192,24.0090,18.3105,0.86888,27.4629,0.0220,0.0000,0.0,1.5118,0.4353
a,fire,fire_1,flipbook,flipbook_astc,astc4x4 4f 32px,4096,21.4112,15.9800,0.83574,27.1061,0.0051,0.0000,0.0,1.5614,0.2670
a,fire,fire_1,flipbook,flipbook_astc_mv,astc4x4 16f 128px +mv32,294912,31.8790,24.6342,0.97266,31.2170,0.4256,0.0000,0.0,0.2183,0.8576
a,fire,fire_1,flipbook,flipbook_astc_mv,astc4x4 8f 128px +mv32,147456,24.7110,17.9825,0.91306,27.6676,0.1584,0.0000,0.0,0.2944,0.6430
a,fire,fire_1,flipbook,flipbook_astc_mv,astc4x4 4f 128px +mv32,73728,20.6242,14.2712,0.85981,26.9618,0.0364,0.0000,0.0,0.2677,0.3715
a,fire,fire_1,flipbook,flipbook_astc_mv,astc4x4 16f 64px +mv16,73728,31.1389,24.3278,0.96393,31.4869,0.2701,0.0000,0.0,0.7526,0.8063
a,fire,fire_1,flipbook,flipbook_astc_mv,astc4x4 8f 64px +mv16,36864,25.8878,19.4565,0.91681,28.2007,0.1026,0.0000,0.0,0.7368,0.6331
a,fire,fire_1,flipbook,flipbook_astc_mv,astc4x4 4f 64px +mv16,18432,20.9664,14.8765,0.85954,26.9977,0.0221,0.0000,0.0,0.6864,0.3656
a,fire,fire_1,flipbook,flipbook_astc,astc5x5 64f 128px,692224,42.8223,35.1439,0.99562,40.7367,1.0220,0.0000,0.0,0.0269,1.0222
a,fire,fire_1,flipbook,flipbook_astc,astc5x5 32f 128px,346112,34.0846,26.6586,0.98005,31.3590,0.4537,0.0000,0.0,0.0684,0.8930
a,fire,fire_1,flipbook,flipbook_astc,astc5x5 16f 128px,173056,28.4134,21.4064,0.94560,28.6694,0.1392,0.0000,0.0,0.1138,0.7087
a,fire,fire_1,flipbook,flipbook_astc,astc5x5 8f 128px,86528,24.2459,17.7066,0.89829,27.5905,0.0358,0.0000,0.0,0.1403,0.5075
a,fire,fire_1,flipbook,flipbook_astc,astc5x5 4f 128px,43264,20.9635,14.8261,0.85180,27.1381,0.0070,0.0000,0.0,0.1244,0.2996
a,fire,fire_1,flipbook,flipbook_astc,astc5x5 64f 64px,173056,32.3715,25.4622,0.96920,32.9713,0.4262,0.0000,0.0,0.8482,0.8819
a,fire,fire_1,flipbook,flipbook_astc,astc5x5 32f 64px,86528,30.8338,24.0630,0.95811,30.3784,0.2447,0.0000,0.0,0.9059,0.7831
a,fire,fire_1,flipbook,flipbook_astc,astc5x5 16f 64px,43264,27.9079,21.4021,0.93195,28.4886,0.0962,0.0000,0.0,0.9561,0.6469
a,fire,fire_1,flipbook,flipbook_astc,astc5x5 8f 64px,21632,24.4721,18.3237,0.89239,27.5510,0.0291,0.0000,0.0,0.9732,0.4784
a,fire,fire_1,flipbook,flipbook_astc,astc5x5 4f 64px,10816,21.3097,15.5006,0.85021,27.1284,0.0062,0.0000,0.0,0.9842,0.2873
a,fire,fire_1,flipbook,flipbook_astc,astc5x5 64f 32px,50176,27.0781,20.8930,0.90984,29.2231,0.2476,0.0000,0.0,1.4208,0.7766
a,fire,fire_1,flipbook,flipbook_astc,astc5x5 32f 32px,25088,26.8097,20.6883,0.90534,28.8929,0.1225,0.0000,0.0,1.4563,0.6749
a,fire,fire_1,flipbook,flipbook_astc,astc5x5 16f 32px,12544,25.8517,19.8966,0.89119,28.0816,0.0592,0.0000,0.0,1.5085,0.5684
a,fire,fire_1,flipbook,flipbook_astc,astc5x5 8f 32px,6272,23.9491,18.2545,0.86564,27.4526,0.0217,0.0000,0.0,1.5289,0.4360
a,fire,fire_1,flipbook,flipbook_astc,astc5x5 4f 32px,3136,21.4182,15.9867,0.83341,27.1043,0.0051,0.0000,0.0,1.5719,0.2681
a,fire,fire_1,flipbook,flipbook_astc_mv,astc5x5 16f 128px +mv32,205824,31.7795,24.5433,0.97146,31.1208,0.4280,0.0000,0.0,0.2154,0.8594
a,fire,fire_1,flipbook,flipbook_astc_mv,astc5x5 8f 128px +mv32,102912,24.7038,17.9755,0.91244,27.6583,0.1596,0.0000,0.0,0.2902,0.6437
a,fire,fire_1,flipbook,flipbook_astc_mv,astc5x5 4f 128px +mv32,51456,20.6276,14.2714,0.85949,26.9602,0.0369,0.0000,0.0,0.2618,0.3720
a,fire,fire_1,flipbook,flipbook_astc_mv,astc5x5 16f 64px +mv16,51456,30.8971,24.0889,0.96001,31.3189,0.2745,0.0000,0.0,0.7558,0.8093
a,fire,fire_1,flipbook,flipbook_astc_mv,astc5x5 8f 64px +mv16,25728,25.8533,19.4181,0.91462,28.1789,0.1059,0.0000,0.0,0.7402,0.6353
a,fire,fire_1,flipbook,flipbook_astc_mv,astc5x5 4f 64px +mv16,12864,20.9707,14.8791,0.85869,26.9929,0.0225,0.0000,0.0,0.6948,0.3656
a,fire,fire_1,flipbook,flipbook_astc,astc6x6 64f 128px,495616,40.3335,32.7099,0.99288,38.2987,1.0207,0.0000,0.0,0.0478,1.0279
a,fire,fire_1,flipbook,flipbook_astc,astc6x6 32f 128px,247808,33.7808,26.3959,0.97809,31.2501,0.4460,0.0000,0.0,0.0803,0.8918
a,fire,fire_1,flipbook,flipbook_astc,astc6x6 16f 128px,123904,28.3822,21.4036,0.94440,28.6541,0.1377,0.0000,0.0,0.1191,0.7078
a,fire,fire_1,flipbook,flipbook_astc,astc6x6 8f 128px,61952,24.2536,17.7334,0.89779,27.5874,0.0356,0.0000,0.0,0.1411,0.5074
a,fire,fire_1,flipbook,flipbook_astc,astc6x6 4f 128px,30976,20.9765,14.8483,0.85176,27.1374,0.0070,0.0000,0.0,0.1291,0.3000
a,fire,fire_1,flipbook,flipbook_astc,astc6x6 64f 64px,123904,31.7390,24.8710,0.96379,32.2446,0.4477,0.0000,0.0,0.8530,0.8945
a,fire,fire_1,flipbook,flipbook_astc,astc6x6 32f 64px,61952,30.4620,23.7208,0.95377,30.2166,0.2395,0.0000,0.0,0.9083,0.7840
a,fire,fire_1,flipbook,flipbook_astc,astc6x6 16f 64px,30976,27.7814,21.2885,0.92916,28.4593,0.0947,0.0000,0.0,0.9561,0.6453
a,fire,fire_1,flipbook,flipbook_astc,astc6x6 8f 64px,15488,24.4337,18.2945,0.89056,27.5443,0.0288,0.0000,0.0,0.9771,0.4773
a,fire,fire_1,flipbook,flipbook_astc,astc6x6 4f 64px,7744,21.2974,15.4903,0.84875,27.1274,0.0061,0.0000,0.0,0.9823,0.2870
a,fire,fire_1,flipbook,flipbook_astc,astc6x6 64f 32px,36864,26.7641,20.6229,0.90348,28.8217,0.3006,0.0000,0.0,1.4441,0.8034
a,fire,fire_1,flipbook,flipbook_astc,astc6x6 32f 32px,18432,26.5478,20.4670,0.89968,28.7446,0.1213,0.0000,0.0,1.4817,0.6767
a,fire,fire_1,flipbook,flipbook_astc,astc6x6 16f 32px,9216,25.7002,19.7915,0.88621,28.0504,0.0584,0.0000,0.0,1.5281,0.5703
a,fire,fire_1,flipbook,flipbook_astc,astc6x6 8f 32px,4608,23.8799,18.1993,0.86200,27.4466,0.0214,0.0000,0.0,1.5486,0.4354
a,fire,fire_1,flipbook,flipbook_astc,astc6x6 4f 32px,2304,21.4209,16.0090,0.83129,27.1022,0.0050,0.0000,0.0,1.6075,0.2686
a,fire,fire_1,flipbook,flipbook_astc_mv,astc6x6 16f 128px +mv32,156672,31.6409,24.4316,0.96983,30.9834,0.4247,0.0000,0.0,0.2133,0.8573
a,fire,fire_1,flipbook,flipbook_astc_mv,astc6x6 8f 128px +mv32,78336,24.7065,17.9946,0.91181,27.6460,0.1586,0.0000,0.0,0.2861,0.6425
a,fire,fire_1,flipbook,flipbook_astc_mv,astc6x6 4f 128px +mv32,39168,20.6414,14.2877,0.85934,26.9616,0.0364,0.0000,0.0,0.2683,0.3718
a,fire,fire_1,flipbook,flipbook_astc_mv,astc6x6 16f 64px +mv16,39168,30.5252,23.7413,0.95610,31.0190,0.2708,0.0000,0.0,0.7624,0.8062
a,fire,fire_1,flipbook,flipbook_astc_mv,astc6x6 8f 64px +mv16,19584,25.7785,19.3611,0.91221,28.1384,0.1053,0.0000,0.0,0.7474,0.6326
a,fire,fire_1,flipbook,flipbook_astc_mv,astc6x6 4f 64px +mv16,9792,20.9717,14.8798,0.85717,26.9981,0.0214,0.0000,0.0,0.6968,0.3637
a,fire,fire_1,flipbook,flipbook_astc,astc8x8 64f 128px,262144,37.0618,29.5157,0.98614,35.2940,1.0363,0.0000,0.0,0.0798,1.0447
a,fire,fire_1,flipbook,flipbook_astc,astc8x8 32f 128px,131072,33.0518,25.7334,0.97295,30.9955,0.4344,0.0000,0.0,0.1005,0.8928
a,fire,fire_1,flipbook,flipbook_astc,astc8x8 16f 128px,65536,28.2576,21.3237,0.94105,28.6146,0.1353,0.0000,0.0,0.1339,0.7066
a,fire,fire_1,flipbook,flipbook_astc,astc8x8 8f 128px,32768,24.2551,17.7777,0.89586,27.5794,0.0353,0.0000,0.0,0.1529,0.5071
a,fire,fire_1,flipbook,flipbook_astc,astc8x8 4f 128px,16384,20.9956,14.9027,0.85064,27.1354,0.0070,0.0000,0.0,0.1386,0.2993
a,fire,fire_1,flipbook,flipbook_astc,astc8x8 64f 64px,65536,30.7253,23.9179,0.95260,31.0110,0.4898,0.0000,0.0,0.8661,0.9117
a,fire,fire_1,flipbook,flipbook_astc,astc8x8 32f 64px,32768,29.8220,23.1473,0.94437,29.8975,0.2279,0.0000,0.0,0.9266,0.7796
a,fire,fire_1,flipbook,flipbook_astc,astc8x8 16f 64px,16384,27.5406,21.1088,0.92203,28.3941,0.0915,0.0000,0.0,0.9787,0.6405
a,fire,fire_1,flipbook,flipbook_astc,astc8x8 8f 64px,8192,24.4075,18.3143,0.88612,27.5310,0.0280,0.0000,0.0,0.9950,0.4731
a,fire,fire_1,flipbook,flipbook_astc,astc8x8 4f 64px,4096,21.3293,15.5634,0.84617,27.1242,0.0061,0.0000,0.0,0.9914,0.2857
a,fire,fire_1,flipbook,flipbook_astc,astc8x8 64f 32px,16384,26.2012,20.1960,0.88854,28.1444,0.3815,0.0000,0.0,1.4672,0.8418
a,fire,fire_1,flipbook,flipbook_astc,astc8x8 32f 32px,8192,26.0943,20.1352,0.88640,28.4359,0.1232,0.0000,0.0,1.4963,0.6845
a,fire,fire_1,flipbook,flipbook_astc,astc8x8 16f 32px,4096,25.4399,19.6289,0.87587,27.9651,0.0570,0.0000,0.0,1.5339,0.5705
a,fire,fire_1,flipbook,flipbook_astc,astc8x8 8f 32px,2048,23.7637,18.1421,0.85440,27.4256,0.0213,0.0000,0.0,1.5606,0.4376
a,fire,fire_1,flipbook,flipbook_astc,astc8x8 4f 32px,1024,21.3771,15.9982,0.82598,27.0970,0.0050,0.0000,0.0,1.6162,0.2705
a,fire,fire_1,flipbook,flipbook_astc_mv,astc8x8 16f 128px +mv32,98304,31.2830,24.1221,0.96560,30.7244,0.4196,0.0000,0.0,0.2013,0.8556
a,fire,fire_1,flipbook,flipbook_astc_mv,astc8x8 8f 128px +mv32,49152,24.6938,18.0214,0.90956,27.6241,0.1545,0.0000,0.0,0.2763,0.6383
a,fire,fire_1,flipbook,flipbook_astc_mv,astc8x8 4f 128px +mv32,24576,20.6571,14.3328,0.85828,26.9592,0.0355,0.0000,0.0,0.2508,0.3697
a,fire,fire_1,flipbook,flipbook_astc_mv,astc8x8 16f 64px +mv16,24576,29.8602,23.1520,0.94616,30.5106,0.2591,0.0000,0.0,0.7866,0.7988
a,fire,fire_1,flipbook,flipbook_astc_mv,astc8x8 8f 64px +mv16,12288,25.6742,19.3025,0.90617,28.0734,0.0976,0.0000,0.0,0.7659,0.6214
a,fire,fire_1,flipbook,flipbook_astc_mv,astc8x8 4f 64px +mv16,6144,21.0048,14.9497,0.85438,27.0017,0.0205,0.0000,0.0,0.7135,0.3595
a,fire,fire_1,flipbook,flipbook_astc,astc10x10 64f 128px,173056,34.4652,27.0114,0.97832,33.1122,1.0795,0.0000,0.0,0.1088,1.0674
a,fire,fire_1,flipbook,flipbook_astc,astc10x10 32f 128px,86528,32.0614,24.8249,0.96652,30.6623,0.4256,0.0000,0.0,0.1296,0.8976
a,fire,fire_1,flipbook,flipbook_astc,astc10x10 16f 128px,43264,28.0178,21.1487,0.93634,28.5580,0.1319,0.0000,0.0,0.1642,0.7071
a,fire,fire_1,flipbook,flipbook_astc,astc10x10 8f 128px,21632,24.2058,17.7808,0.89252,27.5671,0.0345,0.0000,0.0,0.1857,0.5063
a,fire,fire_1,flipbook,flipbook_astc,astc10x10 4f 128px,10816,21.0170,14.9465,0.84912,27.1328,0.0069,0.0000,0.0,0.1711,0.2992
a,fire,fire_1,flipbook,flipbook_astc,astc10x10 64f 64px,50176,29.0969,22.3945,0.93647,29.6285,0.6252,0.0000,0.0,0.9359,0.9686
a,fire,fire_1,flipbook,flipbook_astc,astc10x10 32f 64px,25088,28.6029,22.0033,0.93036,29.4189,0.2329,0.0000,0.0,0.9956,0.7919
a,fire,fire_1,flipbook,flipbook_astc,astc10x10 16f 64px,12544,26.9152,20.5348,0.91163,28.2821,0.0886,0.0000,0.0,1.0460,0.6401
a,fire,fire_1,flipbook,flipbook_astc,astc10x10 8f 64px,6272,24.1846,18.1686,0.87833,27.5042,0.0275,0.0000,0.0,1.0663,0.4745
a,fire,fire_1,flipbook,flipbook_astc,astc10x10 4f 64px,3136,21.2788,15.6100,0.83974,27.1169,0.0059,0.0000,0.0,1.1140,0.2850
a,fire,fire_1,flipbook,flipbook_astc,astc10x10 64f 32px,16384,25.0309,19.0679,0.87042,27.2659,0.6057,0.0000,0.0,1.5551,0.9406
a,fire,fire_1,flipbook,flipbook_astc,astc10x10 32f 32px,8192,25.0001,19.1617,0.86690,28.0117,0.1361,0.0000,0.0,1.5792,0.7007
a,fire,fire_1,flipbook,flipbook_astc,astc10x10 16f 32px,4096,24.5291,18.8424,0.85771,27.8040,0.0535,0.0000,0.0,1.6124,0.5618
a,fire,fire_1,flipbook,flipbook_astc,astc10x10 8f 32px,2048,23.2240,17.7872,0.84002,27.3765,0.0185,0.0000,0.0,1.6196,0.4170
a,fire,fire_1,flipbook,flipbook_astc,astc10x10 4f 32px,1024,21.2346,15.9262,0.81677,27.0848,0.0045,0.0000,0.0,1.6962,0.2548
a,fire,fire_1,flipbook,flipbook_astc_mv,astc10x10 16f 128px +mv32,76032,30.7318,23.6390,0.96004,30.4391,0.4077,0.0000,0.0,0.2213,0.8516
a,fire,fire_1,flipbook,flipbook_astc_mv,astc10x10 8f 128px +mv32,38016,24.6614,18.0313,0.90649,27.6122,0.1494,0.0000,0.0,0.3002,0.6336
a,fire,fire_1,flipbook,flipbook_astc_mv,astc10x10 4f 128px +mv32,19008,20.6797,14.3786,0.85690,26.9574,0.0358,0.0000,0.0,0.2884,0.3683
a,fire,fire_1,flipbook,flipbook_astc_mv,astc10x10 16f 64px +mv16,20736,28.6537,22.0118,0.93284,29.9235,0.2404,0.0000,0.0,0.8491,0.7893
a,fire,fire_1,flipbook,flipbook_astc_mv,astc10x10 8f 64px +mv16,10368,25.3354,19.0550,0.89692,27.9871,0.0918,0.0000,0.0,0.8261,0.6173
a,fire,fire_1,flipbook,flipbook_astc_mv,astc10x10 4f 64px +mv16,5184,20.9611,15.0085,0.84829,27.0043,0.0185,0.0000,0.0,0.8380,0.3519
a,fire,fire_1,flipbook,flipbook_astc,astc12x12 64f 128px,123904,32.8628,25.5024,0.96977,31.7584,1.0768,0.0000,0.0,0.1230,1.0785
a,fire,fire_1,flipbook,flipbook_astc,astc12x12 32f 128px,61952,31.2535,24.1024,0.95949,30.3661,0.4057,0.0000,0.0,0.1521,0.8931
a,fire,fire_1,flipbook,flipbook_astc,astc12x12 16f 128px,30976,27.8109,20.9981,0.93175,28.5063,0.1288,0.0000,0.0,0.1852,0.7048
a,fire,fire_1,flipbook,flipbook_astc,astc12x12 8f 128px,15488,24.1695,17.7872,0.88993,27.5550,0.0339,0.0000,0.0,0.1989,0.5044
a,fire,fire_1,flipbook,flipbook_astc,astc12x12 4f 128px,7744,21.0255,14.9900,0.84729,27.1307,0.0068,0.0000,0.0,0.1992,0.2986
a,fire,fire_1,flipbook,flipbook_astc,astc12x12 64f 64px,36864,28.0371,21.4759,0.92497,28.8670,0.6315,0.0000,0.0,1.0107,0.9633
a,fire,fire_1,flipbook,flipbook_astc,astc12x12 32f 64px,18432,27.7373,21.2451,0.92017,29.0645,0.2122,0.0000,0.0,1.0771,0.7790
a,fire,fire_1,flipbook,flipbook_astc,astc12x12 16f 64px,9216,26.4442,20.1343,0.90370,28.1864,0.0830,0.0000,0.0,1.1356,0.6266
a,fire,fire_1,flipbook,flipbook_astc,astc12x12 8f 64px,4608,24.0547,18.0613,0.87341,27.4829,0.0259,0.0000,0.0,1.1424,0.4625
a,fire,fire_1,flipbook,flipbook_astc,astc12x12 4f 64px,2304,21.3119,15.6652,0.83909,27.1122,0.0058,0.0000,0.0,1.1299,0.2834
a,fire,fire_1,flipbook,flipbook_astc,astc12x12 64f 32px,9216,24.9417,19.0682,0.86276,27.0688,0.6140,0.0000,0.0,1.5483,0.9279
a,fire,fire_1,flipbook,flipbook_astc,astc12x12 32f 32px,4608,24.9626,19.1570,0.86153,27.8307,0.1435,0.0000,0.0,1.5831,0.7002
a,fire,fire_1,flipbook,flipbook_astc,astc12x12 16f 32px,2304,24.5906,18.9104,0.85501,27.7377,0.0507,0.0000,0.0,1.6149,0.5584
a,fire,fire_1,flipbook,flipbook_astc,astc12x12 8f 32px,1152,23.3886,17.9428,0.83809,27.3662,0.0194,0.0000,0.0,1.6337,0.4231
a,fire,fire_1,flipbook,flipbook_astc,astc12x12 4f 32px,576,21.3478,16.1325,0.81125,27.0816,0.0046,0.0000,0.0,1.6759,0.2584
a,fire,fire_1,flipbook,flipbook_astc_mv,astc12x12 16f 128px +mv32,63744,30.1970,23.1785,0.95424,30.1382,0.3905,0.0000,0.0,0.2580,0.8460
a,fire,fire_1,flipbook,flipbook_astc_mv,astc12x12 8f 128px +mv32,31872,24.6137,18.0344,0.90374,27.5891,0.1422,0.0000,0.0,0.3276,0.6284
a,fire,fire_1,flipbook,flipbook_astc_mv,astc12x12 4f 128px +mv32,15936,20.6897,14.4172,0.85478,26.9764,0.0295,0.0000,0.0,0.3188,0.3630
a,fire,fire_1,flipbook,flipbook_astc_mv,astc12x12 16f 64px +mv16,17408,27.8059,21.2614,0.92231,29.4590,0.2137,0.0000,0.0,0.9461,0.7670
a,fire,fire_1,flipbook,flipbook_astc_mv,astc12x12 8f 64px +mv16,8704,25.1286,18.9006,0.89034,27.9270,0.0776,0.0000,0.0,0.9122,0.5958
a,fire,fire_1,flipbook,flipbook_astc_mv,astc12x12 4f 64px +mv16,4352,21.0398,15.1183,0.84777,27.0206,0.0162,0.0000,0.0,0.8570,0.3473
a_interp,fire,fire_1,fire_1|interp|bc7 0f 128px,flipbook,bc7 0f 128px,524288,31.4163,24.2464,0.96427,31.4249,0.4563,0.0000,0.0,,
a_interp,fire,fire_1,fire_1|interp|bc7 0f 128px +mv32,flipbook_mv,bc7 0f 128px +mv32,589824,37.8425,30.4526,0.99124,37.4158,0.8762,0.0000,0.0,,
a_interp,fire,fire_1,fire_1|interp|astc4x4 0f 128px,flipbook,astc4x4 0f 128px,524288,31.4587,24.2900,0.96547,31.4464,0.4563,0.0000,0.0,,
a_interp,fire,fire_1,fire_1|interp|astc4x4 0f 128px +mv32,flipbook_mv,astc4x4 0f 128px +mv32,589824,37.9491,30.5529,0.99193,37.6251,0.8689,0.0000,0.0,,
a,fire,fire_2,flipbook,flipbook_bc7,bc7 64f 128px,1048576,50.5850,38.8535,0.99869,48.7038,1.0999,0.0000,0.0,0.0264,1.0385
a,fire,fire_2,flipbook,flipbook_bc7,bc7 32f 128px,524288,43.4435,31.9327,0.99536,40.9618,0.6411,0.0000,0.0,0.0420,0.9360
a,fire,fire_2,flipbook,flipbook_bc7,bc7 16f 128px,262144,36.7266,25.6685,0.98493,37.5788,0.2404,0.0000,0.0,0.0789,0.7578
a,fire,fire_2,flipbook,flipbook_bc7,bc7 8f 128px,131072,31.8115,21.2479,0.96616,36.1092,0.0606,0.0000,0.0,0.1065,0.5277
a,fire,fire_2,flipbook,flipbook_bc7,bc7 4f 128px,65536,28.4574,18.1808,0.94676,35.5501,0.0146,0.0000,0.0,0.1778,0.3231
a,fire,fire_2,flipbook,flipbook_bc7,bc7 64f 64px,262144,37.4543,26.7626,0.98702,40.7702,0.3614,0.0000,0.0,0.8676,0.8614
a,fire,fire_2,flipbook,flipbook_bc7,bc7 32f 64px,131072,36.7903,26.1973,0.98470,39.2371,0.2815,0.0000,0.0,0.9010,0.7902
a,fire,fire_2,flipbook,flipbook_bc7,bc7 16f 64px,65536,34.7770,24.4640,0.97696,37.2197,0.1444,0.0000,0.0,0.9417,0.6676
a,fire,fire_2,flipbook,flipbook_bc7,bc7 8f 64px,32768,31.6608,21.6795,0.96160,36.0307,0.0442,0.0000,0.0,0.9807,0.4857
a,fire,fire_2,flipbook,flipbook_bc7,bc7 4f 64px,16384,28.7588,19.0077,0.94480,35.5289,0.0125,0.0000,0.0,1.0342,0.3046
a,fire,fire_2,flipbook,flipbook_bc7,bc7 64f 32px,65536,31.8454,22.1584,0.95996,37.3036,0.1774,0.0000,0.0,1.4566,0.6941
a,fire,fire_2,flipbook,flipbook_bc7,bc7 32f 32px,32768,31.7397,22.0913,0.95898,37.1538,0.1130,0.0000,0.0,1.4714,0.6365
a,fire,fire_2,flipbook,flipbook_bc7,bc7 16f 32px,16384,31.2970,21.7914,0.95501,36.5143,0.0700,0.0000,0.0,1.4997,0.5508
a,fire,fire_2,flipbook,flipbook_bc7,bc7 8f 32px,8192,30.1226,20.8656,0.94564,35.8323,0.0274,0.0000,0.0,1.5462,0.4236
a,fire,fire_2,flipbook,flipbook_bc7,bc7 4f 32px,4096,28.4194,19.3291,0.93489,35.4808,0.0099,0.0000,0.0,1.5951,0.2786
a,fire,fire_2,flipbook,flipbook_bc7_mv,bc7 16f 128px +mv32,294912,40.9390,29.5751,0.99419,41.2920,0.7006,0.0000,0.0,0.1892,0.9420
a,fire,fire_2,flipbook,flipbook_bc7_mv,bc7 8f 128px +mv32,147456,32.2154,21.4921,0.97027,36.2234,0.1847,0.0000,0.0,0.2661,0.6369
a,fire,fire_2,flipbook,flipbook_bc7_mv,bc7 4f 128px +mv32,73728,28.5104,18.1228,0.94821,35.4698,0.0445,0.0000,0.0,0.3182,0.3792
a,fire,fire_2,flipbook,flipbook_bc7_mv,bc7 16f 64px +mv16,73728,36.7699,26.0918,0.98558,39.6567,0.2827,0.0000,0.0,0.7588,0.8060
a,fire,fire_2,flipbook,flipbook_bc7_mv,bc7 8f 64px +mv16,36864,32.7994,22.5044,0.97036,36.8105,0.1094,0.0000,0.0,0.7506,0.6072
a,fire,fire_2,flipbook,flipbook_bc7_mv,bc7 4f 64px +mv16,18432,28.7528,18.8210,0.94594,35.4831,0.0247,0.0000,0.0,0.7796,0.3516
a,fire,fire_2,flipbook,flipbook_astc,astc4x4 64f 128px,1048576,52.2196,40.4619,0.99907,50.3095,1.0596,0.0000,0.0,0.0124,1.0195
a,fire,fire_2,flipbook,flipbook_astc,astc4x4 32f 128px,524288,43.6788,32.1477,0.99574,41.0264,0.6366,0.0000,0.0,0.0431,0.9259
a,fire,fire_2,flipbook,flipbook_astc,astc4x4 16f 128px,262144,36.7769,25.7029,0.98535,37.5876,0.2407,0.0000,0.0,0.0908,0.7523
a,fire,fire_2,flipbook,flipbook_astc,astc4x4 8f 128px,131072,31.8248,21.2405,0.96654,36.1110,0.0607,0.0000,0.0,0.1157,0.5247
a,fire,fire_2,flipbook,flipbook_astc,astc4x4 4f 128px,65536,28.4625,18.1677,0.94719,35.5496,0.0146,0.0000,0.0,0.1890,0.3212
a,fire,fire_2,flipbook,flipbook_astc,astc4x4 64f 64px,262144,37.5217,26.7935,0.98830,40.8535,0.3454,0.0000,0.0,0.8791,0.8424
a,fire,fire_2,flipbook,flipbook_astc,astc4x4 32f 64px,131072,36.8530,26.2339,0.98598,39.2539,0.2781,0.0000,0.0,0.9093,0.7748
a,fire,fire_2,flipbook,flipbook_astc,astc4x4 16f 64px,65536,34.8248,24.4781,0.97831,37.2251,0.1442,0.0000,0.0,0.9472,0.6597
a,fire,fire_2,flipbook,flipbook_astc,astc4x4 8f 64px,32768,31.6808,21.6720,0.96310,36.0314,0.0440,0.0000,0.0,0.9900,0.4811
a,fire,fire_2,flipbook,flipbook_astc,astc4x4 4f 64px,16384,28.7703,19.0071,0.94633,35.5299,0.0123,0.0000,0.0,1.0458,0.3017
a,fire,fire_2,flipbook,flipbook_astc,astc4x4 64f 32px,65536,31.8771,22.1634,0.96158,37.3575,0.1622,0.0000,0.0,1.4596,0.6794
a,fire,fire_2,flipbook,flipbook_astc,astc4x4 32f 32px,32768,31.7756,22.1102,0.96068,37.1846,0.1103,0.0000,0.0,1.4720,0.6208
a,fire,fire_2,flipbook,flipbook_astc,astc4x4 16f 32px,16384,31.3264,21.8136,0.95690,36.5277,0.0711,0.0000,0.0,1.5048,0.5463
a,fire,fire_2,flipbook,flipbook_astc,astc4x4 8f 32px,8192,30.1292,20.8581,0.94716,35.8358,0.0274,0.0000,0.0,1.5479,0.4196
a,fire,fire_2,flipbook,flipbook_astc,astc4x4 4f 32px,4096,28.4002,19.3123,0.93605,35.4811,0.0098,0.0000,0.0,1.6040,0.2742
a,fire,fire_2,flipbook,flipbook_astc_mv,astc4x4 16f 128px +mv32,294912,41.0498,29.6714,0.99447,41.3993,0.6876,0.0000,0.0,0.2007,0.9312
a,fire,fire_2,flipbook,flipbook_astc_mv,astc4x4 8f 128px +mv32,147456,32.2227,21.4878,0.97056,36.2287,0.1825,0.0000,0.0,0.2747,0.6318
a,fire,fire_2,flipbook,flipbook_astc_mv,astc4x4 4f 128px +mv32,73728,28.5089,18.1051,0.94854,35.4727,0.0434,0.0000,0.0,0.3245,0.3757
a,fire,fire_2,flipbook,flipbook_astc_mv,astc4x4 16f 64px +mv16,73728,36.8548,26.1417,0.98697,39.6932,0.2823,0.0000,0.0,0.7617,0.7949
a,fire,fire_2,flipbook,flipbook_astc_mv,astc4x4 8f 64px +mv16,36864,32.8303,22.5060,0.97187,36.8202,0.1083,0.0000,0.0,0.7535,0.5997
a,fire,fire_2,flipbook,flipbook_astc_mv,astc4x4 4f 64px +mv16,18432,28.7504,18.8089,0.94731,35.4824,0.0245,0.0000,0.0,0.7867,0.3484
a,fire,fire_2,flipbook,flipbook_astc,astc5x5 64f 128px,692224,48.0326,36.2891,0.99814,46.2162,1.1450,0.0000,0.0,0.0360,1.0434
a,fire,fire_2,flipbook,flipbook_astc,astc5x5 32f 128px,346112,42.9564,31.4459,0.99500,40.8014,0.6381,0.0000,0.0,0.0507,0.9313
a,fire,fire_2,flipbook,flipbook_astc,astc5x5 16f 128px,173056,36.6603,25.6021,0.98484,37.5605,0.2389,0.0000,0.0,0.0919,0.7529
a,fire,fire_2,flipbook,flipbook_astc,astc5x5 8f 128px,86528,31.8152,21.2336,0.96619,36.1057,0.0606,0.0000,0.0,0.1252,0.5246
a,fire,fire_2,flipbook,flipbook_astc,astc5x5 4f 128px,43264,28.4595,18.1643,0.94702,35.5482,0.0145,0.0000,0.0,0.1967,0.3217
a,fire,fire_2,flipbook,flipbook_astc,astc5x5 64f 64px,173056,37.1335,26.4135,0.98664,40.1012,0.4625,0.0000,0.0,0.8768,0.8808
a,fire,fire_2,flipbook,flipbook_astc,astc5x5 32f 64px,86528,36.5664,25.9546,0.98456,39.0628,0.2890,0.0000,0.0,0.9104,0.7876
a,fire,fire_2,flipbook,flipbook_astc,astc5x5 16f 64px,43264,34.6445,24.2971,0.97705,37.1851,0.1450,0.0000,0.0,0.9510,0.6639
a,fire,fire_2,flipbook,flipbook_astc,astc5x5 8f 64px,21632,31.6109,21.6009,0.96227,36.0241,0.0442,0.0000,0.0,0.9757,0.4819
a,fire,fire_2,flipbook,flipbook_astc,astc5x5 4f 64px,10816,28.7250,18.9410,0.94572,35.5283,0.0123,0.0000,0.0,1.0435,0.3020
a,fire,fire_2,flipbook,flipbook_astc,astc5x5 64f 32px,50176,31.6862,21.9821,0.95966,36.8833,0.3487,0.0000,0.0,1.4782,0.7595
a,fire,fire_2,flipbook,flipbook_astc,astc5x5 32f 32px,25088,31.5945,21.9282,0.95870,37.0327,0.1327,0.0000,0.0,1.4918,0.6460
a,fire,fire_2,flipbook,flipbook_astc,astc5x5 16f 32px,12544,31.1528,21.6127,0.95507,36.4788,0.0709,0.0000,0.0,1.5314,0.5510
a,fire,fire_2,flipbook,flipbook_astc,astc5x5 8f 32px,6272,30.0337,20.7243,0.94624,35.8216,0.0271,0.0000,0.0,1.5694,0.4178
a,fire,fire_2,flipbook,flipbook_astc,astc5x5 4f 32px,3136,28.3569,19.2434,0.93521,35.4771,0.0096,0.0000,0.0,1.6125,0.2722
a,fire,fire_2,flipbook,flipbook_astc_mv,astc5x5 16f 128px +mv32,205824,40.7378,29.3771,0.99389,41.1468,0.6926,0.0000,0.0,0.2021,0.9333
a,fire,fire_2,flipbook,flipbook_astc_mv,astc5x5 8f 128px +mv32,102912,32.2165,21.4882,0.97023,36.2154,0.1833,0.0000,0.0,0.2871,0.6326
a,fire,fire_2,flipbook,flipbook_astc_mv,astc5x5 4f 128px +mv32,51456,28.5060,18.1052,0.94833,35.4690,0.0435,0.0000,0.0,0.3342,0.3761
a,fire,fire_2,flipbook,flipbook_astc_mv,astc5x5 16f 64px +mv16,51456,36.5319,25.8194,0.98554,39.5211,0.2861,0.0000,0.0,0.7627,0.8021
a,fire,fire_2,flipbook,flipbook_astc_mv,astc5x5 8f 64px +mv16,25728,32.7220,22.4030,0.97093,36.7959,0.1094,0.0000,0.0,0.7430,0.6023
a,fire,fire_2,flipbook,flipbook_astc_mv,astc5x5 4f 64px +mv16,12864,28.7245,18.7551,0.94664,35.4824,0.0244,0.0000,0.0,0.7898,0.3481
a,fire,fire_2,flipbook,flipbook_astc,astc6x6 64f 128px,495616,45.6278,33.9313,0.99703,44.0870,1.2114,0.0000,0.0,0.0591,1.0574
a,fire,fire_2,flipbook,flipbook_astc,astc6x6 32f 128px,247808,42.2109,30.7418,0.99408,40.5575,0.6359,0.0000,0.0,0.0678,0.9330
a,fire,fire_2,flipbook,flipbook_astc,astc6x6 16f 128px,123904,36.5033,25.4595,0.98415,37.5277,0.2368,0.0000,0.0,0.0991,0.7508
a,fire,fire_2,flipbook,flipbook_astc,astc6x6 8f 128px,61952,31.7927,21.2179,0.96588,36.1003,0.0600,0.0000,0.0,0.1214,0.5235
a,fire,fire_2,flipbook,flipbook_astc,astc6x6 4f 128px,30976,28.4741,18.1737,0.94686,35.5472,0.0144,0.0000,0.0,0.1928,0.3212
a,fire,fire_2,flipbook,flipbook_astc,astc6x6 64f 64px,123904,36.6344,25.9498,0.98455,39.4268,0.5535,0.0000,0.0,0.8965,0.9023
a,fire,fire_2,flipbook,flipbook_astc,astc6x6 32f 64px,61952,36.1583,25.5765,0.98263,38.8257,0.2965,0.0000,0.0,0.9310,0.7936
a,fire,fire_2,flipbook,flipbook_astc,astc6x6 16f 64px,30976,34.4275,24.1099,0.97547,37.1345,0.1430,0.0000,0.0,0.9702,0.6606
a,fire,fire_2,flipbook,flipbook_astc,astc6x6 8f 64px,15488,31.5500,21.5601,0.96118,36.0131,0.0436,0.0000,0.0,1.0058,0.4812
a,fire,fire_2,flipbook,flipbook_astc,astc6x6 4f 64px,7744,28.7220,18.9614,0.94500,35.5251,0.0124,0.0000,0.0,1.0689,0.3020
a,fire,fire_2,flipbook,flipbook_astc,astc6x6 64f 32px,36864,31.4809,21.7837,0.95703,36.4988,0.4939,0.0000,0.0,1.4865,0.8210
a,fire,fire_2,flipbook,flipbook_astc,astc6x6 32f 32px,18432,31.4009,21.7566,0.95612,36.8549,0.1478,0.0000,0.0,1.5151,0.6582
a,fire,fire_2,flipbook,flipbook_astc,astc6x6 16f 32px,9216,31.0300,21.5225,0.95291,36.4230,0.0714,0.0000,0.0,1.5430,0.5519
a,fire,fire_2,flipbook,flipbook_astc,astc6x6 8f 32px,4608,29.9750,20.7043,0.94408,35.8100,0.0277,0.0000,0.0,1.5771,0.4238
a,fire,fire_2,flipbook,flipbook_astc,astc6x6 4f 32px,2304,28.3370,19.2534,0.93365,35.4750,0.0100,0.0000,0.0,1.6188,0.2783
a,fire,fire_2,flipbook,flipbook_astc_mv,astc6x6 16f 128px +mv32,156672,40.3520,29.0053,0.99311,40.9047,0.7055,0.0000,0.0,0.2004,0.9314
a,fire,fire_2,flipbook,flipbook_astc_mv,astc6x6 8f 128px +mv32,78336,32.1767,21.4538,0.96984,36.1965,0.1827,0.0000,0.0,0.2746,0.6297
a,fire,fire_2,flipbook,flipbook_astc_mv,astc6x6 4f 128px +mv32,39168,28.5218,18.1140,0.94819,35.4694,0.0430,0.0000,0.0,0.3335,0.3742
a,fire,fire_2,flipbook,flipbook_astc_mv,astc6x6 16f 64px +mv16,39168,36.1701,25.4877,0.98368,39.2964,0.2881,0.0000,0.0,0.7859,0.7985
a,fire,fire_2,flipbook,flipbook_astc_mv,astc6x6 8f 64px +mv16,19584,32.6227,22.3229,0.96954,36.7531,0.1093,0.0000,0.0,0.7742,0.5990
a,fire,fire_2,flipbook,flipbook_astc_mv,astc6x6 4f 64px +mv16,9792,28.7246,18.7830,0.94599,35.4834,0.0238,0.0000,0.0,0.8135,0.3480
a,fire,fire_2,flipbook,flipbook_astc,astc8x8 64f 128px,262144,42.4965,30.8908,0.99460,41.2806,1.3851,0.0000,0.0,0.0995,1.0970
a,fire,fire_2,flipbook,flipbook_astc,astc8x8 32f 128px,131072,40.7596,29.3695,0.99206,40.0175,0.6325,0.0000,0.0,0.1088,0.9427
a,fire,fire_2,flipbook,flipbook_astc,astc8x8 16f 128px,65536,36.1929,25.2131,0.98265,37.4465,0.2322,0.0000,0.0,0.1308,0.7529
a,fire,fire_2,flipbook,flipbook_astc,astc8x8 8f 128px,32768,31.7507,21.2299,0.96490,36.0832,0.0589,0.0000,0.0,0.1580,0.5218
a,fire,fire_2,flipbook,flipbook_astc,astc8x8 4f 128px,16384,28.4788,18.2224,0.94651,35.5436,0.0142,0.0000,0.0,0.2002,0.3194
a,fire,fire_2,flipbook,flipbook_astc,astc8x8 64f 64px,65536,35.7294,25.1542,0.98013,38.3154,0.7346,0.0000,0.0,0.8982,0.9525
a,fire,fire_2,flipbook,flipbook_astc,astc8x8 32f 64px,32768,35.3820,24.8957,0.97850,38.4097,0.2882,0.0000,0.0,0.9471,0.7948
a,fire,fire_2,flipbook,flipbook_astc,astc8x8 16f 64px,16384,33.9811,23.7343,0.97214,37.0368,0.1363,0.0000,0.0,0.9804,0.6589
a,fire,fire_2,flipbook,flipbook_astc,astc8x8 8f 64px,8192,31.4159,21.4918,0.95845,35.9891,0.0418,0.0000,0.0,1.0188,0.4731
a,fire,fire_2,flipbook,flipbook_astc,astc8x8 4f 64px,4096,28.7383,19.0079,0.94396,35.5203,0.0120,0.0000,0.0,1.0656,0.2984
a,fire,fire_2,flipbook,flipbook_astc,astc8x8 64f 32px,16384,31.0190,21.4708,0.95039,35.6697,0.7851,0.0000,0.0,1.4947,0.9239
a,fire,fire_2,flipbook,flipbook_astc,astc8x8 32f 32px,8192,30.9905,21.4930,0.94975,36.4264,0.1906,0.0000,0.0,1.5181,0.7144
a,fire,fire_2,flipbook,flipbook_astc,astc8x8 16f 32px,4096,30.6978,21.3243,0.94733,36.2584,0.0699,0.0000,0.0,1.5458,0.5654
a,fire,fire_2,flipbook,flipbook_astc,astc8x8 8f 32px,2048,29.8194,20.6224,0.94027,35.7711,0.0257,0.0000,0.0,1.5833,0.4149
a,fire,fire_2,flipbook,flipbook_astc,astc8x8 4f 32px,1024,28.3797,19.4301,0.93156,35.4669,0.0096,0.0000,0.0,1.6146,0.2737
a,fire,fire_2,flipbook,flipbook_astc_mv,astc8x8 16f 128px +mv32,98304,39.5406,28.2646,0.99126,40.3872,0.6862,0.0000,0.0,0.2058,0.9312
a,fire,fire_2,flipbook,flipbook_astc_mv,astc8x8 8f 128px +mv32,49152,32.1296,21.4520,0.96872,36.1565,0.1787,0.0000,0.0,0.2839,0.6272
a,fire,fire_2,flipbook,flipbook_astc_mv,astc8x8 4f 128px +mv32,24576,28.5215,18.1472,0.94780,35.4605,0.0433,0.0000,0.0,0.3355,0.3720
a,fire,fire_2,flipbook,flipbook_astc_mv,astc8x8 16f 64px +mv16,24576,35.4194,24.8296,0.97969,38.8189,0.2808,0.0000,0.0,0.8006,0.7925
a,fire,fire_2,flipbook,flipbook_astc_mv,astc8x8 8f 64px +mv16,12288,32.3933,22.1575,0.96650,36.6565,0.1038,0.0000,0.0,0.7996,0.5890
a,fire,fire_2,flipbook,flipbook_astc_mv,astc8x8 4f 64px +mv16,6144,28.7182,18.7921,0.94482,35.4767,0.0227,0.0000,0.0,0.8148,0.3406
a,fire,fire_2,flipbook,flipbook_astc,astc10x10 64f 128px,173056,39.8233,28.3334,0.99151,39.1837,1.6248,0.0000,0.0,0.1286,1.1336
a,fire,fire_2,flipbook,flipbook_astc,astc10x10 32f 128px,86528,39.0081,27.7301,0.98933,39.3633,0.6436,0.0000,0.0,0.1346,0.9534
a,fire,fire_2,flipbook,flipbook_astc,astc10x10 16f 128px,43264,35.6194,24.7295,0.98040,37.3306,0.2283,0.0000,0.0,0.1584,0.7518
a,fire,fire_2,flipbook,flipbook_astc,astc10x10 8f 128px,21632,31.6117,21.1600,0.96343,36.0604,0.0582,0.0000,0.0,0.1827,0.5196
a,fire,fire_2,flipbook,flipbook_astc,astc10x10 4f 128px,10816,28.4663,18.2711,0.94550,35.5382,0.0141,0.0000,0.0,0.2399,0.3188
a,fire,fire_2,flipbook,flipbook_astc,astc10x10 64f 64px,50176,34.2587,23.7878,0.97412,36.8406,1.1053,0.0000,0.0,0.9805,1.0222
a,fire,fire_2,flipbook,flipbook_astc,astc10x10 32f 64px,25088,34.0765,23.7082,0.97288,37.7430,0.3195,0.0000,0.0,1.0365,0.8097
a,fire,fire_2,flipbook,flipbook_astc,astc10x10 16f 64px,12544,33.0614,22.9069,0.96742,36.8307,0.1309,0.0000,0.0,1.0780,0.6529
a,fire,fire_2,flipbook,flipbook_astc,astc10x10 8f 64px,6272,31.0553,21.2198,0.95560,35.9397,0.0420,0.0000,0.0,1.0955,0.4805
a,fire,fire_2,flipbook,flipbook_astc,astc10x10 4f 64px,3136,28.5188,18.8584,0.94222,35.5093,0.0124,0.0000,0.0,1.1254,0.3004
a,fire,fire_2,flipbook,flipbook_astc,astc10x10 64f 32px,16384,30.0816,20.7590,0.94261,34.6495,1.2505,0.0000,0.0,1.5529,1.0471
a,fire,fire_2,flipbook,flipbook_astc,astc10x10 32f 32px,8192,30.1319,20.8660,0.94232,35.8698,0.2580,0.0000,0.0,1.5718,0.7723
a,fire,fire_2,flipbook,flipbook_astc,astc10x10 16f 32px,4096,29.8851,20.6370,0.94101,36.0140,0.0702,0.0000,0.0,1.6073,0.5584
a,fire,fire_2,flipbook,flipbook_astc,astc10x10 8f 32px,2048,29.1707,20.0965,0.93530,35.6904,0.0229,0.0000,0.0,1.6443,0.3948
a,fire,fire_2,flipbook,flipbook_astc,astc10x10 4f 32px,1024,27.9932,19.0929,0.92736,35.4460,0.0083,0.0000,0.0,1.6614,0.2534
a,fire,fire_2,flipbook,flipbook_astc_mv,astc10x10 16f 128px +mv32,76032,38.3266,27.1452,0.98880,39.7609,0.6927,0.0000,0.0,0.2086,0.9294
a,fire,fire_2,flipbook,flipbook_astc_mv,astc10x10 8f 128px +mv32,38016,32.0054,21.3911,0.96740,36.1224,0.1753,0.0000,0.0,0.2607,0.6221
a,fire,fire_2,flipbook,flipbook_astc_mv,astc10x10 4f 128px +mv32,19008,28.5389,18.2028,0.94688,35.4483,0.0459,0.0000,0.0,0.3259,0.3713
a,fire,fire_2,flipbook,flipbook_astc_mv,astc10x10 16f 64px +mv16,20736,34.1074,23.6508,0.97421,38.1233,0.2718,0.0000,0.0,0.8986,0.7865
a,fire,fire_2,flipbook,flipbook_astc_mv,astc10x10 8f 64px +mv16,10368,31.8853,21.7693,0.96289,36.5088,0.0952,0.0000,0.0,0.8697,0.5894
a,fire,fire_2,flipbook,flipbook_astc_mv,astc10x10 4f 64px +mv16,5184,28.5850,18.7562,0.94332,35.4697,0.0218,0.0000,0.0,0.8734,0.3426
a,fire,fire_2,flipbook,flipbook_astc,astc12x12 64f 128px,123904,38.4122,26.9860,0.98863,38.0675,1.7838,0.0000,0.0,0.1503,1.1591
a,fire,fire_2,flipbook,flipbook_astc,astc12x12 32f 128px,61952,37.9167,26.6789,0.98701,38.9125,0.6250,0.0000,0.0,0.1598,0.9475
a,fire,fire_2,flipbook,flipbook_astc,astc12x12 16f 128px,30976,35.2019,24.3480,0.97865,37.2270,0.2184,0.0000,0.0,0.1833,0.7476
a,fire,fire_2,flipbook,flipbook_astc,astc12x12 8f 128px,15488,31.5469,21.0994,0.96245,36.0430,0.0578,0.0000,0.0,0.2077,0.5217
a,fire,fire_2,flipbook,flipbook_astc,astc12x12 4f 128px,7744,28.4293,18.2173,0.94506,35.5333,0.0139,0.0000,0.0,0.2407,0.3172
a,fire,fire_2,flipbook,flipbook_astc,astc12x12 64f 64px,36864,33.4521,23.1414,0.96900,35.9813,1.2889,0.0000,0.0,1.0187,1.0599
a,fire,fire_2,flipbook,flipbook_astc,astc12x12 32f 64px,18432,33.3837,23.1495,0.96863,37.2044,0.3241,0.0000,0.0,1.0753,0.8171
a,fire,fire_2,flipbook,flipbook_astc,astc12x12 16f 64px,9216,32.6110,22.5785,0.96391,36.6643,0.1230,0.0000,0.0,1.1074,0.6487
a,fire,fire_2,flipbook,flipbook_astc,astc12x12 8f 64px,4608,30.8214,21.0882,0.95264,35.8984,0.0383,0.0000,0.0,1.1174,0.4665
a,fire,fire_2,flipbook,flipbook_astc,astc12x12 4f 64px,2304,28.5556,18.9876,0.94001,35.4988,0.0114,0.0000,0.0,1.1732,0.2974
a,fire,fire_2,flipbook,flipbook_astc,astc12x12 64f 32px,9216,29.5531,20.4877,0.93674,33.9841,1.6912,0.0000,0.0,1.6312,1.1855
a,fire,fire_2,flipbook,flipbook_astc,astc12x12 32f 32px,4608,29.6100,20.5743,0.93629,35.5477,0.2911,0.0000,0.0,1.6582,0.8168
a,fire,fire_2,flipbook,flipbook_astc,astc12x12 16f 32px,2304,29.4495,20.5331,0.93433,35.8737,0.0788,0.0000,0.0,1.6959,0.5855
a,fire,fire_2,flipbook,flipbook_astc,astc12x12 8f 32px,1152,28.8320,20.1307,0.92789,35.6575,0.0270,0.0000,0.0,1.7028,0.4397
a,fire,fire_2,flipbook,flipbook_astc,astc12x12 4f 32px,576,27.7311,19.1862,0.92271,35.4331,0.0091,0.0000,0.0,1.7208,0.2756
a,fire,fire_2,flipbook,flipbook_astc_mv,astc12x12 16f 128px +mv32,63744,37.5294,26.3939,0.98667,39.3186,0.6681,0.0000,0.0,0.2230,0.9196
a,fire,fire_2,flipbook,flipbook_astc_mv,astc12x12 8f 128px +mv32,31872,31.9115,21.3023,0.96626,36.1009,0.1688,0.0000,0.0,0.2799,0.6168
a,fire,fire_2,flipbook,flipbook_astc_mv,astc12x12 4f 128px +mv32,15936,28.5140,18.1812,0.94628,35.4458,0.0431,0.0000,0.0,0.3072,0.3694
a,fire,fire_2,flipbook,flipbook_astc_mv,astc12x12 16f 64px +mv16,17408,33.4128,23.1183,0.96975,37.5503,0.2519,0.0000,0.0,0.9317,0.7770
a,fire,fire_2,flipbook,flipbook_astc_mv,astc12x12 8f 64px +mv16,8704,31.5382,21.5366,0.95944,36.3916,0.0888,0.0000,0.0,0.9033,0.5671
a,fire,fire_2,flipbook,flipbook_astc_mv,astc12x12 4f 64px +mv16,4352,28.6029,18.8271,0.94138,35.4644,0.0201,0.0000,0.0,0.9151,0.3356
a_interp,fire,fire_2,fire_2|interp|bc7 0f 128px,flipbook,bc7 0f 128px,524288,40.8790,29.6174,0.99200,40.9618,0.6411,0.0000,0.0,,
a_interp,fire,fire_2,fire_2|interp|bc7 0f 128px +mv32,flipbook_mv,bc7 0f 128px +mv32,589824,44.3885,32.9388,0.99731,43.9934,1.0579,0.0000,0.0,,
a_interp,fire,fire_2,fire_2|interp|astc4x4 0f 128px,flipbook,astc4x4 0f 128px,524288,40.9872,29.7197,0.99243,41.0264,0.6366,0.0000,0.0,,
a_interp,fire,fire_2,fire_2|interp|astc4x4 0f 128px +mv32,flipbook_mv,astc4x4 0f 128px +mv32,589824,44.5595,33.1014,0.99747,44.2865,1.0352,0.0000,0.0,,
a,fire,fire_3,flipbook,flipbook_bc7,bc7 64f 128px,1048576,47.3782,38.6021,0.99762,45.0100,1.0236,0.0000,0.0,0.0156,1.0231
a,fire,fire_3,flipbook,flipbook_bc7,bc7 32f 128px,524288,35.9285,27.4452,0.98485,33.0746,0.4430,0.0000,0.0,0.0595,0.8588
a,fire,fire_3,flipbook,flipbook_bc7,bc7 16f 128px,262144,30.2199,22.1873,0.95785,30.3913,0.1135,0.0000,0.0,0.1091,0.6111
a,fire,fire_3,flipbook,flipbook_bc7,bc7 8f 128px,131072,26.5787,18.9683,0.92435,29.4689,0.0222,0.0000,0.0,0.1347,0.3826
a,fire,fire_3,flipbook,flipbook_bc7,bc7 4f 128px,65536,24.1043,16.8667,0.89354,29.1672,0.0041,0.0000,0.0,0.1214,0.2119
a,fire,fire_3,flipbook,flipbook_bc7,bc7 64f 64px,262144,34.1397,26.2778,0.97614,34.9124,0.3603,0.0000,0.0,0.8922,0.8070
a,fire,fire_3,flipbook,flipbook_bc7,bc7 32f 64px,131072,32.5759,24.8466,0.96734,32.0866,0.2185,0.0000,0.0,0.9423,0.7015
a,fire,fire_3,flipbook,flipbook_bc7,bc7 16f 64px,65536,29.7457,22.2702,0.94670,30.2085,0.0709,0.0000,0.0,0.9897,0.5285
a,fire,fire_3,flipbook,flipbook_bc7,bc7 8f 64px,32768,26.8835,19.7191,0.91921,29.4266,0.0158,0.0000,0.0,1.0187,0.3455
a,fire,fire_3,flipbook,flipbook_bc7,bc7 4f 64px,16384,24.6052,17.7381,0.89167,29.1562,0.0033,0.0000,0.0,1.0300,0.1954
a,fire,fire_3,flipbook,flipbook_bc7,bc7 64f 32px,65536,28.7381,21.6497,0.92822,31.0889,0.1426,0.0000,0.0,1.4884,0.6234
a,fire,fire_3,flipbook,flipbook_bc7,bc7 32f 32px,32768,28.4775,21.4419,0.92390,30.6009,0.0884,0.0000,0.0,1.5121,0.5437
a,fire,fire_3,flipbook,flipbook_bc7,bc7 16f 32px,16384,27.6787,20.7991,0.91346,29.8298,0.0374,0.0000,0.0,1.5582,0.4330
a,fire,fire_3,flipbook,flipbook_bc7,bc7 8f 32px,8192,26.2840,19.6098,0.89612,29.3320,0.0103,0.0000,0.0,1.5795,0.2989
a,fire,fire_3,flipbook,flipbook_bc7,bc7 4f 32px,4096,24.7024,18.2493,0.87616,29.1302,0.0025,0.0000,0.0,1.5866,0.1728
a,fire,fire_3,flipbook,flipbook_bc7_mv,bc7 16f 128px +mv32,294912,33.8266,25.5705,0.97864,33.0048,0.3624,0.0000,0.0,0.1811,0.7844
a,fire,fire_3,flipbook,flipbook_bc7_mv,bc7 8f 128px +mv32,147456,27.0952,19.3388,0.93347,29.5885,0.0831,0.0000,0.0,0.2669,0.4863
a,fire,fire_3,flipbook,flipbook_bc7_mv,bc7 4f 128px +mv32,73728,24.0377,16.6812,0.89817,29.1215,0.0122,0.0000,0.0,0.2631,0.2539
a,fire,fire_3,flipbook,flipbook_bc7_mv,bc7 16f 64px +mv16,73728,32.7134,24.9605,0.96777,33.0023,0.2066,0.0000,0.0,0.8319,0.7004
a,fire,fire_3,flipbook,flipbook_bc7_mv,bc7 8f 64px +mv16,36864,28.3178,20.8721,0.93610,30.0030,0.0470,0.0000,0.0,0.8002,0.4596
a,fire,fire_3,flipbook,flipbook_bc7_mv,bc7 4f 64px +mv16,18432,24.6018,17.5178,0.89703,29.1358,0.0058,0.0000,0.0,0.7592,0.2259
a,fire,fire_3,flipbook,flipbook_astc,astc4x4 64f 128px,1048576,49.0203,40.2361,0.99848,46.5688,1.0108,0.0000,0.0,0.0072,1.0095
a,fire,fire_3,flipbook,flipbook_astc,astc4x4 32f 128px,524288,36.0155,27.5231,0.98576,33.0970,0.4419,0.0000,0.0,0.0650,0.8514
a,fire,fire_3,flipbook,flipbook_astc,astc4x4 16f 128px,262144,30.2404,22.1973,0.95870,30.3952,0.1135,0.0000,0.0,0.1158,0.6071
a,fire,fire_3,flipbook,flipbook_astc,astc4x4 8f 128px,131072,26.5858,18.9641,0.92538,29.4691,0.0222,0.0000,0.0,0.1417,0.3802
a,fire,fire_3,flipbook,flipbook_astc,astc4x4 4f 128px,65536,24.1083,16.8546,0.89463,29.1673,0.0040,0.0000,0.0,0.1264,0.2107
a,fire,fire_3,flipbook,flipbook_astc,astc4x4 64f 64px,262144,34.2294,26.3430,0.97865,34.9737,0.3548,0.0000,0.0,0.8988,0.7923
a,fire,fire_3,flipbook,flipbook_astc,astc4x4 32f 64px,131072,32.6345,24.8843,0.96981,32.0994,0.2179,0.0000,0.0,0.9478,0.6926
a,fire,fire_3,flipbook,flipbook_astc,astc4x4 16f 64px,65536,29.7817,22.2853,0.94929,30.2123,0.0714,0.0000,0.0,0.9949,0.5250
a,fire,fire_3,flipbook,flipbook_astc,astc4x4 8f 64px,32768,26.8917,19.7083,0.92166,29.4273,0.0159,0.0000,0.0,1.0237,0.3432
a,fire,fire_3,flipbook,flipbook_astc,astc4x4 4f 64px,16384,24.6072,17.7194,0.89430,29.1566,0.0032,0.0000,0.0,1.0367,0.1937
a,fire,fire_3,flipbook,flipbook_astc,astc4x4 64f 32px,65536,28.7811,21.6607,0.93283,31.1197,0.1337,0.0000,0.0,1.4879,0.6048
a,fire,fire_3,flipbook,flipbook_astc,astc4x4 32f 32px,32768,28.5149,21.4638,0.92893,30.6111,0.0864,0.0000,0.0,1.5124,0.5310
a,fire,fire_3,flipbook,flipbook_astc,astc4x4 16f 32px,16384,27.7135,20.8133,0.91881,29.8318,0.0372,0.0000,0.0,1.5595,0.4271
a,fire,fire_3,flipbook,flipbook_astc,astc4x4 8f 32px,8192,26.3115,19.6359,0.90139,29.3328,0.0103,0.0000,0.0,1.5869,0.2949
a,fire,fire_3,flipbook,flipbook_astc,astc4x4 4f 32px,4096,24.7195,18.2679,0.88251,29.1306,0.0025,0.0000,0.0,1.5909,0.1710
a,fire,fire_3,flipbook,flipbook_astc_mv,astc4x4 16f 128px +mv32,294912,33.8632,25.5921,0.97929,33.0385,0.3574,0.0000,0.0,0.1868,0.7762
a,fire,fire_3,flipbook,flipbook_astc_mv,astc4x4 8f 128px +mv32,147456,27.1005,19.3347,0.93423,29.5929,0.0820,0.0000,0.0,0.2741,0.4821
a,fire,fire_3,flipbook,flipbook_astc_mv,astc4x4 4f 128px +mv32,73728,24.0394,16.6684,0.89906,29.1225,0.0121,0.0000,0.0,0.2646,0.2519
a,fire,fire_3,flipbook,flipbook_astc_mv,astc4x4 16f 64px +mv16,73728,32.7818,25.0032,0.97039,33.0333,0.2041,0.0000,0.0,0.8344,0.6917
a,fire,fire_3,flipbook,flipbook_astc_mv,astc4x4 8f 64px +mv16,36864,28.3392,20.8748,0.93863,30.0109,0.0462,0.0000,0.0,0.8044,0.4551
a,fire,fire_3,flipbook,flipbook_astc_mv,astc4x4 4f 64px +mv16,18432,24.6000,17.4944,0.89956,29.1362,0.0057,0.0000,0.0,0.7609,0.2234
a,fire,fire_3,flipbook,flipbook_astc,astc5x5 64f 128px,692224,44.5565,35.7827,0.99668,42.2668,1.0182,0.0000,0.0,0.0262,1.0192
a,fire,fire_3,flipbook,flipbook_astc,astc5x5 32f 128px,346112,35.7665,27.2881,0.98453,33.0063,0.4398,0.0000,0.0,0.0643,0.8540
a,fire,fire_3,flipbook,flipbook_astc,astc5x5 16f 128px,173056,30.2066,22.1720,0.95796,30.3826,0.1129,0.0000,0.0,0.1147,0.6082
a,fire,fire_3,flipbook,flipbook_astc,astc5x5 8f 128px,86528,26.5850,18.9653,0.92498,29.4665,0.0222,0.0000,0.0,0.1384,0.3805
a,fire,fire_3,flipbook,flipbook_astc,astc5x5 4f 128px,43264,24.1027,16.8520,0.89436,29.1669,0.0040,0.0000,0.0,0.1233,0.2109
a,fire,fire_3,flipbook,flipbook_astc,astc5x5 64f 64px,173056,33.8204,25.9306,0.97532,34.4210,0.3810,0.0000,0.0,0.8997,0.8080
a,fire,fire_3,flipbook,flipbook_astc,astc5x5 32f 64px,86528,32.4119,24.6595,0.96716,31.9954,0.2163,0.0000,0.0,0.9464,0.6934
a,fire,fire_3,flipbook,flipbook_astc,astc5x5 16f 64px,43264,29.7027,22.2095,0.94760,30.1929,0.0705,0.0000,0.0,0.9935,0.5241
a,fire,fire_3,flipbook,flipbook_astc,astc5x5 8f 64px,21632,26.8849,19.7062,0.92050,29.4232,0.0159,0.0000,0.0,1.0200,0.3437
a,fire,fire_3,flipbook,flipbook_astc,astc5x5 4f 64px,10816,24.5962,17.6991,0.89362,29.1553,0.0032,0.0000,0.0,1.0266,0.1938
a,fire,fire_3,flipbook,flipbook_astc,astc5x5 64f 32px,50176,28.5825,21.4743,0.92909,30.8457,0.1855,0.0000,0.0,1.5009,0.6473
a,fire,fire_3,flipbook,flipbook_astc,astc5x5 32f 32px,25088,28.3461,21.3089,0.92550,30.5143,0.0910,0.0000,0.0,1.5266,0.5430
a,fire,fire_3,flipbook,flipbook_astc,astc5x5 16f 32px,12544,27.5934,20.7144,0.91583,29.8037,0.0372,0.0000,0.0,1.5697,0.4289
a,fire,fire_3,flipbook,flipbook_astc,astc5x5 8f 32px,6272,26.2393,19.6022,0.89932,29.3267,0.0101,0.0000,0.0,1.5968,0.2933
a,fire,fire_3,flipbook,flipbook_astc,astc5x5 4f 32px,3136,24.6824,18.2399,0.88064,29.1289,0.0024,0.0000,0.0,1.6056,0.1692
a,fire,fire_3,flipbook,flipbook_astc_mv,astc5x5 16f 128px +mv32,205824,33.7385,25.4785,0.97832,32.9280,0.3566,0.0000,0.0,0.1859,0.7766
a,fire,fire_3,flipbook,flipbook_astc_mv,astc5x5 8f 128px +mv32,102912,27.1028,19.3396,0.93386,29.5859,0.0816,0.0000,0.0,0.2718,0.4819
a,fire,fire_3,flipbook,flipbook_astc_mv,astc5x5 4f 128px +mv32,51456,24.0345,16.6636,0.89880,29.1202,0.0120,0.0000,0.0,0.2668,0.2516
a,fire,fire_3,flipbook,flipbook_astc_mv,astc5x5 16f 64px +mv16,51456,32.5448,24.7684,0.96797,32.8625,0.2049,0.0000,0.0,0.8356,0.6907
a,fire,fire_3,flipbook,flipbook_astc_mv,astc5x5 8f 64px +mv16,25728,28.3051,20.8481,0.93709,29.9916,0.0472,0.0000,0.0,0.7973,0.4560
a,fire,fire_3,flipbook,flipbook_astc_mv,astc5x5 4f 64px +mv16,12864,24.5919,17.4841,0.89882,29.1346,0.0058,0.0000,0.0,0.7514,0.2237
a,fire,fire_3,flipbook,flipbook_astc,astc6x6 64f 128px,495616,42.2440,33.5456,0.99461,39.9620,1.0076,0.0000,0.0,0.0391,1.0244
a,fire,fire_3,flipbook,flipbook_astc,astc6x6 32f 128px,247808,35.5242,27.0945,0.98307,32.9107,0.4325,0.0000,0.0,0.0715,0.8531
a,fire,fire_3,flipbook,flipbook_astc,astc6x6 16f 128px,123904,30.1850,22.1786,0.95701,30.3683,0.1120,0.0000,0.0,0.1206,0.6079
a,fire,fire_3,flipbook,flipbook_astc,astc6x6 8f 128px,61952,26.5913,18.9871,0.92439,29.4640,0.0220,0.0000,0.0,0.1439,0.3806
a,fire,fire_3,flipbook,flipbook_astc,astc6x6 4f 128px,30976,24.1122,16.8774,0.89404,29.1659,0.0040,0.0000,0.0,0.1283,0.2107
a,fire,fire_3,flipbook,flipbook_astc,astc6x6 64f 64px,123904,33.3060,25.4609,0.97123,33.7876,0.4067,0.0000,0.0,0.9175,0.8233
a,fire,fire_3,flipbook,flipbook_astc,astc6x6 32f 64px,61952,32.0912,24.3683,0.96374,31.8623,0.2141,0.0000,0.0,0.9691,0.6952
a,fire,fire_3,flipbook,flipbook_astc,astc6x6 16f 64px,30976,29.5814,22.0954,0.94547,30.1702,0.0696,0.0000,0.0,1.0028,0.5217
a,fire,fire_3,flipbook,flipbook_astc,astc6x6 8f 64px,15488,26.8510,19.6715,0.91930,29.4176,0.0156,0.0000,0.0,1.0365,0.3411
a,fire,fire_3,flipbook,flipbook_astc,astc6x6 4f 64px,7744,24.6107,17.7407,0.89306,29.1543,0.0032,0.0000,0.0,1.0327,0.1931
a,fire,fire_3,flipbook,flipbook_astc,astc6x6 64f 32px,36864,28.3140,21.2309,0.92380,30.5166,0.2448,0.0000,0.0,1.5281,0.6938
a,fire,fire_3,flipbook,flipbook_astc,astc6x6 32f 32px,18432,28.1268,21.1263,0.92141,30.3913,0.0936,0.0000,0.0,1.5548,0.5493
a,fire,fire_3,flipbook,flipbook_astc,astc6x6 16f 32px,9216,27.4210,20.5627,0.91172,29.7695,0.0361,0.0000,0.0,1.6066,0.4251
a,fire,fire_3,flipbook,flipbook_astc,astc6x6 8f 32px,4608,26.1640,19.5302,0.89711,29.3160,0.0097,0.0000,0.0,1.6262,0.2883
a,fire,fire_3,flipbook,flipbook_astc,astc6x6 4f 32px,2304,24.6974,18.2530,0.87969,29.1258,0.0023,0.0000,0.0,1.6368,0.1651
a,fire,fire_3,flipbook,flipbook_astc_mv,astc6x6 16f 128px +mv32,156672,33.6090,25.3803,0.97699,32.8040,0.3513,0.0000,0.0,0.1942,0.7750
a,fire,fire_3,flipbook,flipbook_astc_mv,astc6x6 8f 128px +mv32,78336,27.1038,19.3604,0.93319,29.5804,0.0809,0.0000,0.0,0.2763,0.4807
a,fire,fire_3,flipbook,flipbook_astc_mv,astc6x6 4f 128px +mv32,39168,24.0403,16.6814,0.89838,29.1191,0.0119,0.0000,0.0,0.2636,0.2511
a,fire,fire_3,flipbook,flipbook_astc_mv,astc6x6 16f 64px +mv16,39168,32.2488,24.4909,0.96505,32.6809,0.2015,0.0000,0.0,0.8507,0.6849
a,fire,fire_3,flipbook,flipbook_astc_mv,astc6x6 8f 64px +mv16,19584,28.2339,20.7726,0.93557,29.9642,0.0461,0.0000,0.0,0.8166,0.4517
a,fire,fire_3,flipbook,flipbook_astc_mv,astc6x6 4f 64px +mv16,9792,24.6027,17.5167,0.89811,29.1324,0.0058,0.0000,0.0,0.7612,0.2226
a,fire,fire_3,flipbook,flipbook_astc,astc8x8 64f 128px,262144,38.6614,30.0691,0.98912,36.7917,1.0095,0.0000,0.0,0.0750,1.0370
a,fire,fire_3,flipbook,flipbook_astc,astc8x8 32f 128px,131072,34.7436,26.3992,0.97894,32.6397,0.4204,0.0000,0.0,0.0998,0.8501
a,fire,fire_3,flipbook,flipbook_astc,astc8x8 16f 128px,65536,30.0352,22.0832,0.95428,30.3268,0.1088,0.0000,0.0,0.1393,0.6045
a,fire,fire_3,flipbook,flipbook_astc,astc8x8 8f 128px,32768,26.5834,19.0151,0.92276,29.4549,0.0215,0.0000,0.0,0.1590,0.3793
a,fire,fire_3,flipbook,flipbook_astc,astc8x8 4f 128px,16384,24.1466,16.9350,0.89293,29.1638,0.0039,0.0000,0.0,0.1417,0.2103
a,fire,fire_3,flipbook,flipbook_astc,astc8x8 64f 64px,65536,32.2269,24.4877,0.96204,32.4913,0.4455,0.0000,0.0,0.9427,0.8493
a,fire,fire_3,flipbook,flipbook_astc,astc8x8 32f 64px,32768,31.4141,23.7831,0.95612,31.4919,0.1976,0.0000,0.0,0.9860,0.6900
a,fire,fire_3,flipbook,flipbook_astc,astc8x8 16f 64px,16384,29.3509,21.9450,0.93975,30.1009,0.0658,0.0000,0.0,1.0276,0.5180
a,fire,fire_3,flipbook,flipbook_astc,astc8x8 8f 64px,8192,26.8331,19.7232,0.91542,29.4039,0.0154,0.0000,0.0,1.0416,0.3411
a,fire,fire_3,flipbook,flipbook_astc,astc8x8 4f 64px,4096,24.6206,17.7913,0.89039,29.1503,0.0031,0.0000,0.0,1.0431,0.1906
a,fire,fire_3,flipbook,flipbook_astc,astc8x8 64f 32px,16384,27.7788,20.8861,0.91045,29.8327,0.3383,0.0000,0.0,1.5885,0.7470
a,fire,fire_3,flipbook,flipbook_astc,astc8x8 32f 32px,8192,27.6569,20.8217,0.90844,30.0880,0.0947,0.0000,0.0,1.6328,0.5618
a,fire,fire_3,flipbook,flipbook_astc,astc8x8 16f 32px,4096,27.1195,20.3993,0.90187,29.6837,0.0340,0.0000,0.0,1.6773,0.4216
a,fire,fire_3,flipbook,flipbook_astc,astc8x8 8f 32px,2048,26.0201,19.5361,0.88869,29.2958,0.0094,0.0000,0.0,1.6876,0.2844
a,fire,fire_3,flipbook,flipbook_astc,astc8x8 4f 32px,1024,24.6947,18.3899,0.87292,29.1217,0.0023,0.0000,0.0,1.6825,0.1661
a,fire,fire_3,flipbook,flipbook_astc_mv,astc8x8 16f 128px +mv32,98304,33.1587,24.9970,0.97350,32.5285,0.3447,0.0000,0.0,0.2117,0.7689
a,fire,fire_3,flipbook,flipbook_astc_mv,astc8x8 8f 128px +mv32,49152,27.0889,19.3733,0.93155,29.5608,0.0784,0.0000,0.0,0.2906,0.4766
a,fire,fire_3,flipbook,flipbook_astc_mv,astc8x8 4f 128px +mv32,24576,24.0693,16.7309,0.89713,29.1139,0.0115,0.0000,0.0,0.2772,0.2493
a,fire,fire_3,flipbook,flipbook_astc_mv,astc8x8 16f 64px +mv16,24576,31.5269,23.8687,0.95713,32.0733,0.1849,0.0000,0.0,0.8819,0.6748
a,fire,fire_3,flipbook,flipbook_astc_mv,astc8x8 8f 64px +mv16,12288,28.1153,20.7391,0.93094,29.9052,0.0448,0.0000,0.0,0.8287,0.4487
a,fire,fire_3,flipbook,flipbook_astc_mv,astc8x8 4f 64px +mv16,6144,24.6254,17.5866,0.89556,29.1312,0.0055,0.0000,0.0,0.7743,0.2180
a,fire,fire_3,flipbook,flipbook_astc,astc10x10 64f 128px,173056,36.2520,27.7689,0.98294,34.6616,1.0381,0.0000,0.0,0.0945,1.0544
a,fire,fire_3,flipbook,flipbook_astc,astc10x10 32f 128px,86528,33.8487,25.5832,0.97392,32.3218,0.4045,0.0000,0.0,0.1226,0.8476
a,fire,fire_3,flipbook,flipbook_astc,astc10x10 16f 128px,43264,29.8599,21.9499,0.95100,30.2727,0.1063,0.0000,0.0,0.1565,0.6040
a,fire,fire_3,flipbook,flipbook_astc,astc10x10 8f 128px,21632,26.5500,19.0144,0.92065,29.4436,0.0211,0.0000,0.0,0.1780,0.3779
a,fire,fire_3,flipbook,flipbook_astc,astc10x10 4f 128px,10816,24.1653,16.9692,0.89210,29.1610,0.0039,0.0000,0.0,0.1661,0.2096
a,fire,fire_3,flipbook,flipbook_astc,astc10x10 64f 64px,50176,30.8245,23.1719,0.95070,31.3104,0.5227,0.0000,0.0,1.0222,0.8802
a,fire,fire_3,flipbook,flipbook_astc,astc10x10 32f 64px,25088,30.3397,22.7732,0.94624,31.0765,0.1904,0.0000,0.0,1.0718,0.6941
a,fire,fire_3,flipbook,flipbook_astc,astc10x10 16f 64px,12544,28.7740,21.4300,0.93192,29.9975,0.0617,0.0000,0.0,1.1133,0.5141
a,fire,fire_3,flipbook,flipbook_astc,astc10x10 8f 64px,6272,26.6379,19.5766,0.90990,29.3788,0.0145,0.0000,0.0,1.1472,0.3378
a,fire,fire_3,flipbook,flipbook_astc,astc10x10 4f 64px,3136,24.5935,17.8257,0.88674,29.1443,0.0030,0.0000,0.0,1.1736,0.1893
a,fire,fire_3,flipbook,flipbook_astc,astc10x10 64f 32px,16384,26.8368,19.9527,0.89860,29.0581,0.4956,0.0000,0.0,1.6640,0.8282
a,fire,fire_3,flipbook,flipbook_astc,astc10x10 32f 32px,8192,26.8073,19.9995,0.89687,29.6952,0.1055,0.0000,0.0,1.6864,0.5809
a,fire,fire_3,flipbook,flipbook_astc,astc10x10 16f 32px,4096,26.4648,19.7509,0.89186,29.5379,0.0309,0.0000,0.0,1.7241,0.4208
a,fire,fire_3,flipbook,flipbook_astc,astc10x10 8f 32px,2048,25.6458,19.2338,0.87970,29.2632,0.0089,0.0000,0.0,1.7709,0.2909
a,fire,fire_3,flipbook,flipbook_astc,astc10x10 4f 32px,1024,24.4605,18.1536,0.86704,29.1118,0.0022,0.0000,0.0,1.7830,0.1657
a,fire,fire_3,flipbook,flipbook_astc_mv,astc10x10 16f 128px +mv32,76032,32.6196,24.4996,0.96923,32.2210,0.3281,0.0000,0.0,0.2290,0.7639
a,fire,fire_3,flipbook,flipbook_astc_mv,astc10x10 8f 128px +mv32,38016,27.0437,19.3620,0.92907,29.5355,0.0761,0.0000,0.0,0.2961,0.4722
a,fire,fire_3,flipbook,flipbook_astc_mv,astc10x10 4f 128px +mv32,19008,24.0836,16.7589,0.89627,29.1105,0.0112,0.0000,0.0,0.3019,0.2477
a,fire,fire_3,flipbook,flipbook_astc_mv,astc10x10 16f 64px +mv16,20736,30.4004,22.8203,0.94689,31.5388,0.1666,0.0000,0.0,0.9751,0.6593
a,fire,fire_3,flipbook,flipbook_astc_mv,astc10x10 8f 64px +mv16,10368,27.7858,20.4516,0.92434,29.8425,0.0378,0.0000,0.0,0.9333,0.4332
a,fire,fire_3,flipbook,flipbook_astc_mv,astc10x10 4f 64px +mv16,5184,24.6160,17.6315,0.89173,29.1286,0.0050,0.0000,0.0,0.8851,0.2172
a,fire,fire_3,flipbook,flipbook_astc,astc12x12 64f 128px,123904,34.8449,26.4884,0.97689,33.4988,1.0343,0.0000,0.0,0.1150,1.0581
a,fire,fire_3,flipbook,flipbook_astc,astc12x12 32f 128px,61952,33.1713,25.0209,0.96923,32.0649,0.3854,0.0000,0.0,0.1489,0.8373
a,fire,fire_3,flipbook,flipbook_astc,astc12x12 16f 128px,30976,29.7282,21.9108,0.94802,30.2297,0.1029,0.0000,0.0,0.1907,0.5966
a,fire,fire_3,flipbook,flipbook_astc,astc12x12 8f 128px,15488,26.5585,19.1015,0.91898,29.4333,0.0207,0.0000,0.0,0.2175,0.3764
a,fire,fire_3,flipbook,flipbook_astc,astc12x12 4f 128px,7744,24.1875,17.0765,0.89078,29.1584,0.0038,0.0000,0.0,0.2006,0.2071
a,fire,fire_3,flipbook,flipbook_astc,astc12x12 64f 64px,36864,29.8797,22.3701,0.93997,30.5022,0.5854,0.0000,0.0,1.0668,0.9051
a,fire,fire_3,flipbook,flipbook_astc,astc12x12 32f 64px,18432,29.6167,22.2589,0.93617,30.7134,0.1889,0.0000,0.0,1.1161,0.6961
a,fire,fire_3,flipbook,flipbook_astc,astc12x12 16f 64px,9216,28.4365,21.1972,0.92550,29.9162,0.0596,0.0000,0.0,1.1413,0.5106
a,fire,fire_3,flipbook,flipbook_astc,astc12x12 8f 64px,4608,26.5105,19.5263,0.90625,29.3569,0.0141,0.0000,0.0,1.1482,0.3325
a,fire,fire_3,flipbook,flipbook_astc,astc12x12 4f 64px,2304,24.5748,17.8271,0.88539,29.1385,0.0029,0.0000,0.0,1.1853,0.1889
a,fire,fire_3,flipbook,flipbook_astc,astc12x12 64f 32px,9216,26.3119,19.5670,0.89052,28.6517,0.5352,0.0000,0.0,1.7168,0.8159
a,fire,fire_3,flipbook,flipbook_astc,astc12x12 32f 32px,4608,26.3304,19.6273,0.88999,29.3742,0.1070,0.0000,0.0,1.7446,0.5702
a,fire,fire_3,flipbook,flipbook_astc,astc12x12 16f 32px,2304,26.1377,19.5251,0.88678,29.4209,0.0309,0.0000,0.0,1.7876,0.4115
a,fire,fire_3,flipbook,flipbook_astc,astc12x12 8f 32px,1152,25.4879,19.1251,0.87599,29.2334,0.0082,0.0000,0.0,1.8211,0.2732
a,fire,fire_3,flipbook,flipbook_astc,astc12x12 4f 32px,576,24.4847,18.2591,0.86412,29.1048,0.0020,0.0000,0.0,1.7806,0.1529
a,fire,fire_3,flipbook,flipbook_astc_mv,astc12x12 16f 128px +mv32,63744,32.1940,24.1815,0.96517,31.9629,0.3000,0.0000,0.0,0.2618,0.7456
a,fire,fire_3,flipbook,flipbook_astc_mv,astc12x12 8f 128px +mv32,31872,27.0469,19.4410,0.92735,29.5452,0.0678,0.0000,0.0,0.3372,0.4615
a,fire,fire_3,flipbook,flipbook_astc_mv,astc12x12 4f 128px +mv32,15936,24.1088,16.8636,0.89482,29.1081,0.0107,0.0000,0.0,0.3280,0.2438
a,fire,fire_3,flipbook,flipbook_astc_mv,astc12x12 16f 64px +mv16,17408,29.7467,22.3040,0.93839,31.1060,0.1495,0.0000,0.0,1.0006,0.6451
a,fire,fire_3,flipbook,flipbook_astc_mv,astc12x12 8f 64px +mv16,8704,27.5562,20.3221,0.91969,29.7689,0.0354,0.0000,0.0,0.9425,0.4235
a,fire,fire_3,flipbook,flipbook_astc_mv,astc12x12 4f 64px +mv16,4352,24.6059,17.6437,0.89042,29.1272,0.0046,0.0000,0.0,0.9149,0.2121
a_interp,fire,fire_3,fire_3|interp|bc7 0f 128px,flipbook,bc7 0f 128px,524288,33.0764,24.9046,0.97208,33.0746,0.4430,0.0000,0.0,,
a_interp,fire,fire_3,fire_3|interp|bc7 0f 128px +mv32,flipbook_mv,bc7 0f 128px +mv32,589824,40.7945,32.3312,0.99396,40.2077,0.8472,0.0000,0.0,,
a_interp,fire,fire_3,fire_3|interp|astc4x4 0f 128px,flipbook,astc4x4 0f 128px,524288,33.1158,24.9473,0.97306,33.0970,0.4419,0.0000,0.0,,
a_interp,fire,fire_3,fire_3|interp|astc4x4 0f 128px +mv32,flipbook_mv,astc4x4 0f 128px +mv32,589824,40.9283,32.4589,0.99455,40.4833,0.8381,0.0000,0.0,,
a,smoke,smoke_0,flipbook,flipbook_bc7,bc7 64f 128px,1048576,48.7809,43.9640,0.99880,47.0897,1.0378,0.0000,0.0,0.0056,1.0152
a,smoke,smoke_0,flipbook,flipbook_bc7,bc7 32f 128px,524288,38.3219,33.4911,0.99109,35.5488,0.6135,0.0000,0.0,0.0466,0.9123
a,smoke,smoke_0,flipbook,flipbook_bc7,bc7 16f 128px,262144,31.4622,26.6976,0.96336,32.1841,0.2084,0.0000,0.0,0.0982,0.7307
a,smoke,smoke_0,flipbook,flipbook_bc7,bc7 8f 128px,131072,26.8669,22.2225,0.90960,30.8301,0.0471,0.0000,0.0,0.1194,0.5065
a,smoke,smoke_0,flipbook,flipbook_bc7,bc7 4f 128px,65536,23.8789,19.3980,0.84085,30.3718,0.0126,0.0000,0.0,0.1310,0.3340
a,smoke,smoke_0,flipbook,flipbook_bc7,bc7 64f 64px,262144,32.7569,28.2601,0.95494,36.2791,0.3750,0.0000,0.0,0.6589,0.7753
a,smoke,smoke_0,flipbook,flipbook_bc7,bc7 32f 64px,131072,31.9309,27.4434,0.94808,33.9663,0.2904,0.0000,0.0,0.6915,0.7105
a,smoke,smoke_0,flipbook,flipbook_bc7,bc7 16f 64px,65536,29.7594,25.3022,0.92630,31.8542,0.1264,0.0000,0.0,0.7352,0.5988
a,smoke,smoke_0,flipbook,flipbook_bc7,bc7 8f 64px,32768,26.7941,22.4019,0.88480,30.7571,0.0342,0.0000,0.0,0.7588,0.4383
a,smoke,smoke_0,flipbook,flipbook_bc7,bc7 4f 64px,16384,24.1979,19.9119,0.82955,30.3518,0.0107,0.0000,0.0,0.7746,0.3006
a,smoke,smoke_0,flipbook,flipbook_bc7,bc7 64f 32px,65536,27.8423,23.6999,0.85872,32.2859,0.1992,0.0000,0.0,0.9627,0.6091
a,smoke,smoke_0,flipbook,flipbook_bc7,bc7 32f 32px,32768,27.6879,23.5489,0.85565,32.0264,0.1191,0.0000,0.0,0.9802,0.5440
a,smoke,smoke_0,flipbook,flipbook_bc7,bc7 16f 32px,16384,27.1199,22.9958,0.84501,31.2477,0.0655,0.0000,0.0,0.9976,0.4743
a,smoke,smoke_0,flipbook,flipbook_bc7,bc7 8f 32px,8192,25.8485,21.7624,0.82309,30.6005,0.0233,0.0000,0.0,1.0308,0.3710
a,smoke,smoke_0,flipbook,flipbook_bc7,bc7 4f 32px,4096,24.0971,20.0802,0.78958,30.3071,0.0089,0.0000,0.0,1.0558,0.2663
a,smoke,smoke_0,flipbook,flipbook_bc7_mv,bc7 16f 128px +mv32,294912,38.1630,33.3731,0.98922,37.8812,0.6438,0.0000,0.0,0.1247,0.9206
a,smoke,smoke_0,flipbook,flipbook_bc7_mv,bc7 8f 128px +mv32,147456,29.1469,24.4359,0.94392,32.0330,0.1960,0.0000,0.0,0.2263,0.6822
a,smoke,smoke_0,flipbook,flipbook_bc7_mv,bc7 4f 128px +mv32,73728,24.0538,19.4709,0.85831,30.2969,0.0474,0.0000,0.0,0.2680,0.4478
a,smoke,smoke_0,flipbook,flipbook_bc7_mv,bc7 16f 64px +mv16,73728,32.2463,27.7515,0.95078,35.1693,0.2713,0.0000,0.0,0.6713,0.7259
a,smoke,smoke_0,flipbook,flipbook_bc7_mv,bc7 8f 64px +mv16,36864,29.3375,24.8690,0.92270,32.4186,0.1265,0.0000,0.0,0.6906,0.6012
a,smoke,smoke_0,flipbook,flipbook_bc7_mv,bc7 4f 64px +mv16,18432,24.7151,20.3347,0.84892,30.4060,0.0429,0.0000,0.0,0.6802,0.4372
a,smoke,smoke_0,flipbook,flipbook_astc,astc4x4 64f 128px,1048576,51.4346,46.6301,0.99915,49.6180,1.0204,0.0000,0.0,0.0027,1.0104
a,smoke,smoke_0,flipbook,flipbook_astc,astc4x4 32f 128px,524288,38.4919,33.6502,0.99151,35.5885,0.6139,0.0000,0.0,0.0468,0.9116
a,smoke,smoke_0,flipbook,flipbook_astc,astc4x4 16f 128px,262144,31.4896,26.7164,0.96377,32.1896,0.2090,0.0000,0.0,0.0977,0.7307
a,smoke,smoke_0,flipbook,flipbook_astc,astc4x4 8f 128px,131072,26.8701,22.2193,0.90990,30.8311,0.0472,0.0000,0.0,0.1191,0.5065
a,smoke,smoke_0,flipbook,flipbook_astc,astc4x4 4f 128px,65536,23.8761,19.3891,0.84103,30.3718,0.0126,0.0000,0.0,0.1303,0.3338
a,smoke,smoke_0,flipbook,flipbook_astc,astc4x4 64f 64px,262144,32.8500,28.3437,0.95636,36.4385,0.3596,0.0000,0.0,0.6615,0.7698
a,smoke,smoke_0,flipbook,flipbook_astc,astc4x4 32f 64px,131072,32.0029,27.5070,0.94944,34.0054,0.2914,0.0000,0.0,0.6934,0.7101
a,smoke,smoke_0,flipbook,flipbook_astc,astc4x4 16f 64px,65536,29.7896,25.3252,0.92751,31.8612,0.1268,0.0000,0.0,0.7373,0.5991
a,smoke,smoke_0,flipbook,flipbook_astc,astc4x4 8f 64px,32768,26.8069,22.4053,0.88585,30.7588,0.0344,0.0000,0.0,0.7639,0.4391
a,smoke,smoke_0,flipbook,flipbook_astc,astc4x4 4f 64px,16384,24.1949,19.9022,0.83021,30.3524,0.0106,0.0000,0.0,0.7822,0.3003
a,smoke,smoke_0,flipbook,flipbook_astc,astc4x4 64f 32px,65536,27.9137,23.7496,0.86279,32.4456,0.1462,0.0000,0.0,0.9604,0.5884
a,smoke,smoke_0,flipbook,flipbook_astc,astc4x4 32f 32px,32768,27.7509,23.5921,0.85943,32.0747,0.1130,0.0000,0.0,0.9757,0.5381
a,smoke,smoke_0,flipbook,flipbook_astc,astc4x4 16f 32px,16384,27.1673,23.0249,0.84845,31.2617,0.0656,0.0000,0.0,0.9963,0.4739
a,smoke,smoke_0,flipbook,flipbook_astc,astc4x4 8f 32px,8192,25.8765,21.7697,0.82626,30.6040,0.0235,0.0000,0.0,1.0251,0.3720
a,smoke,smoke_0,flipbook,flipbook_astc,astc4x4 4f 32px,4096,24.1009,20.0618,0.79279,30.3077,0.0089,0.0000,0.0,1.0491,0.2661
a,smoke,smoke_0,flipbook,flipbook_astc_mv,astc4x4 16f 128px +mv32,294912,38.2781,33.4784,0.98953,37.9930,0.6376,0.0000,0.0,0.1240,0.9188
a,smoke,smoke_0,flipbook,flipbook_astc_mv,astc4x4 8f 128px +mv32,147456,29.1496,24.4295,0.94412,32.0447,0.1938,0.0000,0.0,0.2254,0.6813
a,smoke,smoke_0,flipbook,flipbook_astc_mv,astc4x4 4f 128px +mv32,73728,24.0494,19.4599,0.85833,30.2980,0.0471,0.0000,0.0,0.2667,0.4473
a,smoke,smoke_0,flipbook,flipbook_astc_mv,astc4x4 16f 64px +mv16,73728,32.3171,27.8154,0.95203,35.2454,0.2713,0.0000,0.0,0.6734,0.7254
a,smoke,smoke_0,flipbook,flipbook_astc_mv,astc4x4 8f 64px +mv16,36864,29.3661,24.8894,0.92371,32.4337,0.1260,0.0000,0.0,0.6954,0.6007
a,smoke,smoke_0,flipbook,flipbook_astc_mv,astc4x4 4f 64px +mv16,18432,24.7199,20.3322,0.84957,30.4103,0.0425,0.0000,0.0,0.6871,0.4358
a,smoke,smoke_0,flipbook,flipbook_astc,astc5x5 64f 128px,692224,47.6777,42.8772,0.99824,46.0896,1.0306,0.0000,0.0,0.0062,1.0185
a,smoke,smoke_0,flipbook,flipbook_astc,astc5x5 32f 128px,346112,38.2645,33.4303,0.99087,35.5241,0.6120,0.0000,0.0,0.0477,0.9132
a,smoke,smoke_0,flipbook,flipbook_astc,astc5x5 16f 128px,173056,31.4643,26.6936,0.96338,32.1819,0.2087,0.0000,0.0,0.0989,0.7309
a,smoke,smoke_0,flipbook,flipbook_astc,astc5x5 8f 128px,86528,26.8664,22.2147,0.90969,30.8295,0.0472,0.0000,0.0,0.1198,0.5066
a,smoke,smoke_0,flipbook,flipbook_astc,astc5x5 4f 128px,43264,23.8743,19.3862,0.84095,30.3719,0.0126,0.0000,0.0,0.1288,0.3339
a,smoke,smoke_0,flipbook,flipbook_astc,astc5x5 64f 64px,173056,32.6717,28.1673,0.95444,36.0264,0.3898,0.0000,0.0,0.6642,0.7865
a,smoke,smoke_0,flipbook,flipbook_astc,astc5x5 32f 64px,86528,31.8801,27.3850,0.94785,33.9202,0.2913,0.0000,0.0,0.6951,0.7126
a,smoke,smoke_0,flipbook,flipbook_astc,astc5x5 16f 64px,43264,29.7300,25.2641,0.92630,31.8470,0.1262,0.0000,0.0,0.7408,0.5980
a,smoke,smoke_0,flipbook,flipbook_astc,astc5x5 8f 64px,21632,26.7906,22.3887,0.88507,30.7551,0.0342,0.0000,0.0,0.7655,0.4384
a,smoke,smoke_0,flipbook,flipbook_astc,astc5x5 4f 64px,10816,24.1968,19.9057,0.82991,30.3515,0.0106,0.0000,0.0,0.7822,0.3003
a,smoke,smoke_0,flipbook,flipbook_astc,astc5x5 64f 32px,50176,27.8069,23.6470,0.86004,32.1782,0.2236,0.0000,0.0,0.9663,0.6381
a,smoke,smoke_0,flipbook,flipbook_astc,astc5x5 32f 32px,25088,27.6626,23.5057,0.85744,31.9952,0.1207,0.0000,0.0,0.9841,0.5511
a,smoke,smoke_0,flipbook,flipbook_astc,astc5x5 16f 32px,12544,27.0985,22.9582,0.84703,31.2394,0.0659,0.0000,0.0,1.0003,0.4741
a,smoke,smoke_0,flipbook,flipbook_astc,astc5x5 8f 32px,6272,25.8320,21.7227,0.82568,30.5971,0.0230,0.0000,0.0,1.0318,0.3689
a,smoke,smoke_0,flipbook,flipbook_astc,astc5x5 4f 32px,3136,24.1075,20.0570,0.79297,30.3059,0.0088,0.0000,0.0,1.0597,0.2647
a,smoke,smoke_0,flipbook,flipbook_astc_mv,astc5x5 16f 128px +mv32,205824,38.1027,33.3073,0.98896,37.8360,0.6380,0.0000,0.0,0.1256,0.9195
a,smoke,smoke_0,flipbook,flipbook_astc_mv,astc5x5 8f 128px +mv32,102912,29.1403,24.4206,0.94379,32.0322,0.1948,0.0000,0.0,0.2264,0.6815
a,smoke,smoke_0,flipbook,flipbook_astc_mv,astc5x5 4f 128px +mv32,51456,24.0495,19.4586,0.85820,30.2968,0.0474,0.0000,0.0,0.2661,0.4476
a,smoke,smoke_0,flipbook,flipbook_astc_mv,astc5x5 16f 64px +mv16,51456,32.1888,27.6865,0.95049,35.1105,0.2738,0.0000,0.0,0.6774,0.7249
a,smoke,smoke_0,flipbook,flipbook_astc_mv,astc5x5 8f 64px +mv16,25728,29.3062,24.8286,0.92244,32.4008,0.1265,0.0000,0.0,0.6964,0.5997
a,smoke,smoke_0,flipbook,flipbook_astc_mv,astc5x5 4f 64px +mv16,12864,24.7188,20.3318,0.84900,30.4047,0.0431,0.0000,0.0,0.6863,0.4362
a,smoke,smoke_0,flipbook,flipbook_astc,astc6x6 64f 128px,495616,44.8214,40.0297,0.99672,43.2808,1.0475,0.0000,0.0,0.0103,1.0301
a,smoke,smoke_0,flipbook,flipbook_astc,astc6x6 32f 128px,247808,37.9276,33.1105,0.98971,35.4266,0.6082,0.0000,0.0,0.0508,0.9143
a,smoke,smoke_0,flipbook,flipbook_astc,astc6x6 16f 128px,123904,31.4162,26.6555,0.96251,32.1690,0.2079,0.0000,0.0,0.1016,0.7302
a,smoke,smoke_0,flipbook,flipbook_astc,astc6x6 8f 128px,61952,26.8628,22.2178,0.90920,30.8277,0.0471,0.0000,0.0,0.1213,0.5057
a,smoke,smoke_0,flipbook,flipbook_astc,astc6x6 4f 128px,30976,23.8776,19.3930,0.84073,30.3712,0.0126,0.0000,0.0,0.1298,0.3336
a,smoke,smoke_0,flipbook,flipbook_astc,astc6x6 64f 64px,123904,32.3627,27.8731,0.95050,35.3702,0.4393,0.0000,0.0,0.6672,0.8131
a,smoke,smoke_0,flipbook,flipbook_astc,astc6x6 32f 64px,61952,31.6676,27.1848,0.94459,33.7619,0.2887,0.0000,0.0,0.6986,0.7166
a,smoke,smoke_0,flipbook,flipbook_astc,astc6x6 16f 64px,30976,29.6518,25.1978,0.92399,31.8175,0.1246,0.0000,0.0,0.7411,0.5978
a,smoke,smoke_0,flipbook,flipbook_astc,astc6x6 8f 64px,15488,26.7755,22.3822,0.88358,30.7501,0.0340,0.0000,0.0,0.7674,0.4379
a,smoke,smoke_0,flipbook,flipbook_astc,astc6x6 4f 64px,7744,24.1931,19.9053,0.82897,30.3501,0.0106,0.0000,0.0,0.7854,0.3000
a,smoke,smoke_0,flipbook,flipbook_astc,astc6x6 64f 32px,36864,27.5361,23.3884,0.85078,31.6098,0.3837,0.0000,0.0,0.9781,0.7208
a,smoke,smoke_0,flipbook,flipbook_astc,astc6x6 32f 32px,18432,27.4216,23.2755,0.84870,31.7705,0.1320,0.0000,0.0,0.9924,0.5737
a,smoke,smoke_0,flipbook,flipbook_astc,astc6x6 16f 32px,9216,26.9220,22.7837,0.83915,31.1699,0.0640,0.0000,0.0,1.0115,0.4784
a,smoke,smoke_0,flipbook,flipbook_astc,astc6x6 8f 32px,4608,25.7646,21.6611,0.81865,30.5837,0.0231,0.0000,0.0,1.0431,0.3724
a,smoke,smoke_0,flipbook,flipbook_astc,astc6x6 4f 32px,2304,24.0725,20.0434,0.78702,30.3028,0.0088,0.0000,0.0,1.0664,0.2663
a,smoke,smoke_0,flipbook,flipbook_astc_mv,astc6x6 16f 128px +mv32,156672,37.8297,33.0455,0.98796,37.5912,0.6389,0.0000,0.0,0.1291,0.9196
a,smoke,smoke_0,flipbook,flipbook_astc_mv,astc6x6 8f 128px +mv32,78336,29.1252,24.4123,0.94312,32.0109,0.1967,0.0000,0.0,0.2290,0.6809
a,smoke,smoke_0,flipbook,flipbook_astc_mv,astc6x6 4f 128px +mv32,39168,24.0518,19.4627,0.85779,30.2938,0.0476,0.0000,0.0,0.2681,0.4470
a,smoke,smoke_0,flipbook,flipbook_astc_mv,astc6x6 16f 64px +mv16,39168,31.9672,27.4784,0.94732,34.8234,0.2655,0.0000,0.0,0.6805,0.7222
a,smoke,smoke_0,flipbook,flipbook_astc_mv,astc6x6 8f 64px +mv16,19584,29.2433,24.7780,0.92017,32.3346,0.1240,0.0000,0.0,0.6994,0.5974
a,smoke,smoke_0,flipbook,flipbook_astc_mv,astc6x6 4f 64px +mv16,9792,24.7059,20.3312,0.84756,30.3974,0.0428,0.0000,0.0,0.6890,0.4351
a,smoke,smoke_0,flipbook,flipbook_astc,astc8x8 64f 128px,262144,40.7869,36.0177,0.99193,39.3694,1.1073,0.0000,0.0,0.0174,1.0625
a,smoke,smoke_0,flipbook,flipbook_astc,astc8x8 32f 128px,131072,36.9745,32.2026,0.98574,35.1192,0.6009,0.0000,0.0,0.0640,0.9182
a,smoke,smoke_0,flipbook,flipbook_astc,astc8x8 16f 128px,65536,31.2715,26.5431,0.95936,32.1280,0.2049,0.0000,0.0,0.1154,0.7280
a,smoke,smoke_0,flipbook,flipbook_astc,astc8x8 8f 128px,32768,26.8489,22.2221,0.90704,30.8191,0.0467,0.0000,0.0,0.1357,0.5048
a,smoke,smoke_0,flipbook,flipbook_astc,astc8x8 4f 128px,16384,23.8824,19.4093,0.83952,30.3690,0.0126,0.0000,0.0,0.1444,0.3330
a,smoke,smoke_0,flipbook,flipbook_astc,astc8x8 64f 64px,65536,31.3987,26.9681,0.93422,33.7270,0.5908,0.0000,0.0,0.6861,0.8784
a,smoke,smoke_0,flipbook,flipbook_astc,astc8x8 32f 64px,32768,30.9359,26.5070,0.93021,33.2744,0.2868,0.0000,0.0,0.7187,0.7287
a,smoke,smoke_0,flipbook,flipbook_astc,astc8x8 16f 64px,16384,29.2643,24.8544,0.91187,31.7140,0.1199,0.0000,0.0,0.7600,0.5941
a,smoke,smoke_0,flipbook,flipbook_astc,astc8x8 8f 64px,8192,26.6509,22.2930,0.87447,30.7277,0.0329,0.0000,0.0,0.7895,0.4323
a,smoke,smoke_0,flipbook,flipbook_astc,astc8x8 4f 64px,4096,24.1832,19.9290,0.82282,30.3443,0.0105,0.0000,0.0,0.8064,0.2974
a,smoke,smoke_0,flipbook,flipbook_astc,astc8x8 64f 32px,16384,26.8979,22.8689,0.81860,30.6390,0.6798,0.0000,0.0,1.0103,0.8770
a,smoke,smoke_0,flipbook,flipbook_astc,astc8x8 32f 32px,8192,26.8678,22.8423,0.81849,31.3178,0.1595,0.0000,0.0,1.0277,0.6292
a,smoke,smoke_0,flipbook,flipbook_astc,astc8x8 16f 32px,4096,26.4954,22.5061,0.81076,31.0243,0.0643,0.0000,0.0,1.0421,0.4962
a,smoke,smoke_0,flipbook,flipbook_astc,astc8x8 8f 32px,2048,25.5011,21.5306,0.79514,30.5459,0.0228,0.0000,0.0,1.0846,0.3739
a,smoke,smoke_0,flipbook,flipbook_astc,astc8x8 4f 32px,1024,23.9450,20.0185,0.77017,30.2934,0.0087,0.0000,0.0,1.1200,0.2616
a,smoke,smoke_0,flipbook,flipbook_astc_mv,astc8x8 16f 128px +mv32,98304,37.0120,32.2659,0.98451,36.9455,0.6298,0.0000,0.0,0.1447,0.9165
a,smoke,smoke_0,flipbook,flipbook_astc_mv,astc8x8 8f 128px +mv32,49152,29.0665,24.3758,0.94071,31.9598,0.1945,0.0000,0.0,0.2421,0.6781
a,smoke,smoke_0,flipbook,flipbook_astc_mv,astc8x8 4f 128px +mv32,24576,24.0581,19.4791,0.85650,30.2885,0.0473,0.0000,0.0,0.2824,0.4454
a,smoke,smoke_0,flipbook,flipbook_astc_mv,astc8x8 16f 64px +mv16,24576,31.1696,26.7292,0.93305,34.1148,0.2546,0.0000,0.0,0.7043,0.7167
a,smoke,smoke_0,flipbook,flipbook_astc_mv,astc8x8 8f 64px +mv16,12288,28.8731,24.4486,0.90813,32.1627,0.1185,0.0000,0.0,0.7244,0.5873
a,smoke,smoke_0,flipbook,flipbook_astc_mv,astc8x8 4f 64px +mv16,6144,24.6715,20.3331,0.84004,30.3779,0.0403,0.0000,0.0,0.7152,0.4276
a,smoke,smoke_0,flipbook,flipbook_astc,astc10x10 64f 128px,173056,37.6960,32.9546,0.98363,36.4296,1.2196,0.0000,0.0,0.0289,1.1039
a,smoke,smoke_0,flipbook,flipbook_astc,astc10x10 32f 128px,86528,35.6743,30.9405,0.97867,34.6476,0.5847,0.0000,0.0,0.0755,0.9221
a,smoke,smoke_0,flipbook,flipbook_astc,astc10x10 16f 128px,43264,31.0114,26.3086,0.95384,32.0607,0.2007,0.0000,0.0,0.1280,0.7249
a,smoke,smoke_0,flipbook,flipbook_astc,astc10x10 8f 128px,21632,26.8125,22.2071,0.90337,30.8063,0.0460,0.0000,0.0,0.1499,0.5025
a,smoke,smoke_0,flipbook,flipbook_astc,astc10x10 4f 128px,10816,23.8939,19.4336,0.83737,30.3661,0.0125,0.0000,0.0,0.1616,0.3320
a,smoke,smoke_0,flipbook,flipbook_astc,astc10x10 64f 64px,50176,30.4339,26.0346,0.91659,32.4160,0.7646,0.0000,0.0,0.7041,0.9420
a,smoke,smoke_0,flipbook,flipbook_astc,astc10x10 32f 64px,25088,30.1598,25.7622,0.91431,32.7257,0.2821,0.0000,0.0,0.7354,0.7396
a,smoke,smoke_0,flipbook,flipbook_astc,astc10x10 16f 64px,12544,28.8696,24.4912,0.89916,31.5866,0.1151,0.0000,0.0,0.7672,0.5916
a,smoke,smoke_0,flipbook,flipbook_astc,astc10x10 8f 64px,6272,26.5321,22.2117,0.86527,30.7009,0.0324,0.0000,0.0,0.7946,0.4309
a,smoke,smoke_0,flipbook,flipbook_astc,astc10x10 4f 64px,3136,24.1517,19.9231,0.81689,30.3374,0.0103,0.0000,0.0,0.8099,0.2952
a,smoke,smoke_0,flipbook,flipbook_astc,astc10x10 64f 32px,16384,26.1692,22.1472,0.80704,29.7143,1.0017,0.0000,0.0,1.0234,0.9603
a,smoke,smoke_0,flipbook,flipbook_astc,astc10x10 32f 32px,8192,26.1661,22.1275,0.80758,30.7799,0.1792,0.0000,0.0,1.0433,0.6435
a,smoke,smoke_0,flipbook,flipbook_astc,astc10x10 16f 32px,4096,25.9364,21.9048,0.80423,30.8044,0.0567,0.0000,0.0,1.0620,0.4772
a,smoke,smoke_0,flipbook,flipbook_astc,astc10x10 8f 32px,2048,25.2193,21.2065,0.79379,30.4908,0.0208,0.0000,0.0,1.1106,0.3637
a,smoke,smoke_0,flipbook,flipbook_astc,astc10x10 4f 32px,1024,23.8609,19.8683,0.76998,30.2789,0.0084,0.0000,0.0,1.1641,0.2571
a,smoke,smoke_0,flipbook,flipbook_astc_mv,astc10x10 16f 128px +mv32,76032,35.8912,31.1700,0.97857,36.1583,0.6244,0.0000,0.0,0.1616,0.9113
a,smoke,smoke_0,flipbook,flipbook_astc_mv,astc10x10 8f 128px +mv32,38016,28.9488,24.2765,0.93668,31.8749,0.1939,0.0000,0.0,0.2573,0.6725
a,smoke,smoke_0,flipbook,flipbook_astc_mv,astc10x10 4f 128px +mv32,19008,24.0635,19.4976,0.85425,30.2901,0.0464,0.0000,0.0,0.2997,0.4413
a,smoke,smoke_0,flipbook,flipbook_astc_mv,astc10x10 16f 64px +mv16,20736,30.3817,25.9777,0.91736,33.3961,0.2350,0.0000,0.0,0.7193,0.7041
a,smoke,smoke_0,flipbook,flipbook_astc_mv,astc10x10 8f 64px +mv16,10368,28.5305,24.1486,0.89587,31.9589,0.1148,0.0000,0.0,0.7372,0.5786
a,smoke,smoke_0,flipbook,flipbook_astc_mv,astc10x10 4f 64px +mv16,5184,24.6429,20.3280,0.83269,30.3756,0.0392,0.0000,0.0,0.7301,0.4194
a,smoke,smoke_0,flipbook,flipbook_astc,astc12x12 64f 128px,123904,35.6052,30.9161,0.97347,34.6367,1.3125,0.0000,0.0,0.0519,1.1336
a,smoke,smoke_0,flipbook,flipbook_astc,astc12x12 32f 128px,61952,34.4752,29.7893,0.96985,34.1665,0.5686,0.0000,0.0,0.1017,0.9195
a,smoke,smoke_0,flipbook,flipbook_astc,astc12x12 16f 128px,30976,30.7043,26.0442,0.94695,31.9792,0.1938,0.0000,0.0,0.1496,0.7185
a,smoke,smoke_0,flipbook,flipbook_astc,astc12x12 8f 128px,15488,26.7867,22.2073,0.89891,30.7912,0.0452,0.0000,0.0,0.1707,0.4977
a,smoke,smoke_0,flipbook,flipbook_astc,astc12x12 4f 128px,7744,23.9181,19.4712,0.83464,30.3622,0.0124,0.0000,0.0,0.1807,0.3305
a,smoke,smoke_0,flipbook,flipbook_astc,astc12x12 64f 64px,36864,29.3485,24.9952,0.89339,31.1741,1.0243,0.0000,0.0,0.7318,1.0289
a,smoke,smoke_0,flipbook,flipbook_astc,astc12x12 32f 64px,18432,29.2239,24.8806,0.89231,32.0921,0.2896,0.0000,0.0,0.7670,0.7671
a,smoke,smoke_0,flipbook,flipbook_astc,astc12x12 16f 64px,9216,28.2960,23.9679,0.87964,31.4124,0.1108,0.0000,0.0,0.7942,0.5948
a,smoke,smoke_0,flipbook,flipbook_astc,astc12x12 8f 64px,4608,26.3385,22.0507,0.84976,30.6644,0.0314,0.0000,0.0,0.8228,0.4291
a,smoke,smoke_0,flipbook,flipbook_astc,astc12x12 4f 64px,2304,24.1034,19.8896,0.80638,30.3285,0.0102,0.0000,0.0,0.8343,0.2947
a,smoke,smoke_0,flipbook,flipbook_astc,astc12x12 64f 32px,9216,25.6303,21.7903,0.77026,29.2673,1.1790,0.0000,0.0,1.0547,1.0157
a,smoke,smoke_0,flipbook,flipbook_astc,astc12x12 32f 32px,4608,25.6782,21.8544,0.76915,30.4841,0.2185,0.0000,0.0,1.0667,0.6996
a,smoke,smoke_0,flipbook,flipbook_astc,astc12x12 16f 32px,2304,25.4941,21.6596,0.76512,30.6964,0.0579,0.0000,0.0,1.0799,0.5044
a,smoke,smoke_0,flipbook,flipbook_astc,astc12x12 8f 32px,1152,24.9005,21.0876,0.75631,30.4595,0.0209,0.0000,0.0,1.1221,0.3742
a,smoke,smoke_0,flipbook,flipbook_astc,astc12x12 4f 32px,576,23.6774,19.8837,0.73432,30.2695,0.0084,0.0000,0.0,1.1459,0.2579
a,smoke,smoke_0,flipbook,flipbook_astc_mv,astc12x12 16f 128px +mv32,63744,34.7207,30.0437,0.97056,35.3620,0.5865,0.0000,0.0,0.1867,0.8972
a,smoke,smoke_0,flipbook,flipbook_astc_mv,astc12x12 8f 128px +mv32,31872,28.8125,24.1725,0.93091,31.7787,0.1868,0.0000,0.0,0.2788,0.6633
a,smoke,smoke_0,flipbook,flipbook_astc_mv,astc12x12 4f 128px +mv32,15936,24.0808,19.5285,0.85132,30.2869,0.0443,0.0000,0.0,0.3165,0.4360
a,smoke,smoke_0,flipbook,flipbook_astc_mv,astc12x12 16f 64px +mv16,17408,29.4107,25.0596,0.89490,32.7088,0.2156,0.0000,0.0,0.7507,0.6989
a,smoke,smoke_0,flipbook,flipbook_astc_mv,astc12x12 8f 64px +mv16,8704,28.0229,23.6773,0.87669,31.7351,0.1045,0.0000,0.0,0.7740,0.5625
a,smoke,smoke_0,flipbook,flipbook_astc_mv,astc12x12 4f 64px +mv16,4352,24.5432,20.2478,0.81972,30.3662,0.0340,0.0000,0.0,0.7642,0.4069
a_interp,smoke,smoke_0,smoke_0|interp|bc7 0f 128px,flipbook,bc7 0f 128px,524288,35.5112,30.7201,0.98338,35.5488,0.6135,0.0000,0.0,,
a_interp,smoke,smoke_0,smoke_0|interp|bc7 0f 128px +mv32,flipbook_mv,bc7 0f 128px +mv32,589824,43.0771,38.2982,0.99553,42.5114,0.9415,0.0000,0.0,,
a_interp,smoke,smoke_0,smoke_0|interp|astc4x4 0f 128px,flipbook,astc4x4 0f 128px,524288,35.5932,30.7923,0.98386,35.5885,0.6139,0.0000,0.0,,
a_interp,smoke,smoke_0,smoke_0|interp|astc4x4 0f 128px +mv32,flipbook_mv,astc4x4 0f 128px +mv32,589824,43.3653,38.5747,0.99581,43.0342,0.9292,0.0000,0.0,,
a,smoke,smoke_1,flipbook,flipbook_bc7,bc7 64f 128px,1048576,46.8320,41.9614,0.99826,45.0977,1.0442,0.0000,0.0,0.0052,1.0134
a,smoke,smoke_1,flipbook,flipbook_bc7,bc7 32f 128px,524288,36.4600,31.6091,0.98544,33.6930,0.5991,0.0000,0.0,0.0369,0.9172
a,smoke,smoke_1,flipbook,flipbook_bc7,bc7 16f 128px,262144,29.6960,24.9671,0.94384,30.3782,0.2075,0.0000,0.0,0.0793,0.7502
a,smoke,smoke_1,flipbook,flipbook_bc7,bc7 8f 128px,131072,24.9875,20.4487,0.86974,29.0217,0.0582,0.0000,0.0,0.1048,0.5554
a,smoke,smoke_1,flipbook,flipbook_bc7,bc7 4f 128px,65536,21.2627,16.9791,0.77762,28.4401,0.0134,0.0000,0.0,0.1031,0.3594
a,smoke,smoke_1,flipbook,flipbook_bc7,bc7 64f 64px,262144,32.1267,27.6162,0.95773,35.5211,0.4530,0.0000,0.0,0.5007,0.8327
a,smoke,smoke_1,flipbook,flipbook_bc7,bc7 32f 64px,131072,31.0051,26.5200,0.94601,32.4806,0.3252,0.0000,0.0,0.5268,0.7661
a,smoke,smoke_1,flipbook,flipbook_bc7,bc7 16f 64px,65536,28.3473,23.9269,0.91176,30.1319,0.1398,0.0000,0.0,0.5556,0.6528
a,smoke,smoke_1,flipbook,flipbook_bc7,bc7 8f 64px,32768,24.9491,20.6528,0.85106,28.9658,0.0463,0.0000,0.0,0.5688,0.5044
a,smoke,smoke_1,flipbook,flipbook_bc7,bc7 4f 64px,16384,21.5397,17.4477,0.76996,28.4260,0.0116,0.0000,0.0,0.5718,0.3357
a,smoke,smoke_1,flipbook,flipbook_bc7,bc7 64f 32px,65536,26.7118,22.5798,0.85132,31.0120,0.2304,0.0000,0.0,0.7653,0.6860
a,smoke,smoke_1,flipbook,flipbook_bc7,bc7 32f 32px,32768,26.5124,22.3939,0.84559,30.5858,0.1505,0.0000,0.0,0.7799,0.6236
a,smoke,smoke_1,flipbook,flipbook_bc7,bc7 16f 32px,16384,25.7575,21.6773,0.82684,29.6054,0.0835,0.0000,0.0,0.7992,0.5496
a,smoke,smoke_1,flipbook,flipbook_bc7,bc7 8f 32px,8192,24.0776,20.0918,0.78934,28.8296,0.0345,0.0000,0.0,0.8070,0.4485
a,smoke,smoke_1,flipbook,flipbook_bc7,bc7 4f 32px,4096,21.5310,17.7051,0.73245,28.3896,0.0097,0.0000,0.0,0.8122,0.3068
a,smoke,smoke_1,flipbook,flipbook_bc7_mv,bc7 16f 128px +mv32,294912,34.5526,29.7715,0.97877,34.5822,0.6837,0.0000,0.0,0.1144,0.9247
a,smoke,smoke_1,flipbook,flipbook_bc7_mv,bc7 8f 128px +mv32,147456,26.3057,21.6611,0.90053,29.5645,0.2468,0.0000,0.0,0.1877,0.7214
a,smoke,smoke_1,flipbook,flipbook_bc7_mv,bc7 4f 128px +mv32,73728,21.2638,16.8332,0.78958,28.3219,0.0625,0.0000,0.0,0.2052,0.4877
a,smoke,smoke_1,flipbook,flipbook_bc7_mv,bc7 16f 64px +mv16,73728,31.0719,26.5910,0.94635,33.5207,0.3597,0.0000,0.0,0.5148,0.7975
a,smoke,smoke_1,flipbook,flipbook_bc7_mv,bc7 8f 64px +mv16,36864,26.9817,22.5631,0.89329,30.2404,0.1761,0.0000,0.0,0.5273,0.6725
a,smoke,smoke_1,flipbook,flipbook_bc7_mv,bc7 4f 64px +mv16,18432,21.7647,17.4816,0.78714,28.4334,0.0449,0.0000,0.0,0.5253,0.4549
a,smoke,smoke_1,flipbook,flipbook_astc,astc4x4 64f 128px,1048576,50.3879,45.5214,0.99909,48.5365,1.0185,0.0000,0.0,0.0036,1.0070
a,smoke,smoke_1,flipbook,flipbook_astc,astc4x4 32f 128px,524288,36.6606,31.7993,0.98626,33.7441,0.5981,0.0000,0.0,0.0391,0.9163
a,smoke,smoke_1,flipbook,flipbook_astc,astc4x4 16f 128px,262144,29.7337,24.9977,0.94462,30.3852,0.2079,0.0000,0.0,0.0817,0.7503
a,smoke,smoke_1,flipbook,flipbook_astc,astc4x4 8f 128px,131072,24.9960,20.4536,0.87034,29.0228,0.0584,0.0000,0.0,0.1070,0.5556
a,smoke,smoke_1,flipbook,flipbook_astc,astc4x4 4f 128px,65536,21.2618,16.9746,0.77795,28.4404,0.0134,0.0000,0.0,0.1057,0.3593
a,smoke,smoke_1,flipbook,flipbook_astc,astc4x4 64f 64px,262144,32.2556,27.7336,0.95999,35.7851,0.4261,0.0000,0.0,0.5045,0.8237
a,smoke,smoke_1,flipbook,flipbook_astc,astc4x4 32f 64px,131072,31.0985,26.6017,0.94811,32.5230,0.3233,0.0000,0.0,0.5301,0.7648
a,smoke,smoke_1,flipbook,flipbook_astc,astc4x4 16f 64px,65536,28.3969,23.9636,0.91373,30.1411,0.1406,0.0000,0.0,0.5601,0.6541
a,smoke,smoke_1,flipbook,flipbook_astc,astc4x4 8f 64px,32768,24.9641,20.6563,0.85249,28.9676,0.0465,0.0000,0.0,0.5735,0.5052
a,smoke,smoke_1,flipbook,flipbook_astc,astc4x4 4f 64px,16384,21.5385,17.4367,0.77075,28.4263,0.0116,0.0000,0.0,0.5775,0.3357
a,smoke,smoke_1,flipbook,flipbook_astc,astc4x4 64f 32px,65536,26.7904,22.6411,0.85592,31.1965,0.1768,0.0000,0.0,0.7648,0.6613
a,smoke,smoke_1,flipbook,flipbook_astc,astc4x4 32f 32px,32768,26.5749,22.4375,0.84986,30.6366,0.1433,0.0000,0.0,0.7789,0.6155
a,smoke,smoke_1,flipbook,flipbook_astc,astc4x4 16f 32px,16384,25.8069,21.7106,0.83101,29.6182,0.0831,0.0000,0.0,0.7964,0.5496
a,smoke,smoke_1,flipbook,flipbook_astc,astc4x4 8f 32px,8192,24.1016,20.0982,0.79273,28.8341,0.0347,0.0000,0.0,0.8024,0.4499
a,smoke,smoke_1,flipbook,flipbook_astc,astc4x4 4f 32px,4096,21.5328,17.6880,0.73453,28.3905,0.0097,0.0000,0.0,0.8111,0.3073
a,smoke,smoke_1,flipbook,flipbook_astc_mv,astc4x4 16f 128px +mv32,294912,34.6403,29.8503,0.97938,34.6774,0.6749,0.0000,0.0,0.1157,0.9230
a,smoke,smoke_1,flipbook,flipbook_astc_mv,astc4x4 8f 128px +mv32,147456,26.3143,21.6648,0.90093,29.5768,0.2435,0.0000,0.0,0.1889,0.7208
a,smoke,smoke_1,flipbook,flipbook_astc_mv,astc4x4 4f 128px +mv32,73728,21.2611,16.8276,0.78986,28.3245,0.0617,0.0000,0.0,0.2076,0.4874
a,smoke,smoke_1,flipbook,flipbook_astc_mv,astc4x4 16f 64px +mv16,73728,31.1586,26.6638,0.94836,33.5840,0.3523,0.0000,0.0,0.5191,0.7966
a,smoke,smoke_1,flipbook,flipbook_astc_mv,astc4x4 8f 64px +mv16,36864,27.0094,22.5779,0.89493,30.2602,0.1731,0.0000,0.0,0.5328,0.6720
a,smoke,smoke_1,flipbook,flipbook_astc_mv,astc4x4 4f 64px +mv16,18432,21.7637,17.4695,0.78789,28.4360,0.0443,0.0000,0.0,0.5328,0.4543
a,smoke,smoke_1,flipbook,flipbook_astc,astc5x5 64f 128px,692224,46.4478,41.5935,0.99796,44.8390,1.0348,0.0000,0.0,0.0080,1.0141
a,smoke,smoke_1,flipbook,flipbook_astc,astc5x5 32f 128px,346112,36.4509,31.6006,0.98543,33.6868,0.5978,0.0000,0.0,0.0417,0.9172
a,smoke,smoke_1,flipbook,flipbook_astc,astc5x5 16f 128px,173056,29.7039,24.9730,0.94408,30.3775,0.2078,0.0000,0.0,0.0829,0.7503
a,smoke,smoke_1,flipbook,flipbook_astc,astc5x5 8f 128px,86528,24.9891,20.4485,0.87003,29.0215,0.0584,0.0000,0.0,0.1085,0.5557
a,smoke,smoke_1,flipbook,flipbook_astc,astc5x5 4f 128px,43264,21.2603,16.9739,0.77787,28.4404,0.0134,0.0000,0.0,0.1070,0.3594
a,smoke,smoke_1,flipbook,flipbook_astc,astc5x5 64f 64px,173056,32.0482,27.5306,0.95749,35.3107,0.4545,0.0000,0.0,0.5081,0.8386
a,smoke,smoke_1,flipbook,flipbook_astc,astc5x5 32f 64px,86528,30.9630,26.4682,0.94615,32.4420,0.3235,0.0000,0.0,0.5337,0.7673
a,smoke,smoke_1,flipbook,flipbook_astc,astc5x5 16f 64px,43264,28.3392,23.9066,0.91224,30.1266,0.1398,0.0000,0.0,0.5632,0.6538
a,smoke,smoke_1,flipbook,flipbook_astc,astc5x5 8f 64px,21632,24.9511,20.6448,0.85159,28.9649,0.0464,0.0000,0.0,0.5777,0.5049
a,smoke,smoke_1,flipbook,flipbook_astc,astc5x5 4f 64px,10816,21.5406,17.4432,0.77031,28.4259,0.0116,0.0000,0.0,0.5774,0.3361
a,smoke,smoke_1,flipbook,flipbook_astc,astc5x5 64f 32px,50176,26.6460,22.4974,0.85150,30.8385,0.2661,0.0000,0.0,0.7724,0.7050
a,smoke,smoke_1,flipbook,flipbook_astc,astc5x5 32f 32px,25088,26.4516,22.3137,0.84603,30.5250,0.1514,0.0000,0.0,0.7862,0.6249
a,smoke,smoke_1,flipbook,flipbook_astc,astc5x5 16f 32px,12544,25.7216,21.6271,0.82794,29.5897,0.0836,0.0000,0.0,0.8038,0.5492
a,smoke,smoke_1,flipbook,flipbook_astc,astc5x5 8f 32px,6272,24.0513,20.0528,0.79023,28.8265,0.0346,0.0000,0.0,0.8114,0.4470
a,smoke,smoke_1,flipbook,flipbook_astc,astc5x5 4f 32px,3136,21.5255,17.6652,0.73509,28.3890,0.0097,0.0000,0.0,0.8170,0.3073
a,smoke,smoke_1,flipbook,flipbook_astc_mv,astc5x5 16f 128px +mv32,205824,34.5455,29.7607,0.97873,34.5867,0.6781,0.0000,0.0,0.1171,0.9238
a,smoke,smoke_1,flipbook,flipbook_astc_mv,astc5x5 8f 128px +mv32,102912,26.3045,21.6573,0.90048,29.5671,0.2450,0.0000,0.0,0.1905,0.7216
a,smoke,smoke_1,flipbook,flipbook_astc_mv,astc5x5 4f 128px +mv32,51456,21.2595,16.8266,0.78974,28.3221,0.0620,0.0000,0.0,0.2093,0.4876
a,smoke,smoke_1,flipbook,flipbook_astc_mv,astc5x5 16f 64px +mv16,51456,31.0218,26.5267,0.94630,33.4520,0.3538,0.0000,0.0,0.5221,0.7973
a,smoke,smoke_1,flipbook,flipbook_astc_mv,astc5x5 8f 64px +mv16,25728,26.9593,22.5277,0.89328,30.2250,0.1726,0.0000,0.0,0.5353,0.6721
a,smoke,smoke_1,flipbook,flipbook_astc_mv,astc5x5 4f 64px +mv16,12864,21.7601,17.4690,0.78710,28.4317,0.0444,0.0000,0.0,0.5308,0.4541
a,smoke,smoke_1,flipbook,flipbook_astc,astc6x6 64f 128px,495616,43.6076,38.7613,0.99620,42.1085,1.0541,0.0000,0.0,0.0113,1.0223
a,smoke,smoke_1,flipbook,flipbook_astc,astc6x6 32f 128px,247808,36.1418,31.3082,0.98405,33.5996,0.5955,0.0000,0.0,0.0456,0.9180
a,smoke,smoke_1,flipbook,flipbook_astc,astc6x6 16f 128px,123904,29.6607,24.9407,0.94309,30.3661,0.2072,0.0000,0.0,0.0874,0.7500
a,smoke,smoke_1,flipbook,flipbook_astc,astc6x6 8f 128px,61952,24.9848,20.4510,0.86958,29.0189,0.0582,0.0000,0.0,0.1137,0.5551
a,smoke,smoke_1,flipbook,flipbook_astc,astc6x6 4f 128px,30976,21.2609,16.9803,0.77765,28.4397,0.0134,0.0000,0.0,0.1123,0.3595
a,smoke,smoke_1,flipbook,flipbook_astc,astc6x6 64f 64px,123904,31.7088,27.2092,0.95250,34.6018,0.4955,0.0000,0.0,0.5145,0.8593
a,smoke,smoke_1,flipbook,flipbook_astc,astc6x6 32f 64px,61952,30.7395,26.2600,0.94195,32.2987,0.3214,0.0000,0.0,0.5403,0.7705
a,smoke,smoke_1,flipbook,flipbook_astc,astc6x6 16f 64px,30976,28.2532,23.8335,0.90918,30.1013,0.1389,0.0000,0.0,0.5707,0.6533
a,smoke,smoke_1,flipbook,flipbook_astc,astc6x6 8f 64px,15488,24.9307,20.6339,0.84990,28.9599,0.0462,0.0000,0.0,0.5827,0.5040
a,smoke,smoke_1,flipbook,flipbook_astc,astc6x6 4f 64px,7744,21.5383,17.4457,0.76986,28.4243,0.0116,0.0000,0.0,0.5830,0.3352
a,smoke,smoke_1,flipbook,flipbook_astc,astc6x6 64f 32px,36864,26.4290,22.3079,0.84269,30.3709,0.3717,0.0000,0.0,0.7827,0.7625
a,smoke,smoke_1,flipbook,flipbook_astc,astc6x6 32f 32px,18432,26.2687,22.1529,0.83813,30.3427,0.1562,0.0000,0.0,0.7968,0.6431
a,smoke,smoke_1,flipbook,flipbook_astc,astc6x6 16f 32px,9216,25.5954,21.5033,0.82301,29.5419,0.0825,0.0000,0.0,0.8160,0.5546
a,smoke,smoke_1,flipbook,flipbook_astc,astc6x6 8f 32px,4608,24.0015,19.9961,0.78709,28.8162,0.0343,0.0000,0.0,0.8198,0.4498
a,smoke,smoke_1,flipbook,flipbook_astc,astc6x6 4f 32px,2304,21.4946,17.6418,0.73142,28.3861,0.0096,0.0000,0.0,0.8183,0.3071
a,smoke,smoke_1,flipbook,flipbook_astc_mv,astc6x6 16f 128px +mv32,156672,34.3865,29.6147,0.97762,34.4524,0.6800,0.0000,0.0,0.1225,0.9236
a,smoke,smoke_1,flipbook,flipbook_astc_mv,astc6x6 8f 128px +mv32,78336,26.2926,21.6516,0.89985,29.5517,0.2463,0.0000,0.0,0.1961,0.7204
a,smoke,smoke_1,flipbook,flipbook_astc_mv,astc6x6 4f 128px +mv32,39168,21.2616,16.8315,0.78946,28.3210,0.0624,0.0000,0.0,0.2138,0.4873
a,smoke,smoke_1,flipbook,flipbook_astc_mv,astc6x6 16f 64px +mv16,39168,30.7950,26.3153,0.94223,33.1943,0.3501,0.0000,0.0,0.5296,0.7967
a,smoke,smoke_1,flipbook,flipbook_astc_mv,astc6x6 8f 64px +mv16,19584,26.9100,22.4917,0.89067,30.1764,0.1740,0.0000,0.0,0.5408,0.6711
a,smoke,smoke_1,flipbook,flipbook_astc_mv,astc6x6 4f 64px +mv16,9792,21.7598,17.4776,0.78617,28.4306,0.0440,0.0000,0.0,0.5338,0.4523
a,smoke,smoke_1,flipbook,flipbook_astc,astc8x8 64f 128px,262144,39.5335,34.7178,0.99059,38.2119,1.1139,0.0000,0.0,0.0194,1.0486
a,smoke,smoke_1,flipbook,flipbook_astc,astc8x8 32f 128px,131072,35.2709,30.4815,0.97945,33.3339,0.5908,0.0000,0.0,0.0558,0.9213
a,smoke,smoke_1,flipbook,flipbook_astc,astc8x8 16f 128px,65536,29.5183,24.8248,0.93975,30.3298,0.2050,0.0000,0.0,0.0969,0.7485
a,smoke,smoke_1,flipbook,flipbook_astc,astc8x8 8f 128px,32768,24.9679,20.4502,0.86744,29.0121,0.0579,0.0000,0.0,0.1257,0.5538
a,smoke,smoke_1,flipbook,flipbook_astc,astc8x8 4f 128px,16384,21.2681,16.9963,0.77673,28.4378,0.0133,0.0000,0.0,0.1229,0.3589
a,smoke,smoke_1,flipbook,flipbook_astc,astc8x8 64f 64px,65536,30.7287,26.2764,0.93664,32.9462,0.6157,0.0000,0.0,0.5306,0.9054
a,smoke,smoke_1,flipbook,flipbook_astc,astc8x8 32f 64px,32768,30.0477,25.6119,0.92816,31.8665,0.3186,0.0000,0.0,0.5569,0.7776
a,smoke,smoke_1,flipbook,flipbook_astc,astc8x8 16f 64px,16384,27.9521,23.5674,0.89870,30.0186,0.1361,0.0000,0.0,0.5823,0.6522
a,smoke,smoke_1,flipbook,flipbook_astc,astc8x8 8f 64px,8192,24.8577,20.5826,0.84316,28.9429,0.0456,0.0000,0.0,0.5972,0.5019
a,smoke,smoke_1,flipbook,flipbook_astc,astc8x8 4f 64px,4096,21.5368,17.4558,0.76554,28.4212,0.0114,0.0000,0.0,0.6026,0.3332
a,smoke,smoke_1,flipbook,flipbook_astc,astc8x8 64f 32px,16384,25.7347,21.6728,0.81829,29.2381,0.6493,0.0000,0.0,0.7949,0.8609
a,smoke,smoke_1,flipbook,flipbook_astc,astc8x8 32f 32px,8192,25.6625,21.6260,0.81660,29.8328,0.1756,0.0000,0.0,0.8098,0.6686
a,smoke,smoke_1,flipbook,flipbook_astc,astc8x8 16f 32px,4096,25.1594,21.1506,0.80517,29.3986,0.0798,0.0000,0.0,0.8254,0.5565
a,smoke,smoke_1,flipbook,flipbook_astc,astc8x8 8f 32px,2048,23.7973,19.8677,0.77384,28.7806,0.0335,0.0000,0.0,0.8373,0.4473
a,smoke,smoke_1,flipbook,flipbook_astc,astc8x8 4f 32px,1024,21.4630,17.6646,0.72387,28.3771,0.0094,0.0000,0.0,0.8395,0.3039
a,smoke,smoke_1,flipbook,flipbook_astc_mv,astc8x8 16f 128px +mv32,98304,33.8823,29.1410,0.97382,34.0572,0.6760,0.0000,0.0,0.1329,0.9229
a,smoke,smoke_1,flipbook,flipbook_astc_mv,astc8x8 8f 128px +mv32,49152,26.2549,21.6312,0.89745,29.5207,0.2446,0.0000,0.0,0.2073,0.7173
a,smoke,smoke_1,flipbook,flipbook_astc_mv,astc8x8 4f 128px +mv32,24576,21.2663,16.8440,0.78867,28.3202,0.0627,0.0000,0.0,0.2233,0.4859
a,smoke,smoke_1,flipbook,flipbook_astc_mv,astc8x8 16f 64px +mv16,24576,30.1065,25.6635,0.92900,32.5511,0.3426,0.0000,0.0,0.5425,0.7938
a,smoke,smoke_1,flipbook,flipbook_astc_mv,astc8x8 8f 64px +mv16,12288,26.7157,22.3248,0.88132,30.0184,0.1705,0.0000,0.0,0.5529,0.6679
a,smoke,smoke_1,flipbook,flipbook_astc_mv,astc8x8 4f 64px +mv16,6144,21.7466,17.4827,0.78093,28.4255,0.0428,0.0000,0.0,0.5479,0.4483
a,smoke,smoke_1,flipbook,flipbook_astc,astc10x10 64f 128px,173056,36.7906,32.0094,0.98250,35.6277,1.1986,0.0000,0.0,0.0306,1.0771
a,smoke,smoke_1,flipbook,flipbook_astc,astc10x10 32f 128px,86528,34.2479,29.4948,0.97272,32.9844,0.5828,0.0000,0.0,0.0676,0.9248
a,smoke,smoke_1,flipbook,flipbook_astc,astc10x10 16f 128px,43264,29.3083,24.6392,0.93465,30.2784,0.2021,0.0000,0.0,0.1102,0.7463
a,smoke,smoke_1,flipbook,flipbook_astc,astc10x10 8f 128px,21632,24.9292,20.4267,0.86398,29.0019,0.0572,0.0000,0.0,0.1376,0.5525
a,smoke,smoke_1,flipbook,flipbook_astc,astc10x10 4f 128px,10816,21.2682,17.0073,0.77452,28.4356,0.0132,0.0000,0.0,0.1323,0.3583
a,smoke,smoke_1,flipbook,flipbook_astc,astc10x10 64f 64px,50176,29.5264,25.1107,0.91661,31.3275,0.8104,0.0000,0.0,0.5603,0.9646
a,smoke,smoke_1,flipbook,flipbook_astc,astc10x10 32f 64px,25088,29.1068,24.7129,0.91027,31.3120,0.3198,0.0000,0.0,0.5888,0.7872
a,smoke,smoke_1,flipbook,flipbook_astc,astc10x10 16f 64px,12544,27.4623,23.1198,0.88460,29.9021,0.1341,0.0000,0.0,0.6129,0.6481
a,smoke,smoke_1,flipbook,flipbook_astc,astc10x10 8f 64px,6272,24.6854,20.4568,0.83322,28.9155,0.0444,0.0000,0.0,0.6238,0.4967
a,smoke,smoke_1,flipbook,flipbook_astc,astc10x10 4f 64px,3136,21.4979,17.4372,0.75996,28.4143,0.0113,0.0000,0.0,0.6156,0.3316
a,smoke,smoke_1,flipbook,flipbook_astc,astc10x10 64f 32px,16384,24.8955,20.9051,0.79061,28.3065,0.9405,0.0000,0.0,0.8213,0.9441
a,smoke,smoke_1,flipbook,flipbook_astc,astc10x10 32f 32px,8192,24.8922,20.9286,0.79055,29.3008,0.2090,0.0000,0.0,0.8373,0.6999
a,smoke,smoke_1,flipbook,flipbook_astc,astc10x10 16f 32px,4096,24.5636,20.6541,0.77933,29.1991,0.0777,0.0000,0.0,0.8484,0.5516
a,smoke,smoke_1,flipbook,flipbook_astc,astc10x10 8f 32px,2048,23.4704,19.6307,0.75670,28.7303,0.0324,0.0000,0.0,0.8578,0.4357
a,smoke,smoke_1,flipbook,flipbook_astc,astc10x10 4f 32px,1024,21.3357,17.6673,0.71148,28.3637,0.0091,0.0000,0.0,0.8609,0.2963
a,smoke,smoke_1,flipbook,flipbook_astc_mv,astc10x10 16f 128px +mv32,76032,33.2189,28.5015,0.96818,33.6010,0.6681,0.0000,0.0,0.1456,0.9225
a,smoke,smoke_1,flipbook,flipbook_astc_mv,astc10x10 8f 128px +mv32,38016,26.1861,21.5804,0.89352,29.4823,0.2431,0.0000,0.0,0.2179,0.7144
a,smoke,smoke_1,flipbook,flipbook_astc_mv,astc10x10 4f 128px +mv32,19008,21.2653,16.8526,0.78654,28.3181,0.0609,0.0000,0.0,0.2314,0.4834
a,smoke,smoke_1,flipbook,flipbook_astc_mv,astc10x10 16f 64px +mv16,20736,29.1528,24.7544,0.91114,31.8884,0.3259,0.0000,0.0,0.5757,0.7861
a,smoke,smoke_1,flipbook,flipbook_astc_mv,astc10x10 8f 64px +mv16,10368,26.3636,22.0213,0.86815,29.8582,0.1648,0.0000,0.0,0.5778,0.6568
a,smoke,smoke_1,flipbook,flipbook_astc_mv,astc10x10 4f 64px +mv16,5184,21.7021,17.4509,0.77327,28.4190,0.0389,0.0000,0.0,0.5666,0.4396
a,smoke,smoke_1,flipbook,flipbook_astc,astc12x12 64f 128px,123904,34.8341,30.0958,0.97221,33.8682,1.2885,0.0000,0.0,0.0444,1.1085
a,smoke,smoke_1,flipbook,flipbook_astc,astc12x12 32f 128px,61952,33.2258,28.5184,0.96378,32.6041,0.5760,0.0000,0.0,0.0863,0.9275
a,smoke,smoke_1,flipbook,flipbook_astc,astc12x12 16f 128px,30976,29.0440,24.4109,0.92763,30.2163,0.1984,0.0000,0.0,0.1289,0.7429
a,smoke,smoke_1,flipbook,flipbook_astc,astc12x12 8f 128px,15488,24.8939,20.4172,0.86022,28.9894,0.0566,0.0000,0.0,0.1572,0.5502
a,smoke,smoke_1,flipbook,flipbook_astc,astc12x12 4f 128px,7744,21.2776,17.0358,0.77260,28.4326,0.0131,0.0000,0.0,0.1546,0.3566
a,smoke,smoke_1,flipbook,flipbook_astc,astc12x12 64f 64px,36864,28.5565,24.1951,0.89273,30.2343,0.9671,0.0000,0.0,0.5808,1.0128
a,smoke,smoke_1,flipbook,flipbook_astc,astc12x12 32f 64px,18432,28.3300,23.9825,0.88897,30.8234,0.3220,0.0000,0.0,0.6075,0.8018
a,smoke,smoke_1,flipbook,flipbook_astc,astc12x12 16f 64px,9216,27.0372,22.7438,0.86725,29.7801,0.1294,0.0000,0.0,0.6351,0.6526
a,smoke,smoke_1,flipbook,flipbook_astc,astc12x12 8f 64px,4608,24.5590,20.3597,0.81973,28.8882,0.0445,0.0000,0.0,0.6479,0.5008
a,smoke,smoke_1,flipbook,flipbook_astc,astc12x12 4f 64px,2304,21.4475,17.4405,0.74939,28.4078,0.0113,0.0000,0.0,0.6368,0.3327
a,smoke,smoke_1,flipbook,flipbook_astc,astc12x12 64f 32px,9216,24.3431,20.4932,0.75841,27.6707,1.1918,0.0000,0.0,0.8367,1.0283
a,smoke,smoke_1,flipbook,flipbook_astc,astc12x12 32f 32px,4608,24.3704,20.5316,0.75876,28.9536,0.2217,0.0000,0.0,0.8557,0.7240
a,smoke,smoke_1,flipbook,flipbook_astc,astc12x12 16f 32px,2304,24.1166,20.2883,0.75360,29.0558,0.0736,0.0000,0.0,0.8612,0.5573
a,smoke,smoke_1,flipbook,flipbook_astc,astc12x12 8f 32px,1152,23.2238,19.4938,0.73186,28.6833,0.0315,0.0000,0.0,0.8740,0.4454
a,smoke,smoke_1,flipbook,flipbook_astc,astc12x12 4f 32px,576,21.2885,17.6305,0.69640,28.3530,0.0092,0.0000,0.0,0.8790,0.3038
a,smoke,smoke_1,flipbook,flipbook_astc_mv,astc12x12 16f 128px +mv32,63744,32.5118,27.8349,0.96033,33.1356,0.6573,0.0000,0.0,0.1685,0.9188
a,smoke,smoke_1,flipbook,flipbook_astc_mv,astc12x12 8f 128px +mv32,31872,26.1165,21.5379,0.88884,29.4456,0.2351,0.0000,0.0,0.2389,0.7092
a,smoke,smoke_1,flipbook,flipbook_astc_mv,astc12x12 4f 128px +mv32,15936,21.2752,16.8790,0.78436,28.3199,0.0592,0.0000,0.0,0.2530,0.4784
a,smoke,smoke_1,flipbook,flipbook_astc_mv,astc12x12 16f 64px +mv16,17408,28.3748,24.0278,0.89035,31.2887,0.3035,0.0000,0.0,0.5999,0.7859
a,smoke,smoke_1,flipbook,flipbook_astc_mv,astc12x12 8f 64px +mv16,8704,26.0398,21.7226,0.85063,29.6765,0.1518,0.0000,0.0,0.6050,0.6551
a,smoke,smoke_1,flipbook,flipbook_astc_mv,astc12x12 4f 64px +mv16,4352,21.6384,17.4438,0.76271,28.4006,0.0383,0.0000,0.0,0.5854,0.4391
a_interp,smoke,smoke_1,smoke_1|interp|bc7 0f 128px,flipbook,bc7 0f 128px,524288,33.6543,28.8717,0.97263,33.6930,0.5991,0.0000,0.0,,
a_interp,smoke,smoke_1,smoke_1|interp|bc7 0f 128px +mv32,flipbook_mv,bc7 0f 128px +mv32,589824,39.6547,34.8658,0.99249,39.2110,0.9860,0.0000,0.0,,
a_interp,smoke,smoke_1,smoke_1|interp|astc4x4 0f 128px,flipbook,astc4x4 0f 128px,524288,33.7434,28.9518,0.97342,33.7441,0.5981,0.0000,0.0,,
a_interp,smoke,smoke_1,smoke_1|interp|astc4x4 0f 128px +mv32,flipbook_mv,astc4x4 0f 128px +mv32,589824,39.8693,35.0709,0.99299,39.6602,0.9705,0.0000,0.0,,
a,smoke,smoke_2,flipbook,flipbook_bc7,bc7 64f 128px,1048576,49.2678,43.1118,0.99919,47.6479,1.0805,0.0000,0.0,0.0126,1.0145
a,smoke,smoke_2,flipbook,flipbook_bc7,bc7 32f 128px,524288,41.3306,35.1916,0.99536,38.7634,0.9701,0.0000,0.0,0.0372,0.9578
a,smoke,smoke_2,flipbook,flipbook_bc7,bc7 16f 128px,262144,32.8473,26.8179,0.97145,34.2778,0.4780,0.0000,0.0,0.0807,0.8250
a,smoke,smoke_2,flipbook,flipbook_bc7,bc7 8f 128px,131072,26.7839,20.9480,0.91230,32.1338,0.1230,0.0000,0.0,0.1138,0.5949
a,smoke,smoke_2,flipbook,flipbook_bc7,bc7 4f 128px,65536,23.2111,17.5876,0.84386,31.3725,0.0269,0.0000,0.0,0.1052,0.3639
a,smoke,smoke_2,flipbook,flipbook_bc7,bc7 64f 64px,262144,34.4882,28.7488,0.96985,38.9703,0.4730,0.0000,0.0,0.5829,0.8406
a,smoke,smoke_2,flipbook,flipbook_bc7,bc7 32f 64px,131072,33.6453,27.9328,0.96502,36.8570,0.4887,0.0000,0.0,0.6190,0.7978
a,smoke,smoke_2,flipbook,flipbook_bc7,bc7 16f 64px,65536,30.9434,25.2936,0.94428,33.9344,0.3122,0.0000,0.0,0.6593,0.7078
a,smoke,smoke_2,flipbook,flipbook_bc7,bc7 8f 64px,32768,26.7860,21.2629,0.89441,32.0690,0.0950,0.0000,0.0,0.6861,0.5336
a,smoke,smoke_2,flipbook,flipbook_bc7,bc7 4f 64px,16384,23.5281,18.1483,0.83408,31.3565,0.0229,0.0000,0.0,0.6916,0.3332
a,smoke,smoke_2,flipbook,flipbook_bc7,bc7 64f 32px,65536,28.2852,22.9798,0.88339,33.9566,0.2977,0.0000,0.0,0.8482,0.6641
a,smoke,smoke_2,flipbook,flipbook_bc7,bc7 32f 32px,32768,28.1336,22.8401,0.88049,33.8198,0.2005,0.0000,0.0,0.8654,0.6178
a,smoke,smoke_2,flipbook,flipbook_bc7,bc7 16f 32px,16384,27.4949,22.2429,0.86919,32.9516,0.1513,0.0000,0.0,0.9024,0.5578
a,smoke,smoke_2,flipbook,flipbook_bc7,bc7 8f 32px,8192,25.7958,20.6269,0.84004,31.8600,0.0620,0.0000,0.0,0.9151,0.4449
a,smoke,smoke_2,flipbook,flipbook_bc7,bc7 4f 32px,4096,23.5596,18.4759,0.79959,31.3055,0.0181,0.0000,0.0,0.9601,0.2886
a,smoke,smoke_2,flipbook,flipbook_bc7_mv,bc7 16f 128px +mv32,294912,40.5960,34.5138,0.99338,41.2289,0.9024,0.0000,0.0,0.1297,0.9714
a,smoke,smoke_2,flipbook,flipbook_bc7_mv,bc7 8f 128px +mv32,147456,31.2479,25.2531,0.96087,35.5299,0.5102,0.0000,0.0,0.2091,0.8327
a,smoke,smoke_2,flipbook,flipbook_bc7_mv,bc7 4f 128px +mv32,73728,23.2065,17.4342,0.85625,31.2299,0.1116,0.0000,0.0,0.2307,0.4903
a,smoke,smoke_2,flipbook,flipbook_bc7_mv,bc7 16f 64px +mv16,73728,34.1463,28.4159,0.96802,38.2195,0.4545,0.0000,0.0,0.5595,0.8362
a,smoke,smoke_2,flipbook,flipbook_bc7_mv,bc7 8f 64px +mv16,36864,31.2178,25.5377,0.94461,35.7676,0.3312,0.0000,0.0,0.5593,0.7600
a,smoke,smoke_2,flipbook,flipbook_bc7_mv,bc7 4f 64px +mv16,18432,24.5945,19.0493,0.86081,31.7452,0.1116,0.0000,0.0,0.5699,0.5227
a,smoke,smoke_2,flipbook,flipbook_astc,astc4x4 64f 128px,1048576,52.2070,46.0509,0.99948,50.5699,1.0412,0.0000,0.0,0.0061,1.0080
a,smoke,smoke_2,flipbook,flipbook_astc,astc4x4 32f 128px,524288,41.6553,35.4999,0.99573,38.8451,0.9690,0.0000,0.0,0.0379,0.9562
a,smoke,smoke_2,flipbook,flipbook_astc,astc4x4 16f 128px,262144,32.8880,26.8493,0.97182,34.2860,0.4795,0.0000,0.0,0.0857,0.8249
a,smoke,smoke_2,flipbook,flipbook_astc,astc4x4 8f 128px,131072,26.7878,20.9459,0.91260,32.1348,0.1234,0.0000,0.0,0.1179,0.5947
a,smoke,smoke_2,flipbook,flipbook_astc,astc4x4 4f 128px,65536,23.2097,17.5817,0.84403,31.3729,0.0269,0.0000,0.0,0.1093,0.3637
a,smoke,smoke_2,flipbook,flipbook_astc,astc4x4 64f 64px,262144,34.6100,28.8580,0.97112,39.2569,0.4364,0.0000,0.0,0.5875,0.8339
a,smoke,smoke_2,flipbook,flipbook_astc,astc4x4 32f 64px,131072,33.7299,28.0036,0.96620,36.9180,0.4855,0.0000,0.0,0.6237,0.7963
a,smoke,smoke_2,flipbook,flipbook_astc,astc4x4 16f 64px,65536,30.9861,25.3249,0.94542,33.9468,0.3138,0.0000,0.0,0.6642,0.7081
a,smoke,smoke_2,flipbook,flipbook_astc,astc4x4 8f 64px,32768,26.7872,21.2550,0.89533,32.0711,0.0955,0.0000,0.0,0.6923,0.5340
a,smoke,smoke_2,flipbook,flipbook_astc,astc4x4 4f 64px,16384,23.5186,18.1332,0.83479,31.3572,0.0230,0.0000,0.0,0.6938,0.3335
a,smoke,smoke_2,flipbook,flipbook_astc,astc4x4 64f 32px,65536,28.3664,23.0396,0.88620,34.1650,0.2113,0.0000,0.0,0.8481,0.6468
a,smoke,smoke_2,flipbook,flipbook_astc,astc4x4 32f 32px,32768,28.2025,22.8885,0.88316,33.8975,0.1894,0.0000,0.0,0.8648,0.6113
a,smoke,smoke_2,flipbook,flipbook_astc,astc4x4 16f 32px,16384,27.5558,22.2827,0.87169,32.9740,0.1511,0.0000,0.0,0.8990,0.5580
a,smoke,smoke_2,flipbook,flipbook_astc,astc4x4 8f 32px,8192,25.8309,20.6484,0.84207,31.8664,0.0624,0.0000,0.0,0.9118,0.4460
a,smoke,smoke_2,flipbook,flipbook_astc,astc4x4 4f 32px,4096,23.5703,18.4809,0.80147,31.3076,0.0182,0.0000,0.0,0.9550,0.2903
a,smoke,smoke_2,flipbook,flipbook_astc_mv,astc4x4 16f 128px +mv32,294912,40.7796,34.6857,0.99363,41.4768,0.8893,0.0000,0.0,0.1344,0.9694
a,smoke,smoke_2,flipbook,flipbook_astc_mv,astc4x4 8f 128px +mv32,147456,31.2642,25.2615,0.96112,35.5710,0.5034,0.0000,0.0,0.2112,0.8316
a,smoke,smoke_2,flipbook,flipbook_astc_mv,astc4x4 4f 128px +mv32,73728,23.2019,17.4243,0.85637,31.2326,0.1103,0.0000,0.0,0.2332,0.4896
a,smoke,smoke_2,flipbook,flipbook_astc_mv,astc4x4 16f 64px +mv16,73728,34.2320,28.4876,0.96912,38.3427,0.4489,0.0000,0.0,0.5649,0.8348
a,smoke,smoke_2,flipbook,flipbook_astc_mv,astc4x4 8f 64px +mv16,36864,31.2646,25.5726,0.94577,35.8290,0.3296,0.0000,0.0,0.5666,0.7599
a,smoke,smoke_2,flipbook,flipbook_astc_mv,astc4x4 4f 64px +mv16,18432,24.5861,19.0350,0.86149,31.7494,0.1117,0.0000,0.0,0.5719,0.5232
a,smoke,smoke_2,flipbook,flipbook_astc,astc5x5 64f 128px,692224,48.5685,42.4294,0.99890,47.1864,1.0779,0.0000,0.0,0.0127,1.0155
a,smoke,smoke_2,flipbook,flipbook_astc,astc5x5 32f 128px,346112,41.2487,35.1077,0.99529,38.7396,0.9674,0.0000,0.0,0.0377,0.9575
a,smoke,smoke_2,flipbook,flipbook_astc,astc5x5 16f 128px,173056,32.8493,26.8184,0.97154,34.2759,0.4784,0.0000,0.0,0.0836,0.8250
a,smoke,smoke_2,flipbook,flipbook_astc,astc5x5 8f 128px,86528,26.7861,20.9480,0.91249,32.1330,0.1233,0.0000,0.0,0.1162,0.5948
a,smoke,smoke_2,flipbook,flipbook_astc,astc5x5 4f 128px,43264,23.2110,17.5850,0.84394,31.3725,0.0269,0.0000,0.0,0.1077,0.3636
a,smoke,smoke_2,flipbook,flipbook_astc,astc5x5 64f 64px,173056,34.3737,28.6237,0.96981,38.6668,0.5083,0.0000,0.0,0.5869,0.8492
a,smoke,smoke_2,flipbook,flipbook_astc,astc5x5 32f 64px,86528,33.5559,27.8289,0.96511,36.7909,0.4886,0.0000,0.0,0.6246,0.7981
a,smoke,smoke_2,flipbook,flipbook_astc,astc5x5 16f 64px,43264,30.9050,25.2454,0.94455,33.9247,0.3118,0.0000,0.0,0.6681,0.7073
a,smoke,smoke_2,flipbook,flipbook_astc,astc5x5 8f 64px,21632,26.7719,21.2370,0.89494,32.0678,0.0949,0.0000,0.0,0.6944,0.5334
a,smoke,smoke_2,flipbook,flipbook_astc,astc5x5 4f 64px,10816,23.5248,18.1330,0.83467,31.3560,0.0230,0.0000,0.0,0.6981,0.3334
a,smoke,smoke_2,flipbook,flipbook_astc,astc5x5 64f 32px,50176,28.2554,22.9303,0.88399,33.8243,0.3646,0.0000,0.0,0.8550,0.6890
a,smoke,smoke_2,flipbook,flipbook_astc,astc5x5 32f 32px,25088,28.1119,22.7943,0.88145,33.7848,0.2080,0.0000,0.0,0.8715,0.6224
a,smoke,smoke_2,flipbook,flipbook_astc,astc5x5 16f 32px,12544,27.4839,22.2141,0.87009,32.9397,0.1519,0.0000,0.0,0.9070,0.5594
a,smoke,smoke_2,flipbook,flipbook_astc,astc5x5 8f 32px,6272,25.7847,20.6089,0.84086,31.8584,0.0619,0.0000,0.0,0.9212,0.4451
a,smoke,smoke_2,flipbook,flipbook_astc,astc5x5 4f 32px,3136,23.5573,18.4591,0.80099,31.3059,0.0182,0.0000,0.0,0.9642,0.2904
a,smoke,smoke_2,flipbook,flipbook_astc_mv,astc5x5 16f 128px +mv32,205824,40.5213,34.4357,0.99328,41.2039,0.8973,0.0000,0.0,0.1339,0.9703
a,smoke,smoke_2,flipbook,flipbook_astc_mv,astc5x5 8f 128px +mv32,102912,31.2440,25.2456,0.96088,35.5308,0.5086,0.0000,0.0,0.2114,0.8319
a,smoke,smoke_2,flipbook,flipbook_astc_mv,astc5x5 4f 128px +mv32,51456,23.2049,17.4280,0.85627,31.2317,0.1111,0.0000,0.0,0.2337,0.4897
a,smoke,smoke_2,flipbook,flipbook_astc_mv,astc5x5 16f 64px +mv16,51456,34.0431,28.3003,0.96805,38.1531,0.4528,0.0000,0.0,0.5688,0.8343
a,smoke,smoke_2,flipbook,flipbook_astc_mv,astc5x5 8f 64px +mv16,25728,31.1777,25.4822,0.94510,35.7441,0.3327,0.0000,0.0,0.5684,0.7606
a,smoke,smoke_2,flipbook,flipbook_astc_mv,astc5x5 4f 64px +mv16,12864,24.5885,19.0317,0.86132,31.7449,0.1115,0.0000,0.0,0.5755,0.5231
a,smoke,smoke_2,flipbook,flipbook_astc,astc6x6 64f 128px,495616,45.6369,39.5037,0.99794,44.3871,1.1407,0.0000,0.0,0.0227,1.0263
a,smoke,smoke_2,flipbook,flipbook_astc,astc6x6 32f 128px,247808,40.6324,34.5108,0.99453,38.5704,0.9651,0.0000,0.0,0.0464,0.9585
a,smoke,smoke_2,flipbook,flipbook_astc,astc6x6 16f 128px,123904,32.7845,26.7649,0.97096,34.2585,0.4764,0.0000,0.0,0.0852,0.8242
a,smoke,smoke_2,flipbook,flipbook_astc,astc6x6 8f 128px,61952,26.7822,20.9499,0.91210,32.1302,0.1231,0.0000,0.0,0.1174,0.5946
a,smoke,smoke_2,flipbook,flipbook_astc,astc6x6 4f 128px,30976,23.2124,17.5916,0.84369,31.3719,0.0269,0.0000,0.0,0.1085,0.3635
a,smoke,smoke_2,flipbook,flipbook_astc,astc6x6 64f 64px,123904,33.9891,28.2455,0.96717,37.7968,0.6205,0.0000,0.0,0.5851,0.8730
a,smoke,smoke_2,flipbook,flipbook_astc,astc6x6 32f 64px,61952,33.2866,27.5704,0.96284,36.5530,0.4938,0.0000,0.0,0.6199,0.8042
a,smoke,smoke_2,flipbook,flipbook_astc,astc6x6 16f 64px,30976,30.7914,25.1394,0.94283,33.8848,0.3101,0.0000,0.0,0.6596,0.7084
a,smoke,smoke_2,flipbook,flipbook_astc,astc6x6 8f 64px,15488,26.7522,21.2311,0.89335,32.0605,0.0947,0.0000,0.0,0.6892,0.5333
a,smoke,smoke_2,flipbook,flipbook_astc,astc6x6 4f 64px,7744,23.5214,18.1471,0.83366,31.3543,0.0229,0.0000,0.0,0.6870,0.3326
a,smoke,smoke_2,flipbook,flipbook_astc,astc6x6 64f 32px,36864,27.9771,22.6647,0.87837,33.1136,0.7205,0.0000,0.0,0.8634,0.7670
a,smoke,smoke_2,flipbook,flipbook_astc,astc6x6 32f 32px,18432,27.8667,22.5611,0.87635,33.5264,0.2459,0.0000,0.0,0.8831,0.6443
a,smoke,smoke_2,flipbook,flipbook_astc,astc6x6 16f 32px,9216,27.2933,22.0246,0.86637,32.8565,0.1534,0.0000,0.0,0.9153,0.5626
a,smoke,smoke_2,flipbook,flipbook_astc,astc6x6 8f 32px,4608,25.6936,20.5214,0.83773,31.8403,0.0611,0.0000,0.0,0.9268,0.4419
a,smoke,smoke_2,flipbook,flipbook_astc,astc6x6 4f 32px,2304,23.5253,18.4646,0.79729,31.3006,0.0180,0.0000,0.0,0.9767,0.2869
a,smoke,smoke_2,flipbook,flipbook_astc_mv,astc6x6 16f 128px +mv32,156672,40.1121,34.0381,0.99265,40.7950,0.9084,0.0000,0.0,0.1353,0.9704
a,smoke,smoke_2,flipbook,flipbook_astc_mv,astc6x6 8f 128px +mv32,78336,31.2076,25.2177,0.96041,35.4651,0.5151,0.0000,0.0,0.2122,0.8317
a,smoke,smoke_2,flipbook,flipbook_astc_mv,astc6x6 4f 128px +mv32,39168,23.2051,17.4347,0.85602,31.2291,0.1114,0.0000,0.0,0.2346,0.4894
a,smoke,smoke_2,flipbook,flipbook_astc_mv,astc6x6 16f 64px +mv16,39168,33.7494,28.0133,0.96592,37.7899,0.4564,0.0000,0.0,0.5609,0.8366
a,smoke,smoke_2,flipbook,flipbook_astc_mv,astc6x6 8f 64px +mv16,19584,31.0226,25.3403,0.94278,35.5854,0.3277,0.0000,0.0,0.5634,0.7585
a,smoke,smoke_2,flipbook,flipbook_astc_mv,astc6x6 4f 64px +mv16,9792,24.5668,19.0256,0.85974,31.7376,0.1111,0.0000,0.0,0.5656,0.5223
a,smoke,smoke_2,flipbook,flipbook_astc,astc8x8 64f 128px,262144,41.7776,35.6755,0.99488,40.7721,1.3085,0.0000,0.0,0.0369,1.0582
a,smoke,smoke_2,flipbook,flipbook_astc,astc8x8 32f 128px,131072,39.2227,33.1473,0.99188,38.1225,0.9661,0.0000,0.0,0.0541,0.9652
a,smoke,smoke_2,flipbook,flipbook_astc,astc8x8 16f 128px,65536,32.5735,26.5857,0.96876,34.2067,0.4742,0.0000,0.0,0.0906,0.8246
a,smoke,smoke_2,flipbook,flipbook_astc,astc8x8 8f 128px,32768,26.7506,20.9382,0.91054,32.1217,0.1224,0.0000,0.0,0.1178,0.5938
a,smoke,smoke_2,flipbook,flipbook_astc,astc8x8 4f 128px,16384,23.2113,17.6024,0.84268,31.3703,0.0268,0.0000,0.0,0.1059,0.3632
a,smoke,smoke_2,flipbook,flipbook_astc,astc8x8 64f 64px,65536,32.7633,27.0860,0.95492,35.7636,0.9539,0.0000,0.0,0.5840,0.9384
a,smoke,smoke_2,flipbook,flipbook_astc,astc8x8 32f 64px,32768,32.2998,26.6424,0.95148,35.8196,0.4967,0.0000,0.0,0.6256,0.8172
a,smoke,smoke_2,flipbook,flipbook_astc,astc8x8 16f 64px,16384,30.3005,24.6991,0.93313,33.7374,0.2979,0.0000,0.0,0.6667,0.7041
a,smoke,smoke_2,flipbook,flipbook_astc,astc8x8 8f 64px,8192,26.6390,21.1602,0.88642,32.0337,0.0922,0.0000,0.0,0.6918,0.5287
a,smoke,smoke_2,flipbook,flipbook_astc,astc8x8 4f 64px,4096,23.5274,18.1859,0.82999,31.3484,0.0226,0.0000,0.0,0.6896,0.3313
a,smoke,smoke_2,flipbook,flipbook_astc,astc8x8 64f 32px,16384,27.2627,22.0607,0.85516,31.7935,1.4267,0.0000,0.0,0.8703,0.9362
a,smoke,smoke_2,flipbook,flipbook_astc,astc8x8 32f 32px,8192,27.2281,22.0187,0.85585,32.8553,0.3209,0.0000,0.0,0.8892,0.7039
a,smoke,smoke_2,flipbook,flipbook_astc,astc8x8 16f 32px,4096,26.7916,21.6167,0.84860,32.6014,0.1480,0.0000,0.0,0.9273,0.5736
a,smoke,smoke_2,flipbook,flipbook_astc,astc8x8 8f 32px,2048,25.4584,20.3699,0.82366,31.7839,0.0589,0.0000,0.0,0.9351,0.4427
a,smoke,smoke_2,flipbook,flipbook_astc,astc8x8 4f 32px,1024,23.4749,18.4481,0.79114,31.2878,0.0180,0.0000,0.0,1.0007,0.2903
a,smoke,smoke_2,flipbook,flipbook_astc_mv,astc8x8 16f 128px +mv32,98304,39.0698,33.0312,0.99052,39.9719,0.9313,0.0000,0.0,0.1435,0.9733
a,smoke,smoke_2,flipbook,flipbook_astc_mv,astc8x8 8f 128px +mv32,49152,31.1042,25.1366,0.95883,35.3390,0.5266,0.0000,0.0,0.2168,0.8322
a,smoke,smoke_2,flipbook,flipbook_astc_mv,astc8x8 4f 128px +mv32,24576,23.2049,17.4473,0.85501,31.2238,0.1132,0.0000,0.0,0.2324,0.4903
a,smoke,smoke_2,flipbook,flipbook_astc_mv,astc8x8 16f 64px +mv16,24576,32.6700,26.9927,0.95459,36.8017,0.4430,0.0000,0.0,0.5730,0.8319
a,smoke,smoke_2,flipbook,flipbook_astc_mv,astc8x8 8f 64px +mv16,12288,30.4678,24.8365,0.93284,35.1237,0.3221,0.0000,0.0,0.5718,0.7515
a,smoke,smoke_2,flipbook,flipbook_astc_mv,astc8x8 4f 64px +mv16,6144,24.5641,19.0564,0.85540,31.7314,0.1085,0.0000,0.0,0.5779,0.5147
a,smoke,smoke_2,flipbook,flipbook_astc,astc10x10 64f 128px,173056,38.8325,32.7674,0.98960,38.0336,1.6044,0.0000,0.0,0.0585,1.1008
a,smoke,smoke_2,flipbook,flipbook_astc,astc10x10 32f 128px,86528,37.5555,31.5231,0.98711,37.4861,0.9778,0.0000,0.0,0.0730,0.9756
a,smoke,smoke_2,flipbook,flipbook_astc,astc10x10 16f 128px,43264,32.2297,26.2845,0.96469,34.1259,0.4670,0.0000,0.0,0.1052,0.8225
a,smoke,smoke_2,flipbook,flipbook_astc,astc10x10 8f 128px,21632,26.7202,20.9395,0.90792,32.1092,0.1211,0.0000,0.0,0.1254,0.5925
a,smoke,smoke_2,flipbook,flipbook_astc,astc10x10 4f 128px,10816,23.2248,17.6371,0.84137,31.3672,0.0266,0.0000,0.0,0.1234,0.3620
a,smoke,smoke_2,flipbook,flipbook_astc,astc10x10 64f 64px,50176,31.6016,25.9757,0.94063,34.1173,1.4244,0.0000,0.0,0.5804,1.0194
a,smoke,smoke_2,flipbook,flipbook_astc,astc10x10 32f 64px,25088,31.3202,25.7118,0.93851,35.0393,0.5296,0.0000,0.0,0.6249,0.8378
a,smoke,smoke_2,flipbook,flipbook_astc,astc10x10 16f 64px,12544,29.7803,24.2231,0.92243,33.5670,0.2887,0.0000,0.0,0.6625,0.7041
a,smoke,smoke_2,flipbook,flipbook_astc,astc10x10 8f 64px,6272,26.5166,21.0632,0.87887,32.0033,0.0916,0.0000,0.0,0.6830,0.5288
a,smoke,smoke_2,flipbook,flipbook_astc,astc10x10 4f 64px,3136,23.5102,18.1752,0.82459,31.3406,0.0223,0.0000,0.0,0.6850,0.3291
a,smoke,smoke_2,flipbook,flipbook_astc,astc10x10 64f 32px,16384,26.3823,21.2835,0.82746,30.7425,2.0789,0.0000,0.0,0.9221,1.0399
a,smoke,smoke_2,flipbook,flipbook_astc,astc10x10 32f 32px,8192,26.4176,21.3071,0.82931,32.1897,0.3807,0.0000,0.0,0.9418,0.7315
a,smoke,smoke_2,flipbook,flipbook_astc,astc10x10 16f 32px,4096,26.1202,21.0156,0.82476,32.3002,0.1317,0.0000,0.0,0.9809,0.5593
a,smoke,smoke_2,flipbook,flipbook_astc,astc10x10 8f 32px,2048,25.1285,20.1224,0.80530,31.7073,0.0544,0.0000,0.0,0.9776,0.4297
a,smoke,smoke_2,flipbook,flipbook_astc,astc10x10 4f 32px,1024,23.3440,18.3868,0.77574,31.2686,0.0169,0.0000,0.0,1.0389,0.2827
a,smoke,smoke_2,flipbook,flipbook_astc_mv,astc10x10 16f 128px +mv32,76032,37.6610,31.6584,0.98642,38.9090,0.9713,0.0000,0.0,0.1528,0.9769
a,smoke,smoke_2,flipbook,flipbook_astc_mv,astc10x10 8f 128px +mv32,38016,30.9101,24.9711,0.95549,35.1022,0.5467,0.0000,0.0,0.2230,0.8308
a,smoke,smoke_2,flipbook,flipbook_astc_mv,astc10x10 4f 128px +mv32,19008,23.2198,17.4804,0.85387,31.2173,0.1130,0.0000,0.0,0.2420,0.4883
a,smoke,smoke_2,flipbook,flipbook_astc_mv,astc10x10 16f 64px +mv16,20736,31.6697,26.0412,0.94237,35.8741,0.4504,0.0000,0.0,0.5763,0.8346
a,smoke,smoke_2,flipbook,flipbook_astc_mv,astc10x10 8f 64px +mv16,10368,29.9625,24.3626,0.92318,34.6947,0.3198,0.0000,0.0,0.5697,0.7531
a,smoke,smoke_2,flipbook,flipbook_astc_mv,astc10x10 4f 64px +mv16,5184,24.5248,19.0303,0.84988,31.7078,0.1027,0.0000,0.0,0.5765,0.5114
a,smoke,smoke_2,flipbook,flipbook_astc,astc12x12 64f 128px,123904,36.8542,30.8407,0.98316,36.3290,1.8794,0.0000,0.0,0.0680,1.1425
a,smoke,smoke_2,flipbook,flipbook_astc,astc12x12 32f 128px,61952,36.1441,30.1620,0.98136,36.8936,0.9770,0.0000,0.0,0.0798,0.9808
a,smoke,smoke_2,flipbook,flipbook_astc,astc12x12 16f 128px,30976,31.8424,25.9393,0.95989,34.0360,0.4601,0.0000,0.0,0.1108,0.8211
a,smoke,smoke_2,flipbook,flipbook_astc,astc12x12 8f 128px,15488,26.6413,20.8924,0.90421,32.0935,0.1199,0.0000,0.0,0.1296,0.5907
a,smoke,smoke_2,flipbook,flipbook_astc,astc12x12 4f 128px,7744,23.2019,17.6412,0.83874,31.3632,0.0265,0.0000,0.0,0.1270,0.3612
a,smoke,smoke_2,flipbook,flipbook_astc,astc12x12 64f 64px,36864,30.2959,24.7470,0.92395,32.5492,2.0894,0.0000,0.0,0.6045,1.0961
a,smoke,smoke_2,flipbook,flipbook_astc,astc12x12 32f 64px,18432,30.1919,24.6627,0.92313,34.2080,0.5901,0.0000,0.0,0.6439,0.8595
a,smoke,smoke_2,flipbook,flipbook_astc,astc12x12 16f 64px,9216,29.0286,23.5305,0.91028,33.3409,0.2786,0.0000,0.0,0.6882,0.6984
a,smoke,smoke_2,flipbook,flipbook_astc,astc12x12 8f 64px,4608,26.2660,20.8694,0.86981,31.9535,0.0875,0.0000,0.0,0.7190,0.5191
a,smoke,smoke_2,flipbook,flipbook_astc,astc12x12 4f 64px,2304,23.4371,18.1700,0.81937,31.3294,0.0219,0.0000,0.0,0.7107,0.3254
a,smoke,smoke_2,flipbook,flipbook_astc,astc12x12 64f 32px,9216,25.6350,20.5791,0.80515,29.9786,2.6962,0.0000,0.0,0.9568,1.1162
a,smoke,smoke_2,flipbook,flipbook_astc,astc12x12 32f 32px,4608,25.6930,20.6563,0.80522,31.6519,0.4685,0.0000,0.0,0.9744,0.7764
a,smoke,smoke_2,flipbook,flipbook_astc,astc12x12 16f 32px,2304,25.4953,20.4887,0.80319,32.0138,0.1364,0.0000,0.0,1.0050,0.5787
a,smoke,smoke_2,flipbook,flipbook_astc,astc12x12 8f 32px,1152,24.7132,19.7239,0.78820,31.6276,0.0524,0.0000,0.0,1.0313,0.4322
a,smoke,smoke_2,flipbook,flipbook_astc,astc12x12 4f 32px,576,23.1685,18.2689,0.76408,31.2492,0.0172,0.0000,0.0,1.0771,0.2853
a,smoke,smoke_2,flipbook,flipbook_astc_mv,astc12x12 16f 128px +mv32,63744,36.4216,30.4645,0.98157,38.0364,0.9976,0.0000,0.0,0.1697,0.9807
a,smoke,smoke_2,flipbook,flipbook_astc_mv,astc12x12 8f 128px +mv32,31872,30.6617,24.7538,0.95155,34.8705,0.5597,0.0000,0.0,0.2271,0.8315
a,smoke,smoke_2,flipbook,flipbook_astc_mv,astc12x12 4f 128px +mv32,15936,23.1961,17.4828,0.85137,31.2076,0.1128,0.0000,0.0,0.2398,0.4890
a,smoke,smoke_2,flipbook,flipbook_astc_mv,astc12x12 16f 64px +mv16,17408,30.4830,24.9171,0.92856,35.0889,0.4464,0.0000,0.0,0.6049,0.8288
a,smoke,smoke_2,flipbook,flipbook_astc_mv,astc12x12 8f 64px +mv16,8704,29.1658,23.6309,0.91036,34.1526,0.2865,0.0000,0.0,0.6150,0.7329
a,smoke,smoke_2,flipbook,flipbook_astc_mv,astc12x12 4f 64px +mv16,4352,24.4140,18.9973,0.84240,31.6899,0.0983,0.0000,0.0,0.6132,0.5007
a_interp,smoke,smoke_2,smoke_2|interp|bc7 0f 128px,flipbook,bc7 0f 128px,524288,38.6843,32.6086,0.99154,38.7634,0.9701,0.0000,0.0,,
a_interp,smoke,smoke_2,smoke_2|interp|bc7 0f 128px +mv32,flipbook_mv,bc7 0f 128px +mv32,589824,44.1175,38.0589,0.99699,43.4416,1.1030,0.0000,0.0,,
a_interp,smoke,smoke_2,smoke_2|interp|astc4x4 0f 128px,flipbook,astc4x4 0f 128px,524288,38.8405,32.7511,0.99197,38.8451,0.9690,0.0000,0.0,,
a_interp,smoke,smoke_2,smoke_2|interp|astc4x4 0f 128px +mv32,flipbook_mv,astc4x4 0f 128px +mv32,589824,44.3965,38.3256,0.99719,44.0385,1.0785,0.0000,0.0,,
a,smoke,smoke_3,flipbook,flipbook_bc7,bc7 64f 128px,1048576,48.0481,43.1441,0.99880,46.6047,1.0509,0.0000,0.0,0.0055,1.0177
a,smoke,smoke_3,flipbook,flipbook_bc7,bc7 32f 128px,524288,38.7083,33.7963,0.99189,36.0198,0.6671,0.0000,0.0,0.0378,0.9197
a,smoke,smoke_3,flipbook,flipbook_bc7,bc7 16f 128px,262144,31.6135,26.7851,0.96398,32.4801,0.2499,0.0000,0.0,0.0883,0.7389
a,smoke,smoke_3,flipbook,flipbook_bc7,bc7 8f 128px,131072,26.6019,21.9206,0.90401,30.9622,0.0608,0.0000,0.0,0.1129,0.5125
a,smoke,smoke_3,flipbook,flipbook_bc7,bc7 4f 128px,65536,23.3718,18.8965,0.82633,30.4074,0.0133,0.0000,0.0,0.1078,0.3137
a,smoke,smoke_3,flipbook,flipbook_bc7,bc7 64f 64px,262144,31.7867,27.2816,0.95009,35.7950,0.3650,0.0000,0.0,0.6178,0.7646
a,smoke,smoke_3,flipbook,flipbook_bc7,bc7 32f 64px,131072,31.1540,26.6622,0.94357,34.0040,0.2825,0.0000,0.0,0.6466,0.7009
a,smoke,smoke_3,flipbook,flipbook_bc7,bc7 16f 64px,65536,29.3318,24.8796,0.92175,32.0441,0.1382,0.0000,0.0,0.6898,0.5891
a,smoke,smoke_3,flipbook,flipbook_bc7,bc7 8f 64px,32768,26.4261,22.0566,0.87539,30.8662,0.0412,0.0000,0.0,0.7006,0.4312
a,smoke,smoke_3,flipbook,flipbook_bc7,bc7 4f 64px,16384,23.7612,19.5298,0.81199,30.3826,0.0105,0.0000,0.0,0.6906,0.2745
a,smoke,smoke_3,flipbook,flipbook_bc7,bc7 64f 32px,65536,26.8117,22.7163,0.84433,32.0441,0.2027,0.0000,0.0,0.8450,0.5860
a,smoke,smoke_3,flipbook,flipbook_bc7,bc7 32f 32px,32768,26.7053,22.6162,0.84142,31.8822,0.1145,0.0000,0.0,0.8553,0.5202
a,smoke,smoke_3,flipbook,flipbook_bc7,bc7 16f 32px,16384,26.2822,22.2145,0.83138,31.2830,0.0660,0.0000,0.0,0.8820,0.4472
a,smoke,smoke_3,flipbook,flipbook_bc7,bc7 8f 32px,8192,25.1909,21.1809,0.80709,30.6678,0.0249,0.0000,0.0,0.8946,0.3439
a,smoke,smoke_3,flipbook,flipbook_bc7,bc7 4f 32px,4096,23.6075,19.6776,0.76852,30.3330,0.0082,0.0000,0.0,0.8751,0.2317
a,smoke,smoke_3,flipbook,flipbook_bc7_mv,bc7 16f 128px +mv32,294912,35.6023,30.7513,0.98431,35.7279,0.5829,0.0000,0.0,0.1323,0.8864
a,smoke,smoke_3,flipbook,flipbook_bc7_mv,bc7 8f 128px +mv32,147456,28.3463,23.5933,0.93123,31.7703,0.2022,0.0000,0.0,0.2081,0.6564
a,smoke,smoke_3,flipbook,flipbook_bc7_mv,bc7 4f 128px +mv32,73728,23.9366,19.3615,0.84885,30.5356,0.0465,0.0000,0.0,0.2248,0.4095
a,smoke,smoke_3,flipbook,flipbook_bc7_mv,bc7 16f 64px +mv16,73728,31.0085,26.5132,0.94160,34.1259,0.2242,0.0000,0.0,0.6350,0.6908
a,smoke,smoke_3,flipbook,flipbook_bc7_mv,bc7 8f 64px +mv16,36864,28.1055,23.6566,0.90350,31.8442,0.1059,0.0000,0.0,0.6335,0.5606
a,smoke,smoke_3,flipbook,flipbook_bc7_mv,bc7 4f 64px +mv16,18432,24.4275,20.0927,0.83428,30.5597,0.0256,0.0000,0.0,0.6090,0.3634
a,smoke,smoke_3,flipbook,flipbook_astc,astc4x4 64f 128px,1048576,50.5129,45.6057,0.99919,48.8524,1.0286,0.0000,0.0,0.0030,1.0112
a,smoke,smoke_3,flipbook,flipbook_astc,astc4x4 32f 128px,524288,38.9196,33.9950,0.99235,36.0671,0.6664,0.0000,0.0,0.0395,0.9182
a,smoke,smoke_3,flipbook,flipbook_astc,astc4x4 16f 128px,262144,31.6504,26.8123,0.96447,32.4854,0.2506,0.0000,0.0,0.0905,0.7388
a,smoke,smoke_3,flipbook,flipbook_astc,astc4x4 8f 128px,131072,26.6062,21.9178,0.90440,30.9632,0.0609,0.0000,0.0,0.1149,0.5124
a,smoke,smoke_3,flipbook,flipbook_astc,astc4x4 4f 128px,65536,23.3694,18.8868,0.82655,30.4078,0.0133,0.0000,0.0,0.1104,0.3136
a,smoke,smoke_3,flipbook,flipbook_astc,astc4x4 64f 64px,262144,31.8791,27.3603,0.95178,35.9529,0.3459,0.0000,0.0,0.6181,0.7572
a,smoke,smoke_3,flipbook,flipbook_astc,astc4x4 32f 64px,131072,31.2302,26.7259,0.94515,34.0455,0.2821,0.0000,0.0,0.6463,0.6991
a,smoke,smoke_3,flipbook,flipbook_astc,astc4x4 16f 64px,65536,29.3776,24.9132,0.92322,32.0547,0.1389,0.0000,0.0,0.6866,0.5898
a,smoke,smoke_3,flipbook,flipbook_astc,astc4x4 8f 64px,32768,26.4356,22.0555,0.87663,30.8685,0.0413,0.0000,0.0,0.6962,0.4316
a,smoke,smoke_3,flipbook,flipbook_astc,astc4x4 4f 64px,16384,23.7627,19.5216,0.81285,30.3834,0.0106,0.0000,0.0,0.6837,0.2749
a,smoke,smoke_3,flipbook,flipbook_astc,astc4x4 64f 32px,65536,26.8790,22.7623,0.84798,32.1746,0.1559,0.0000,0.0,0.8428,0.5648
a,smoke,smoke_3,flipbook,flipbook_astc,astc4x4 32f 32px,32768,26.7662,22.6548,0.84506,31.9237,0.1083,0.0000,0.0,0.8524,0.5110
a,smoke,smoke_3,flipbook,flipbook_astc,astc4x4 16f 32px,16384,26.3381,22.2494,0.83464,31.2948,0.0656,0.0000,0.0,0.8764,0.4454
a,smoke,smoke_3,flipbook,flipbook_astc,astc4x4 8f 32px,8192,25.2330,21.1963,0.81005,30.6717,0.0251,0.0000,0.0,0.8894,0.3446
a,smoke,smoke_3,flipbook,flipbook_astc,astc4x4 4f 32px,4096,23.6294,19.6769,0.77107,30.3331,0.0082,0.0000,0.0,0.8690,0.2313
a,smoke,smoke_3,flipbook,flipbook_astc_mv,astc4x4 16f 128px +mv32,294912,35.6738,30.8130,0.98465,35.7932,0.5755,0.0000,0.0,0.1340,0.8843
a,smoke,smoke_3,flipbook,flipbook_astc_mv,astc4x4 8f 128px +mv32,147456,28.3517,23.5892,0.93150,31.7798,0.2008,0.0000,0.0,0.2097,0.6555
a,smoke,smoke_3,flipbook,flipbook_astc_mv,astc4x4 4f 128px +mv32,73728,23.9327,19.3503,0.84899,30.5369,0.0462,0.0000,0.0,0.2268,0.4090
a,smoke,smoke_3,flipbook,flipbook_astc_mv,astc4x4 16f 64px +mv16,73728,31.0793,26.5728,0.94306,34.1757,0.2205,0.0000,0.0,0.6326,0.6895
a,smoke,smoke_3,flipbook,flipbook_astc_mv,astc4x4 8f 64px +mv16,36864,28.1281,23.6700,0.90488,31.8633,0.1047,0.0000,0.0,0.6309,0.5599
a,smoke,smoke_3,flipbook,flipbook_astc_mv,astc4x4 4f 64px +mv16,18432,24.4283,20.0842,0.83525,30.5622,0.0255,0.0000,0.0,0.6054,0.3630
a,smoke,smoke_3,flipbook,flipbook_astc,astc5x5 64f 128px,692224,46.6365,41.7491,0.99817,45.1729,1.0529,0.0000,0.0,0.0060,1.0225
a,smoke,smoke_3,flipbook,flipbook_astc,astc5x5 32f 128px,346112,38.5820,33.6727,0.99161,35.9763,0.6649,0.0000,0.0,0.0423,0.9198
a,smoke,smoke_3,flipbook,flipbook_astc,astc5x5 16f 128px,173056,31.6079,26.7773,0.96395,32.4750,0.2499,0.0000,0.0,0.0928,0.7387
a,smoke,smoke_3,flipbook,flipbook_astc,astc5x5 8f 128px,86528,26.6030,21.9185,0.90409,30.9614,0.0608,0.0000,0.0,0.1165,0.5121
a,smoke,smoke_3,flipbook,flipbook_astc,astc5x5 4f 128px,43264,23.3687,18.8859,0.82644,30.4072,0.0133,0.0000,0.0,0.1116,0.3136
a,smoke,smoke_3,flipbook,flipbook_astc,astc5x5 64f 64px,173056,31.7095,27.1973,0.94991,35.5404,0.3874,0.0000,0.0,0.6225,0.7791
a,smoke,smoke_3,flipbook,flipbook_astc,astc5x5 32f 64px,86528,31.1056,26.6055,0.94364,33.9524,0.2841,0.0000,0.0,0.6499,0.7041
a,smoke,smoke_3,flipbook,flipbook_astc,astc5x5 16f 64px,43264,29.3070,24.8464,0.92203,32.0358,0.1383,0.0000,0.0,0.6912,0.5897
a,smoke,smoke_3,flipbook,flipbook_astc,astc5x5 8f 64px,21632,26.4092,22.0336,0.87570,30.8650,0.0412,0.0000,0.0,0.7017,0.4312
a,smoke,smoke_3,flipbook,flipbook_astc,astc5x5 4f 64px,10816,23.7558,19.5156,0.81235,30.3826,0.0105,0.0000,0.0,0.6893,0.2741
a,smoke,smoke_3,flipbook,flipbook_astc,astc5x5 64f 32px,50176,26.7763,22.6614,0.84511,31.8634,0.2624,0.0000,0.0,0.8548,0.6215
a,smoke,smoke_3,flipbook,flipbook_astc,astc5x5 32f 32px,25088,26.6784,22.5661,0.84246,31.8214,0.1197,0.0000,0.0,0.8669,0.5277
a,smoke,smoke_3,flipbook,flipbook_astc,astc5x5 16f 32px,12544,26.2711,22.1849,0.83271,31.2657,0.0663,0.0000,0.0,0.8907,0.4494
a,smoke,smoke_3,flipbook,flipbook_astc,astc5x5 8f 32px,6272,25.1951,21.1599,0.80925,30.6650,0.0253,0.0000,0.0,0.8990,0.3449
a,smoke,smoke_3,flipbook,flipbook_astc,astc5x5 4f 32px,3136,23.5903,19.6292,0.77102,30.3317,0.0082,0.0000,0.0,0.8814,0.2312
a,smoke,smoke_3,flipbook,flipbook_astc_mv,astc5x5 16f 128px +mv32,205824,35.5472,30.6935,0.98401,35.6888,0.5772,0.0000,0.0,0.1364,0.8845
a,smoke,smoke_3,flipbook,flipbook_astc_mv,astc5x5 8f 128px +mv32,102912,28.3413,23.5826,0.93111,31.7665,0.2019,0.0000,0.0,0.2118,0.6554
a,smoke,smoke_3,flipbook,flipbook_astc_mv,astc5x5 4f 128px +mv32,51456,23.9308,19.3473,0.84881,30.5348,0.0464,0.0000,0.0,0.2279,0.4090
a,smoke,smoke_3,flipbook,flipbook_astc_mv,astc5x5 16f 64px +mv16,51456,30.9618,26.4581,0.94166,34.0811,0.2223,0.0000,0.0,0.6369,0.6905
a,smoke,smoke_3,flipbook,flipbook_astc_mv,astc5x5 8f 64px +mv16,25728,28.0825,23.6278,0.90373,31.8413,0.1057,0.0000,0.0,0.6356,0.5598
a,smoke,smoke_3,flipbook,flipbook_astc_mv,astc5x5 4f 64px +mv16,12864,24.4137,20.0729,0.83435,30.5565,0.0255,0.0000,0.0,0.6090,0.3628
a,smoke,smoke_3,flipbook,flipbook_astc,astc6x6 64f 128px,495616,43.6134,38.7355,0.99649,42.3002,1.0851,0.0000,0.0,0.0112,1.0360
a,smoke,smoke_3,flipbook,flipbook_astc,astc6x6 32f 128px,247808,38.0696,33.1825,0.99029,35.8319,0.6637,0.0000,0.0,0.0472,0.9222
a,smoke,smoke_3,flipbook,flipbook_astc,astc6x6 16f 128px,123904,31.5272,26.7102,0.96294,32.4564,0.2488,0.0000,0.0,0.0976,0.7381
a,smoke,smoke_3,flipbook,flipbook_astc,astc6x6 8f 128px,61952,26.5888,21.9091,0.90343,30.9580,0.0606,0.0000,0.0,0.1196,0.5115
a,smoke,smoke_3,flipbook,flipbook_astc,astc6x6 4f 128px,30976,23.3705,18.8915,0.82607,30.4064,0.0133,0.0000,0.0,0.1152,0.3132
a,smoke,smoke_3,flipbook,flipbook_astc,astc6x6 64f 64px,123904,31.3963,26.9029,0.94511,34.8875,0.4527,0.0000,0.0,0.6264,0.8050
a,smoke,smoke_3,flipbook,flipbook_astc,astc6x6 32f 64px,61952,30.8680,26.3823,0.93942,33.7625,0.2832,0.0000,0.0,0.6553,0.7085
a,smoke,smoke_3,flipbook,flipbook_astc,astc6x6 16f 64px,30976,29.1922,24.7442,0.91875,31.9979,0.1369,0.0000,0.0,0.6947,0.5887
a,smoke,smoke_3,flipbook,flipbook_astc,astc6x6 8f 64px,15488,26.3887,22.0233,0.87361,30.8572,0.0407,0.0000,0.0,0.7016,0.4293
a,smoke,smoke_3,flipbook,flipbook_astc,astc6x6 4f 64px,7744,23.7634,19.5322,0.81097,30.3811,0.0105,0.0000,0.0,0.6894,0.2741
a,smoke,smoke_3,flipbook,flipbook_astc,astc6x6 64f 32px,36864,26.5888,22.5121,0.83759,31.4114,0.4098,0.0000,0.0,0.8664,0.6907
a,smoke,smoke_3,flipbook,flipbook_astc,astc6x6 32f 32px,18432,26.5141,22.4440,0.83557,31.6444,0.1354,0.0000,0.0,0.8798,0.5538
a,smoke,smoke_3,flipbook,flipbook_astc,astc6x6 16f 32px,9216,26.1434,22.0877,0.82656,31.2157,0.0666,0.0000,0.0,0.9009,0.4538
a,smoke,smoke_3,flipbook,flipbook_astc,astc6x6 8f 32px,4608,25.1218,21.1116,0.80376,30.6526,0.0250,0.0000,0.0,0.9046,0.3477
a,smoke,smoke_3,flipbook,flipbook_astc,astc6x6 4f 32px,2304,23.5939,19.6518,0.76584,30.3294,0.0083,0.0000,0.0,0.8898,0.2336
a,smoke,smoke_3,flipbook,flipbook_astc_mv,astc6x6 16f 128px +mv32,156672,35.3424,30.5034,0.98294,35.5561,0.5803,0.0000,0.0,0.1416,0.8847
a,smoke,smoke_3,flipbook,flipbook_astc_mv,astc6x6 8f 128px +mv32,78336,28.3142,23.5639,0.93033,31.7476,0.2023,0.0000,0.0,0.2153,0.6550
a,smoke,smoke_3,flipbook,flipbook_astc_mv,astc6x6 4f 128px +mv32,39168,23.9328,19.3540,0.84839,30.5306,0.0462,0.0000,0.0,0.2319,0.4085
a,smoke,smoke_3,flipbook,flipbook_astc_mv,astc6x6 16f 64px +mv16,39168,30.7446,26.2569,0.93775,33.8729,0.2173,0.0000,0.0,0.6426,0.6883
a,smoke,smoke_3,flipbook,flipbook_astc_mv,astc6x6 8f 64px +mv16,19584,28.0105,23.5663,0.90091,31.7906,0.1044,0.0000,0.0,0.6371,0.5569
a,smoke,smoke_3,flipbook,flipbook_astc_mv,astc6x6 4f 64px +mv16,9792,24.4250,20.0899,0.83284,30.5548,0.0254,0.0000,0.0,0.6118,0.3613
a,smoke,smoke_3,flipbook,flipbook_astc,astc8x8 64f 128px,262144,39.2243,34.3789,0.99046,38.0557,1.2153,0.0000,0.0,0.0240,1.0760
a,smoke,smoke_3,flipbook,flipbook_astc,astc8x8 32f 128px,131072,36.6213,31.7872,0.98515,35.3612,0.6545,0.0000,0.0,0.0677,0.9271
a,smoke,smoke_3,flipbook,flipbook_astc,astc8x8 16f 128px,65536,31.2631,26.4860,0.95872,32.3934,0.2446,0.0000,0.0,0.1174,0.7352
a,smoke,smoke_3,flipbook,flipbook_astc,astc8x8 8f 128px,32768,26.5549,21.9055,0.90067,30.9457,0.0599,0.0000,0.0,0.1426,0.5095
a,smoke,smoke_3,flipbook,flipbook_astc,astc8x8 4f 128px,16384,23.3778,18.9150,0.82454,30.4038,0.0132,0.0000,0.0,0.1385,0.3119
a,smoke,smoke_3,flipbook,flipbook_astc,astc8x8 64f 64px,65536,30.4396,25.9835,0.92900,33.2335,0.6807,0.0000,0.0,0.6445,0.8850
a,smoke,smoke_3,flipbook,flipbook_astc,astc8x8 32f 64px,32768,30.1116,25.6629,0.92482,33.1966,0.2886,0.0000,0.0,0.6732,0.7266
a,smoke,smoke_3,flipbook,flipbook_astc,astc8x8 16f 64px,16384,28.7610,24.3490,0.90614,31.8650,0.1323,0.0000,0.0,0.7152,0.5887
a,smoke,smoke_3,flipbook,flipbook_astc,astc8x8 8f 64px,8192,26.2412,21.9125,0.86414,30.8278,0.0398,0.0000,0.0,0.7272,0.4276
a,smoke,smoke_3,flipbook,flipbook_astc,astc8x8 4f 64px,4096,23.7382,19.5404,0.80522,30.3743,0.0104,0.0000,0.0,0.7125,0.2730
a,smoke,smoke_3,flipbook,flipbook_astc,astc8x8 64f 32px,16384,26.0437,22.0196,0.81447,30.4204,0.7736,0.0000,0.0,0.8822,0.8162
a,smoke,smoke_3,flipbook,flipbook_astc,astc8x8 32f 32px,8192,26.0219,22.0084,0.81316,31.1752,0.1680,0.0000,0.0,0.8941,0.5994
a,smoke,smoke_3,flipbook,flipbook_astc,astc8x8 16f 32px,4096,25.7516,21.7497,0.80668,31.0465,0.0636,0.0000,0.0,0.9149,0.4632
a,smoke,smoke_3,flipbook,flipbook_astc,astc8x8 8f 32px,2048,24.9110,20.9449,0.78888,30.6137,0.0242,0.0000,0.0,0.9148,0.3484
a,smoke,smoke_3,flipbook,flipbook_astc,astc8x8 4f 32px,1024,23.4585,19.5734,0.75414,30.3190,0.0083,0.0000,0.0,0.8994,0.2340
a,smoke,smoke_3,flipbook,flipbook_astc_mv,astc8x8 16f 128px +mv32,98304,34.6656,29.8680,0.97863,35.1230,0.5777,0.0000,0.0,0.1620,0.8820
a,smoke,smoke_3,flipbook,flipbook_astc_mv,astc8x8 8f 128px +mv32,49152,28.2332,23.5134,0.92716,31.6870,0.2006,0.0000,0.0,0.2377,0.6501
a,smoke,smoke_3,flipbook,flipbook_astc_mv,astc8x8 4f 128px +mv32,24576,23.9271,19.3649,0.84649,30.5219,0.0457,0.0000,0.0,0.2550,0.4054
a,smoke,smoke_3,flipbook,flipbook_astc_mv,astc8x8 16f 64px +mv16,24576,30.0208,25.5711,0.92310,33.3241,0.2148,0.0000,0.0,0.6675,0.6864
a,smoke,smoke_3,flipbook,flipbook_astc_mv,astc8x8 8f 64px +mv16,12288,27.6958,23.2938,0.88933,31.6349,0.1008,0.0000,0.0,0.6637,0.5487
a,smoke,smoke_3,flipbook,flipbook_astc_mv,astc8x8 4f 64px +mv16,6144,24.3485,20.0497,0.82584,30.5239,0.0241,0.0000,0.0,0.6365,0.3577
a,smoke,smoke_3,flipbook,flipbook_astc,astc10x10 64f 128px,173056,36.4440,31.6500,0.98163,35.4976,1.3965,0.0000,0.0,0.0436,1.1210
a,smoke,smoke_3,flipbook,flipbook_astc,astc10x10 32f 128px,86528,35.1207,30.3422,0.97749,34.7981,0.6463,0.0000,0.0,0.0925,0.9320
a,smoke,smoke_3,flipbook,flipbook_astc,astc10x10 16f 128px,43264,30.9045,26.1752,0.95261,32.3055,0.2403,0.0000,0.0,0.1426,0.7342
a,smoke,smoke_3,flipbook,flipbook_astc,astc10x10 8f 128px,21632,26.4866,21.8718,0.89586,30.9285,0.0591,0.0000,0.0,0.1634,0.5074
a,smoke,smoke_3,flipbook,flipbook_astc,astc10x10 4f 128px,10816,23.3761,18.9420,0.82157,30.3994,0.0131,0.0000,0.0,0.1633,0.3109
a,smoke,smoke_3,flipbook,flipbook_astc,astc10x10 64f 64px,50176,29.4179,25.0232,0.90848,31.7994,0.9940,0.0000,0.0,0.6703,0.9671
a,smoke,smoke_3,flipbook,flipbook_astc,astc10x10 32f 64px,25088,29.2561,24.8712,0.90663,32.5561,0.2999,0.0000,0.0,0.7007,0.7399
a,smoke,smoke_3,flipbook,flipbook_astc,astc10x10 16f 64px,12544,28.2471,23.8906,0.89060,31.7008,0.1266,0.0000,0.0,0.7417,0.5849
a,smoke,smoke_3,flipbook,flipbook_astc,astc10x10 8f 64px,6272,26.0618,21.7563,0.85301,30.7908,0.0390,0.0000,0.0,0.7559,0.4232
a,smoke,smoke_3,flipbook,flipbook_astc,astc10x10 4f 64px,3136,23.7006,19.5154,0.79829,30.3659,0.0102,0.0000,0.0,0.7415,0.2710
a,smoke,smoke_3,flipbook,flipbook_astc,astc10x10 64f 32px,16384,25.2449,21.3086,0.78543,29.4875,1.2061,0.0000,0.0,0.9197,0.9530
a,smoke,smoke_3,flipbook,flipbook_astc,astc10x10 32f 32px,8192,25.2736,21.3273,0.78647,30.6604,0.2209,0.0000,0.0,0.9307,0.6453
a,smoke,smoke_3,flipbook,flipbook_astc,astc10x10 16f 32px,4096,25.1003,21.1746,0.78168,30.8298,0.0647,0.0000,0.0,0.9396,0.4667
a,smoke,smoke_3,flipbook,flipbook_astc,astc10x10 8f 32px,2048,24.4853,20.6200,0.76487,30.5403,0.0226,0.0000,0.0,0.9616,0.3391
a,smoke,smoke_3,flipbook,flipbook_astc,astc10x10 4f 32px,1024,23.3104,19.5084,0.73633,30.2994,0.0078,0.0000,0.0,0.9434,0.2214
a,smoke,smoke_3,flipbook,flipbook_astc_mv,astc10x10 16f 128px +mv32,76032,33.7720,29.0216,0.97194,34.5798,0.5709,0.0000,0.0,0.1882,0.8788
a,smoke,smoke_3,flipbook,flipbook_astc_mv,astc10x10 8f 128px +mv32,38016,28.0946,23.4057,0.92244,31.6119,0.1986,0.0000,0.0,0.2594,0.6459
a,smoke,smoke_3,flipbook,flipbook_astc_mv,astc10x10 4f 128px +mv32,19008,23.9108,19.3707,0.84344,30.5117,0.0434,0.0000,0.0,0.2770,0.4010
a,smoke,smoke_3,flipbook,flipbook_astc_mv,astc10x10 16f 64px +mv16,20736,29.2316,24.8401,0.90549,32.7545,0.2087,0.0000,0.0,0.6998,0.6799
a,smoke,smoke_3,flipbook,flipbook_astc_mv,astc10x10 8f 64px +mv16,10368,27.3412,22.9673,0.87542,31.4937,0.0989,0.0000,0.0,0.6969,0.5444
a,smoke,smoke_3,flipbook,flipbook_astc_mv,astc10x10 4f 64px +mv16,5184,24.2771,19.9903,0.81750,30.5030,0.0225,0.0000,0.0,0.6690,0.3518
a,smoke,smoke_3,flipbook,flipbook_astc,astc12x12 64f 128px,123904,34.4506,29.7040,0.97016,33.8460,1.5378,0.0000,0.0,0.0729,1.1526
a,smoke,smoke_3,flipbook,flipbook_astc,astc12x12 32f 128px,61952,33.7642,29.0312,0.96712,34.2098,0.6267,0.0000,0.0,0.1226,0.9317
a,smoke,smoke_3,flipbook,flipbook_astc,astc12x12 16f 128px,30976,30.4996,25.8132,0.94395,32.2006,0.2313,0.0000,0.0,0.1705,0.7255
a,smoke,smoke_3,flipbook,flipbook_astc,astc12x12 8f 128px,15488,26.4268,21.8359,0.88998,30.9071,0.0577,0.0000,0.0,0.1893,0.5014
a,smoke,smoke_3,flipbook,flipbook_astc,astc12x12 4f 128px,7744,23.3959,18.9619,0.81859,30.3946,0.0129,0.0000,0.0,0.1835,0.3084
a,smoke,smoke_3,flipbook,flipbook_astc,astc12x12 64f 64px,36864,28.5101,24.1878,0.88874,30.8543,1.1958,0.0000,0.0,0.6980,1.0026
a,smoke,smoke_3,flipbook,flipbook_astc,astc12x12 32f 64px,18432,28.4574,24.1491,0.88810,32.0047,0.3079,0.0000,0.0,0.7276,0.7461
a,smoke,smoke_3,flipbook,flipbook_astc,astc12x12 16f 64px,9216,27.7055,23.4141,0.87533,31.5252,0.1208,0.0000,0.0,0.7646,0.5816
a,smoke,smoke_3,flipbook,flipbook_astc,astc12x12 8f 64px,4608,25.8604,21.6430,0.84073,30.7539,0.0375,0.0000,0.0,0.7678,0.4196
a,smoke,smoke_3,flipbook,flipbook_astc,astc12x12 4f 64px,2304,23.6464,19.5377,0.78956,30.3549,0.0101,0.0000,0.0,0.7616,0.2678
a,smoke,smoke_3,flipbook,flipbook_astc,astc12x12 64f 32px,9216,24.5795,20.7304,0.76503,29.0285,1.3438,0.0000,0.0,0.9428,0.8937
a,smoke,smoke_3,flipbook,flipbook_astc,astc12x12 32f 32px,4608,24.6345,20.7987,0.76495,30.2714,0.2410,0.0000,0.0,0.9614,0.6220
a,smoke,smoke_3,flipbook,flipbook_astc,astc12x12 16f 32px,2304,24.5631,20.7333,0.76338,30.6338,0.0589,0.0000,0.0,0.9817,0.4452
a,smoke,smoke_3,flipbook,flipbook_astc,astc12x12 8f 32px,1152,24.0898,20.2904,0.75180,30.4854,0.0209,0.0000,0.0,0.9852,0.3271
a,smoke,smoke_3,flipbook,flipbook_astc,astc12x12 4f 32px,576,23.1270,19.4287,0.72596,30.2884,0.0078,0.0000,0.0,0.9718,0.2197
a,smoke,smoke_3,flipbook,flipbook_astc_mv,astc12x12 16f 128px +mv32,63744,32.8894,28.1828,0.96277,34.0293,0.5534,0.0000,0.0,0.2205,0.8679
a,smoke,smoke_3,flipbook,flipbook_astc_mv,astc12x12 8f 128px +mv32,31872,27.9542,23.2947,0.91574,31.5245,0.1918,0.0000,0.0,0.2857,0.6367
a,smoke,smoke_3,flipbook,flipbook_astc_mv,astc12x12 4f 128px +mv32,15936,23.9134,19.3784,0.83954,30.4963,0.0417,0.0000,0.0,0.2939,0.3958
a,smoke,smoke_3,flipbook,flipbook_astc_mv,astc12x12 16f 64px +mv16,17408,28.4587,24.1343,0.88838,32.2799,0.1949,0.0000,0.0,0.7288,0.6705
a,smoke,smoke_3,flipbook,flipbook_astc_mv,astc12x12 8f 64px +mv16,8704,26.9747,22.6909,0.86208,31.3399,0.0848,0.0000,0.0,0.7194,0.5307
a,smoke,smoke_3,flipbook,flipbook_astc_mv,astc12x12 4f 64px +mv16,4352,24.1990,19.9954,0.80776,30.4697,0.0200,0.0000,0.0,0.7093,0.3417
a_interp,smoke,smoke_3,smoke_3|interp|bc7 0f 128px,flipbook,bc7 0f 128px,524288,35.9584,31.0917,0.98499,36.0198,0.6671,0.0000,0.0,,
a_interp,smoke,smoke_3,smoke_3|interp|bc7 0f 128px +mv32,flipbook_mv,bc7 0f 128px +mv32,589824,39.8712,35.0126,0.99363,39.5797,0.9756,0.0000,0.0,,
a_interp,smoke,smoke_3,smoke_3|interp|astc4x4 0f 128px,flipbook,astc4x4 0f 128px,524288,36.0626,31.1834,0.98551,36.0671,0.6664,0.0000,0.0,,
a_interp,smoke,smoke_3,smoke_3|interp|astc4x4 0f 128px +mv32,flipbook_mv,astc4x4 0f 128px +mv32,589824,40.0095,35.1399,0.99392,39.8341,0.9593,0.0000,0.0,,
a,explosion,explosion_0,flipbook,flipbook_bc7,bc7 64f 128px,1048576,47.1168,41.9289,0.99779,45.0998,1.0206,0.0000,0.0,0.0353,1.0152
a,explosion,explosion_0,flipbook,flipbook_bc7,bc7 32f 128px,524288,36.5624,31.4081,0.98978,33.8459,0.5682,0.0000,0.0,0.0556,0.9771
a,explosion,explosion_0,flipbook,flipbook_bc7,bc7 16f 128px,262144,29.6300,24.6227,0.95842,30.5328,0.2257,0.0000,0.0,0.0799,0.9137
a,explosion,explosion_0,flipbook,flipbook_bc7,bc7 8f 128px,131072,23.8015,19.1167,0.88824,28.8569,0.0568,0.0000,0.0,0.1047,0.8142
a,explosion,explosion_0,flipbook,flipbook_bc7,bc7 4f 128px,65536,18.4432,14.3666,0.77582,28.0416,0.0115,0.0000,0.0,0.2072,0.6327
a,explosion,explosion_0,flipbook,flipbook_bc7,bc7 64f 64px,262144,34.7040,29.6935,0.98141,37.2624,0.4802,0.0000,0.0,0.4974,0.9548
a,explosion,explosion_0,flipbook,flipbook_bc7,bc7 32f 64px,131072,32.8277,27.8606,0.97317,33.1509,0.3534,0.0000,0.0,0.5478,0.9233
a,explosion,explosion_0,flipbook,flipbook_bc7,bc7 16f 64px,65536,28.9391,24.0999,0.94496,30.4184,0.1758,0.0000,0.0,0.5932,0.8781
a,explosion,explosion_0,flipbook,flipbook_bc7,bc7 8f 64px,32768,23.8861,19.3520,0.88074,28.8365,0.0512,0.0000,0.0,0.6232,0.7974
a,explosion,explosion_0,flipbook,flipbook_bc7,bc7 4f 64px,16384,18.5617,14.6101,0.77314,28.0376,0.0112,0.0000,0.0,0.7599,0.6267
a,explosion,explosion_0,flipbook,flipbook_bc7,bc7 64f 32px,65536,29.0492,24.3510,0.92720,32.1360,0.2419,0.0000,0.0,0.5574,0.9171
a,explosion,explosion_0,flipbook,flipbook_bc7,bc7 32f 32px,32768,28.6173,23.9529,0.92144,31.4006,0.1755,0.0000,0.0,0.5813,0.8680
a,explosion,explosion_0,flipbook,flipbook_bc7,bc7 16f 32px,16384,27.0942,22.5413,0.90186,30.0178,0.1121,0.0000,0.0,0.6180,0.8293
a,explosion,explosion_0,flipbook,flipbook_bc7,bc7 8f 32px,8192,23.6843,19.4053,0.85254,28.7703,0.0424,0.0000,0.0,0.6370,0.7710
a,explosion,explosion_0,flipbook,flipbook_bc7,bc7 4f 32px,4096,18.7010,14.9501,0.75774,28.0268,0.0107,0.0000,0.0,0.8051,0.6151
a,explosion,explosion_0,flipbook,flipbook_bc7_mv,bc7 16f 128px +mv32,294912,36.6347,31.5080,0.99025,35.6390,0.5452,0.0000,0.0,0.1501,0.9875
a,explosion,explosion_0,flipbook,flipbook_bc7_mv,bc7 8f 128px +mv32,147456,27.5965,22.7130,0.94433,30.6304,0.2204,0.0000,0.0,0.2183,0.9088
a,explosion,explosion_0,flipbook,flipbook_bc7_mv,bc7 4f 128px +mv32,73728,19.3623,15.0067,0.81860,28.2323,0.0391,0.0000,0.0,0.2754,0.6836
a,explosion,explosion_0,flipbook,flipbook_bc7_mv,bc7 16f 64px +mv16,73728,33.6086,28.6086,0.97817,35.1106,0.3252,0.0000,0.0,0.5041,0.9316
a,explosion,explosion_0,flipbook,flipbook_bc7_mv,bc7 8f 64px +mv16,36864,28.6317,23.7757,0.94914,31.0643,0.1544,0.0000,0.0,0.5245,0.8858
a,explosion,explosion_0,flipbook,flipbook_bc7_mv,bc7 4f 64px +mv16,18432,19.8920,15.5408,0.83284,28.3955,0.0496,0.0000,0.0,0.5942,0.7054
a,explosion,explosion_0,flipbook,flipbook_astc,astc4x4 64f 128px,1048576,48.6164,43.4166,0.99815,46.4545,1.0190,0.0000,0.0,0.0164,1.0101
a,explosion,explosion_0,flipbook,flipbook_astc,astc4x4 32f 128px,524288,36.6594,31.4975,0.99025,33.8711,0.5707,0.0000,0.0,0.0461,0.9748
a,explosion,explosion_0,flipbook,flipbook_astc,astc4x4 16f 128px,262144,29.6444,24.6320,0.95890,30.5355,0.2267,0.0000,0.0,0.0793,0.9129
a,explosion,explosion_0,flipbook,flipbook_astc,astc4x4 8f 128px,131072,23.8032,19.1136,0.88866,28.8572,0.0569,0.0000,0.0,0.1156,0.8141
a,explosion,explosion_0,flipbook,flipbook_astc,astc4x4 4f 128px,65536,18.4421,14.3622,0.77614,28.0419,0.0115,0.0000,0.0,0.2207,0.6328
a,explosion,explosion_0,flipbook,flipbook_astc,astc4x4 64f 64px,262144,34.8186,29.7909,0.98320,37.3945,0.4783,0.0000,0.0,0.5076,0.9545
a,explosion,explosion_0,flipbook,flipbook_astc,astc4x4 32f 64px,131072,32.9005,27.9194,0.97497,33.1738,0.3557,0.0000,0.0,0.5556,0.9232
a,explosion,explosion_0,flipbook,flipbook_astc,astc4x4 16f 64px,65536,28.9660,24.1127,0.94683,30.4236,0.1775,0.0000,0.0,0.5990,0.8787
a,explosion,explosion_0,flipbook,flipbook_astc,astc4x4 8f 64px,32768,23.8879,19.3454,0.88196,28.8370,0.0513,0.0000,0.0,0.6325,0.7980
a,explosion,explosion_0,flipbook,flipbook_astc,astc4x4 4f 64px,16384,18.5593,14.5970,0.77402,28.0377,0.0112,0.0000,0.0,0.7723,0.6270
a,explosion,explosion_0,flipbook,flipbook_astc,astc4x4 64f 32px,65536,29.1377,24.4163,0.93115,32.2195,0.2337,0.0000,0.0,0.5563,0.9183
a,explosion,explosion_0,flipbook,flipbook_astc,astc4x4 32f 32px,32768,28.6841,23.9994,0.92531,31.4293,0.1756,0.0000,0.0,0.5824,0.8704
a,explosion,explosion_0,flipbook,flipbook_astc,astc4x4 16f 32px,16384,27.1531,22.5800,0.90548,30.0273,0.1137,0.0000,0.0,0.6137,0.8318
a,explosion,explosion_0,flipbook,flipbook_astc,astc4x4 8f 32px,8192,23.6984,19.4073,0.85459,28.7724,0.0426,0.0000,0.0,0.6465,0.7728
a,explosion,explosion_0,flipbook,flipbook_astc,astc4x4 4f 32px,4096,18.6936,14.9284,0.75935,28.0273,0.0107,0.0000,0.0,0.8167,0.6161
a,explosion,explosion_0,flipbook,flipbook_astc_mv,astc4x4 16f 128px +mv32,294912,36.6963,31.5617,0.99064,35.6972,0.5453,0.0000,0.0,0.1636,0.9856
a,explosion,explosion_0,flipbook,flipbook_astc_mv,astc4x4 8f 128px +mv32,147456,27.5991,22.7110,0.94464,30.6370,0.2195,0.0000,0.0,0.2317,0.9084
a,explosion,explosion_0,flipbook,flipbook_astc_mv,astc4x4 4f 128px +mv32,73728,19.3619,15.0034,0.81890,28.2328,0.0386,0.0000,0.0,0.2884,0.6838
a,explosion,explosion_0,flipbook,flipbook_astc_mv,astc4x4 16f 64px +mv16,73728,33.7116,28.6945,0.98015,35.1916,0.3294,0.0000,0.0,0.5086,0.9327
a,explosion,explosion_0,flipbook,flipbook_astc_mv,astc4x4 8f 64px +mv16,36864,28.6567,23.7889,0.95081,31.0752,0.1542,0.0000,0.0,0.5324,0.8867
a,explosion,explosion_0,flipbook,flipbook_astc_mv,astc4x4 4f 64px +mv16,18432,19.8918,15.5299,0.83389,28.3958,0.0499,0.0000,0.0,0.6000,0.7063
a,explosion,explosion_0,flipbook,flipbook_astc,astc5x5 64f 128px,692224,45.2839,40.0990,0.99641,43.4850,1.0178,0.0000,0.0,0.0337,1.0168
a,explosion,explosion_0,flipbook,flipbook_astc,astc5x5 32f 128px,346112,36.4295,31.2826,0.98885,33.8021,0.5661,0.0000,0.0,0.0572,0.9761
a,explosion,explosion_0,flipbook,flipbook_astc,astc5x5 16f 128px,173056,29.6150,24.6109,0.95792,30.5275,0.2256,0.0000,0.0,0.0830,0.9130
a,explosion,explosion_0,flipbook,flipbook_astc,astc5x5 8f 128px,86528,23.8059,19.1218,0.88803,28.8559,0.0567,0.0000,0.0,0.1117,0.8137
a,explosion,explosion_0,flipbook,flipbook_astc,astc5x5 4f 128px,43264,18.4450,14.3689,0.77571,28.0418,0.0115,0.0000,0.0,0.2029,0.6328
a,explosion,explosion_0,flipbook,flipbook_astc,astc5x5 64f 64px,173056,34.4499,29.4284,0.97993,36.7104,0.5125,0.0000,0.0,0.4944,0.9730
a,explosion,explosion_0,flipbook,flipbook_astc,astc5x5 32f 64px,86528,32.6979,27.7215,0.97217,33.0758,0.3571,0.0000,0.0,0.5436,0.9272
a,explosion,explosion_0,flipbook,flipbook_astc,astc5x5 16f 64px,43264,28.9028,24.0565,0.94457,30.4085,0.1766,0.0000,0.0,0.5882,0.8790
a,explosion,explosion_0,flipbook,flipbook_astc,astc5x5 8f 64px,21632,23.8767,19.3347,0.88083,28.8346,0.0511,0.0000,0.0,0.6300,0.7978
a,explosion,explosion_0,flipbook,flipbook_astc,astc5x5 4f 64px,10816,18.5621,14.6052,0.77313,28.0374,0.0112,0.0000,0.0,0.7509,0.6269
a,explosion,explosion_0,flipbook,flipbook_astc,astc5x5 64f 32px,50176,28.8860,24.1659,0.92551,31.7683,0.3402,0.0000,0.0,0.5640,0.9773
a,explosion,explosion_0,flipbook,flipbook_astc,astc5x5 32f 32px,25088,28.4881,23.8008,0.92064,31.3033,0.1858,0.0000,0.0,0.5884,0.8872
a,explosion,explosion_0,flipbook,flipbook_astc,astc5x5 16f 32px,12544,27.0080,22.4460,0.90089,29.9915,0.1127,0.0000,0.0,0.6238,0.8327
a,explosion,explosion_0,flipbook,flipbook_astc,astc5x5 8f 32px,6272,23.6457,19.3607,0.85175,28.7665,0.0425,0.0000,0.0,0.6463,0.7725
a,explosion,explosion_0,flipbook,flipbook_astc,astc5x5 4f 32px,3136,18.6936,14.9382,0.75648,28.0260,0.0107,0.0000,0.0,0.8078,0.6171
a,explosion,explosion_0,flipbook,flipbook_astc_mv,astc5x5 16f 128px +mv32,205824,36.4936,31.3709,0.98946,35.5455,0.5416,0.0000,0.0,0.1525,0.9854
a,explosion,explosion_0,flipbook,flipbook_astc_mv,astc5x5 8f 128px +mv32,102912,27.5882,22.7058,0.94371,30.6186,0.2174,0.0000,0.0,0.2249,0.9079
a,explosion,explosion_0,flipbook,flipbook_astc_mv,astc5x5 4f 128px +mv32,51456,19.3647,15.0104,0.81860,28.2334,0.0388,0.0000,0.0,0.2741,0.6834
a,explosion,explosion_0,flipbook,flipbook_astc_mv,astc5x5 16f 64px +mv16,51456,33.4637,28.4543,0.97728,34.9994,0.3284,0.0000,0.0,0.4987,0.9335
a,explosion,explosion_0,flipbook,flipbook_astc_mv,astc5x5 8f 64px +mv16,25728,28.6048,23.7385,0.94852,31.0459,0.1549,0.0000,0.0,0.5307,0.8872
a,explosion,explosion_0,flipbook,flipbook_astc_mv,astc5x5 4f 64px +mv16,12864,19.8947,15.5409,0.83265,28.3959,0.0505,0.0000,0.0,0.5899,0.7071
a,explosion,explosion_0,flipbook,flipbook_astc,astc6x6 64f 128px,495616,43.1215,37.9552,0.99426,41.4770,1.0261,0.0000,0.0,0.0534,1.0237
a,explosion,explosion_0,flipbook,flipbook_astc,astc6x6 32f 128px,247808,36.1509,31.0177,0.98704,33.7190,0.5620,0.0000,0.0,0.0681,0.9768
a,explosion,explosion_0,flipbook,flipbook_astc,astc6x6 16f 128px,123904,29.5863,24.5931,0.95647,30.5173,0.2244,0.0000,0.0,0.0857,0.9129
a,explosion,explosion_0,flipbook,flipbook_astc,astc6x6 8f 128px,61952,23.8062,19.1308,0.88727,28.8545,0.0565,0.0000,0.0,0.1067,0.8136
a,explosion,explosion_0,flipbook,flipbook_astc,astc6x6 4f 128px,30976,18.4473,14.3768,0.77528,28.0415,0.0115,0.0000,0.0,0.1871,0.6327
a,explosion,explosion_0,flipbook,flipbook_astc,astc6x6 64f 64px,123904,33.9509,28.9595,0.97521,35.9632,0.5534,0.0000,0.0,0.4797,0.9944
a,explosion,explosion_0,flipbook,flipbook_astc,astc6x6 32f 64px,61952,32.3905,27.4395,0.96797,32.9464,0.3551,0.0000,0.0,0.5317,0.9323
a,explosion,explosion_0,flipbook,flipbook_astc,astc6x6 16f 64px,30976,28.7964,23.9729,0.94130,30.3875,0.1747,0.0000,0.0,0.5804,0.8794
a,explosion,explosion_0,flipbook,flipbook_astc,astc6x6 8f 64px,15488,23.8615,19.3373,0.87818,28.8316,0.0510,0.0000,0.0,0.6078,0.7988
a,explosion,explosion_0,flipbook,flipbook_astc,astc6x6 4f 64px,7744,18.5635,14.6154,0.77196,28.0369,0.0112,0.0000,0.0,0.7490,0.6272
a,explosion,explosion_0,flipbook,flipbook_astc,astc6x6 64f 32px,36864,28.6374,23.9472,0.91955,31.4569,0.4217,0.0000,0.0,0.5719,1.0189
a,explosion,explosion_0,flipbook,flipbook_astc,astc6x6 32f 32px,18432,28.2604,23.6138,0.91407,31.2013,0.1966,0.0000,0.0,0.6045,0.8974
a,explosion,explosion_0,flipbook,flipbook_astc,astc6x6 16f 32px,9216,26.8859,22.3504,0.89628,29.9655,0.1135,0.0000,0.0,0.6325,0.8350
a,explosion,explosion_0,flipbook,flipbook_astc,astc6x6 8f 32px,4608,23.6132,19.3312,0.84942,28.7608,0.0423,0.0000,0.0,0.6307,0.7725
a,explosion,explosion_0,flipbook,flipbook_astc,astc6x6 4f 32px,2304,18.6821,14.9342,0.75723,28.0250,0.0107,0.0000,0.0,0.8327,0.6142
a,explosion,explosion_0,flipbook,flipbook_astc_mv,astc6x6 16f 128px +mv32,156672,36.2649,31.1571,0.98791,35.3506,0.5361,0.0000,0.0,0.1413,0.9853
a,explosion,explosion_0,flipbook,flipbook_astc_mv,astc6x6 8f 128px +mv32,78336,27.5733,22.7010,0.94264,30.6010,0.2174,0.0000,0.0,0.2026,0.9067
a,explosion,explosion_0,flipbook,flipbook_astc_mv,astc6x6 4f 128px +mv32,39168,19.3671,15.0181,0.81811,28.2294,0.0395,0.0000,0.0,0.2583,0.6840
a,explosion,explosion_0,flipbook,flipbook_astc_mv,astc6x6 16f 64px +mv16,39168,33.1180,28.1340,0.97340,34.7600,0.3268,0.0000,0.0,0.4928,0.9345
a,explosion,explosion_0,flipbook,flipbook_astc_mv,astc6x6 8f 64px +mv16,19584,28.4849,23.6423,0.94483,30.9832,0.1557,0.0000,0.0,0.5114,0.8892
a,explosion,explosion_0,flipbook,flipbook_astc_mv,astc6x6 4f 64px +mv16,9792,19.8911,15.5492,0.83100,28.3877,0.0503,0.0000,0.0,0.5837,0.7071
a,explosion,explosion_0,flipbook,flipbook_astc,astc8x8 64f 128px,262144,40.1732,35.0226,0.98905,38.7552,1.0750,0.0000,0.0,0.0795,1.0478
a,explosion,explosion_0,flipbook,flipbook_astc,astc8x8 32f 128px,131072,35.5266,30.4107,0.98273,33.5297,0.5573,0.0000,0.0,0.0896,0.9822
a,explosion,explosion_0,flipbook,flipbook_astc,astc8x8 16f 128px,65536,29.4775,24.4941,0.95318,30.4933,0.2228,0.0000,0.0,0.1034,0.9137
a,explosion,explosion_0,flipbook,flipbook_astc,astc8x8 8f 128px,32768,23.7953,19.1266,0.88509,28.8511,0.0563,0.0000,0.0,0.1097,0.8138
a,explosion,explosion_0,flipbook,flipbook_astc,astc8x8 4f 128px,16384,18.4537,14.3910,0.77412,28.0410,0.0115,0.0000,0.0,0.1629,0.6327
a,explosion,explosion_0,flipbook,flipbook_astc,astc8x8 64f 64px,65536,32.8246,27.8512,0.96533,34.3513,0.6592,0.0000,0.0,0.4632,1.0504
a,explosion,explosion_0,flipbook,flipbook_astc,astc8x8 32f 64px,32768,31.6695,26.7360,0.95905,32.6218,0.3543,0.0000,0.0,0.5166,0.9471
a,explosion,explosion_0,flipbook,flipbook_astc,astc8x8 16f 64px,16384,28.5377,23.7276,0.93391,30.3295,0.1705,0.0000,0.0,0.5596,0.8815
a,explosion,explosion_0,flipbook,flipbook_astc,astc8x8 8f 64px,8192,23.8177,19.3014,0.87426,28.8226,0.0504,0.0000,0.0,0.6041,0.7954
a,explosion,explosion_0,flipbook,flipbook_astc,astc8x8 4f 64px,4096,18.5675,14.6310,0.76882,28.0351,0.0112,0.0000,0.0,0.7419,0.6262
a,explosion,explosion_0,flipbook,flipbook_astc,astc8x8 64f 32px,16384,27.6470,23.0522,0.90125,30.1705,0.7633,0.0000,0.0,0.5706,1.1465
a,explosion,explosion_0,flipbook,flipbook_astc,astc8x8 32f 32px,8192,27.4168,22.8373,0.89745,30.7102,0.2205,0.0000,0.0,0.6012,0.9298
a,explosion,explosion_0,flipbook,flipbook_astc,astc8x8 16f 32px,4096,26.2821,21.8130,0.88072,29.8301,0.1103,0.0000,0.0,0.6396,0.8358
a,explosion,explosion_0,flipbook,flipbook_astc,astc8x8 8f 32px,2048,23.4303,19.2333,0.83575,28.7332,0.0410,0.0000,0.0,0.6312,0.7682
a,explosion,explosion_0,flipbook,flipbook_astc,astc8x8 4f 32px,1024,18.6913,15.0002,0.74779,28.0213,0.0107,0.0000,0.0,0.8431,0.6156
a,explosion,explosion_0,flipbook,flipbook_astc_mv,astc8x8 16f 128px +mv32,98304,35.6975,30.6046,0.98420,35.0219,0.5381,0.0000,0.0,0.1234,0.9880
a,explosion,explosion_0,flipbook,flipbook_astc_mv,astc8x8 8f 128px +mv32,49152,27.5154,22.6492,0.93992,30.5416,0.2223,0.0000,0.0,0.1860,0.9082
a,explosion,explosion_0,flipbook,flipbook_astc_mv,astc8x8 4f 128px +mv32,24576,19.3722,15.0302,0.81669,28.2284,0.0408,0.0000,0.0,0.2378,0.6843
a,explosion,explosion_0,flipbook,flipbook_astc_mv,astc8x8 16f 64px +mv16,24576,32.2767,27.3124,0.96449,34.1830,0.3140,0.0000,0.0,0.4776,0.9372
a,explosion,explosion_0,flipbook,flipbook_astc_mv,astc8x8 8f 64px +mv16,12288,28.2552,23.4312,0.93843,30.8805,0.1515,0.0000,0.0,0.5073,0.8866
a,explosion,explosion_0,flipbook,flipbook_astc_mv,astc8x8 4f 64px +mv16,6144,19.8895,15.5572,0.82660,28.3824,0.0498,0.0000,0.0,0.5859,0.7052
a,explosion,explosion_0,flipbook,flipbook_astc,astc10x10 64f 128px,173056,37.8729,32.7424,0.98306,36.7502,1.1376,0.0000,0.0,0.0998,1.0721
a,explosion,explosion_0,flipbook,flipbook_astc,astc10x10 32f 128px,86528,34.7463,29.6477,0.97742,33.2911,0.5553,0.0000,0.0,0.1041,0.9866
a,explosion,explosion_0,flipbook,flipbook_astc,astc10x10 16f 128px,43264,29.3256,24.3569,0.94917,30.4603,0.2206,0.0000,0.0,0.1197,0.9131
a,explosion,explosion_0,flipbook,flipbook_astc,astc10x10 8f 128px,21632,23.7817,19.1259,0.88258,28.8456,0.0561,0.0000,0.0,0.1217,0.8146
a,explosion,explosion_0,flipbook,flipbook_astc,astc10x10 4f 128px,10816,18.4532,14.3913,0.77279,28.0399,0.0114,0.0000,0.0,0.1524,0.6328
a,explosion,explosion_0,flipbook,flipbook_astc,astc10x10 64f 64px,50176,31.5098,26.5560,0.95270,32.8054,0.8610,0.0000,0.0,0.4840,1.1141
a,explosion,explosion_0,flipbook,flipbook_astc,astc10x10 32f 64px,25088,30.7396,25.8316,0.94775,32.2078,0.3657,0.0000,0.0,0.5417,0.9637
a,explosion,explosion_0,flipbook,flipbook_astc,astc10x10 16f 64px,12544,28.0921,23.2988,0.92394,30.2465,0.1664,0.0000,0.0,0.5887,0.8788
a,explosion,explosion_0,flipbook,flipbook_astc,astc10x10 8f 64px,6272,23.7374,19.2285,0.86811,28.8088,0.0499,0.0000,0.0,0.6082,0.7947
a,explosion,explosion_0,flipbook,flipbook_astc,astc10x10 4f 64px,3136,18.5630,14.6374,0.76602,28.0328,0.0112,0.0000,0.0,0.7428,0.6254
a,explosion,explosion_0,flipbook,flipbook_astc,astc10x10 64f 32px,16384,26.7525,22.2190,0.88476,29.3131,1.0675,0.0000,0.0,0.6374,1.2228
a,explosion,explosion_0,flipbook,flipbook_astc,astc10x10 32f 32px,8192,26.6156,22.1163,0.88044,30.2842,0.2535,0.0000,0.0,0.6615,0.9630
a,explosion,explosion_0,flipbook,flipbook_astc,astc10x10 16f 32px,4096,25.7637,21.3524,0.86709,29.7020,0.1095,0.0000,0.0,0.7138,0.8450
a,explosion,explosion_0,flipbook,flipbook_astc,astc10x10 8f 32px,2048,23.2604,19.1530,0.82321,28.7068,0.0397,0.0000,0.0,0.7380,0.7642
a,explosion,explosion_0,flipbook,flipbook_astc,astc10x10 4f 32px,1024,18.7114,15.0741,0.74210,28.0160,0.0107,0.0000,0.0,0.8874,0.6163
a,explosion,explosion_0,flipbook,flipbook_astc_mv,astc10x10 16f 128px +mv32,76032,34.9890,29.9144,0.97984,34.6327,0.5384,0.0000,0.0,0.1138,0.9868
a,explosion,explosion_0,flipbook,flipbook_astc_mv,astc10x10 8f 128px +mv32,38016,27.4410,22.5991,0.93658,30.4826,0.2205,0.0000,0.0,0.1738,0.9103
a,explosion,explosion_0,flipbook,flipbook_astc_mv,astc10x10 4f 128px +mv32,19008,19.3693,15.0312,0.81508,28.2231,0.0410,0.0000,0.0,0.2140,0.6842
a,explosion,explosion_0,flipbook,flipbook_astc_mv,astc10x10 16f 64px +mv16,20736,31.1871,26.2423,0.95303,33.6382,0.3143,0.0000,0.0,0.5067,0.9338
a,explosion,explosion_0,flipbook,flipbook_astc_mv,astc10x10 8f 64px +mv16,10368,27.8539,23.0312,0.92916,30.7090,0.1453,0.0000,0.0,0.5161,0.8818
a,explosion,explosion_0,flipbook,flipbook_astc_mv,astc10x10 4f 64px +mv16,5184,19.8554,15.5451,0.82242,28.3663,0.0491,0.0000,0.0,0.5931,0.7011
a,explosion,explosion_0,flipbook,flipbook_astc,astc12x12 64f 128px,123904,36.1806,31.0485,0.97657,35.1914,1.2258,0.0000,0.0,0.1179,1.1071
a,explosion,explosion_0,flipbook,flipbook_astc,astc12x12 32f 128px,61952,33.9699,28.8709,0.97178,33.0419,0.5533,0.0000,0.0,0.1185,0.9939
a,explosion,explosion_0,flipbook,flipbook_astc,astc12x12 16f 128px,30976,29.1416,24.1719,0.94445,30.4227,0.2169,0.0000,0.0,0.1364,0.9131
a,explosion,explosion_0,flipbook,flipbook_astc,astc12x12 8f 128px,15488,23.7624,19.0976,0.87932,28.8388,0.0558,0.0000,0.0,0.1353,0.8144
a,explosion,explosion_0,flipbook,flipbook_astc,astc12x12 4f 128px,7744,18.4639,14.4010,0.77067,28.0392,0.0114,0.0000,0.0,0.1551,0.6321
a,explosion,explosion_0,flipbook,flipbook_astc,astc12x12 64f 64px,36864,30.7283,25.7943,0.94396,31.9200,0.9964,0.0000,0.0,0.4625,1.1627
a,explosion,explosion_0,flipbook,flipbook_astc,astc12x12 32f 64px,18432,30.1476,25.2566,0.93959,31.8676,0.3737,0.0000,0.0,0.5162,0.9812
a,explosion,explosion_0,flipbook,flipbook_astc,astc12x12 16f 64px,9216,27.8580,23.0788,0.91735,30.1798,0.1653,0.0000,0.0,0.5791,0.8845
a,explosion,explosion_0,flipbook,flipbook_astc,astc12x12 8f 64px,4608,23.6806,19.1902,0.86344,28.7970,0.0491,0.0000,0.0,0.5837,0.7951
a,explosion,explosion_0,flipbook,flipbook_astc,astc12x12 4f 64px,2304,18.5541,14.6339,0.76433,28.0315,0.0112,0.0000,0.0,0.7345,0.6256
a,explosion,explosion_0,flipbook,flipbook_astc,astc12x12 64f 32px,9216,25.9919,21.5121,0.87307,28.5107,1.2867,0.0000,0.0,0.6219,1.2830
a,explosion,explosion_0,flipbook,flipbook_astc,astc12x12 32f 32px,4608,25.9597,21.5093,0.87016,29.7786,0.2833,0.0000,0.0,0.6445,0.9890
a,explosion,explosion_0,flipbook,flipbook_astc,astc12x12 16f 32px,2304,25.2261,20.9306,0.85399,29.5353,0.1003,0.0000,0.0,0.7059,0.8501
a,explosion,explosion_0,flipbook,flipbook_astc,astc12x12 8f 32px,1152,23.0147,18.9087,0.81824,28.6766,0.0385,0.0000,0.0,0.6833,0.7575
a,explosion,explosion_0,flipbook,flipbook_astc,astc12x12 4f 32px,576,18.6922,15.1384,0.73918,28.0119,0.0106,0.0000,0.0,0.8832,0.6065
a,explosion,explosion_0,flipbook,flipbook_astc_mv,astc12x12 16f 128px +mv32,63744,34.2556,29.1812,0.97485,34.2473,0.5337,0.0000,0.0,0.1143,0.9890
a,explosion,explosion_0,flipbook,flipbook_astc_mv,astc12x12 8f 128px +mv32,31872,27.3257,22.4727,0.93250,30.4316,0.2202,0.0000,0.0,0.1633,0.9079
a,explosion,explosion_0,flipbook,flipbook_astc_mv,astc12x12 4f 128px +mv32,15936,19.3807,15.0418,0.81271,28.2197,0.0415,0.0000,0.0,0.2191,0.6837
a,explosion,explosion_0,flipbook,flipbook_astc_mv,astc12x12 16f 64px +mv16,17408,30.5676,25.6365,0.94469,33.0973,0.3038,0.0000,0.0,0.4996,0.9428
a,explosion,explosion_0,flipbook,flipbook_astc_mv,astc12x12 8f 64px +mv16,8704,27.5690,22.7724,0.92194,30.5979,0.1430,0.0000,0.0,0.4977,0.8813
a,explosion,explosion_0,flipbook,flipbook_astc_mv,astc12x12 4f 64px +mv16,4352,19.8546,15.5422,0.82010,28.3441,0.0544,0.0000,0.0,0.5862,0.7020
a_interp,explosion,explosion_0,explosion_0|interp|bc7 0f 128px,flipbook,bc7 0f 128px,524288,33.8889,28.8133,0.98261,33.8902,0.5755,0.0000,0.0,,
a_interp,explosion,explosion_0,explosion_0|interp|bc7 0f 128px +mv32,flipbook_mv,bc7 0f 128px +mv32,589824,42.0798,36.9464,0.99654,41.5485,0.9213,0.0000,0.0,,
a_interp,explosion,explosion_0,explosion_0|interp|astc4x4 0f 128px,flipbook,astc4x4 0f 128px,524288,33.9325,28.8523,0.98316,33.9160,0.5783,0.0000,0.0,,
a_interp,explosion,explosion_0,explosion_0|interp|astc4x4 0f 128px +mv32,flipbook_mv,astc4x4 0f 128px +mv32,589824,42.2805,37.1384,0.99682,41.9790,0.9211,0.0000,0.0,,
a,explosion,explosion_1,flipbook,flipbook_bc7,bc7 64f 128px,1048576,46.5621,43.8732,0.99720,44.1026,1.0000,0.0000,0.0,0.0079,1.0129
a,explosion,explosion_1,flipbook,flipbook_bc7,bc7 32f 128px,524288,31.0146,28.3731,0.97299,28.0833,0.3992,0.0000,0.0,0.0406,0.9698
a,explosion,explosion_1,flipbook,flipbook_bc7,bc7 16f 128px,262144,25.2092,22.7342,0.91283,25.4482,0.1188,0.0000,0.0,0.0772,0.9088
a,explosion,explosion_1,flipbook,flipbook_bc7,bc7 8f 128px,131072,20.4434,18.3089,0.80705,24.2915,0.0278,0.0000,0.0,0.1143,0.8358
a,explosion,explosion_1,flipbook,flipbook_bc7,bc7 4f 128px,65536,15.3866,13.8333,0.64459,23.7113,0.0057,0.0000,0.0,0.1877,0.6685
a,explosion,explosion_1,flipbook,flipbook_bc7,bc7 64f 64px,262144,33.7779,31.2299,0.97320,34.4644,0.5777,0.0000,0.0,0.2267,0.9665
a,explosion,explosion_1,flipbook,flipbook_bc7,bc7 32f 64px,131072,29.6961,27.2047,0.95075,27.7832,0.2936,0.0000,0.0,0.2569,0.9333
a,explosion,explosion_1,flipbook,flipbook_bc7,bc7 16f 64px,65536,25.1517,22.8085,0.89631,25.3970,0.1019,0.0000,0.0,0.2922,0.8871
a,explosion,explosion_1,flipbook,flipbook_bc7,bc7 8f 64px,32768,20.5737,18.5480,0.79822,24.2803,0.0260,0.0000,0.0,0.3211,0.8261
a,explosion,explosion_1,flipbook,flipbook_bc7,bc7 4f 64px,16384,15.4748,14.0011,0.64260,23.7089,0.0056,0.0000,0.0,0.4547,0.6656
a,explosion,explosion_1,flipbook,flipbook_bc7,bc7 64f 32px,65536,28.5421,26.2093,0.91012,29.0164,0.2858,0.0000,0.0,0.2931,0.9318
a,explosion,explosion_1,flipbook,flipbook_bc7,bc7 32f 32px,32768,27.2969,25.0117,0.89516,26.9180,0.1772,0.0000,0.0,0.3144,0.8947
a,explosion,explosion_1,flipbook,flipbook_bc7,bc7 16f 32px,16384,24.6165,22.4617,0.85429,25.2528,0.0779,0.0000,0.0,0.3446,0.8599
a,explosion,explosion_1,flipbook,flipbook_bc7,bc7 8f 32px,8192,20.6629,18.7938,0.77272,24.2540,0.0233,0.0000,0.0,0.3773,0.8122
a,explosion,explosion_1,flipbook,flipbook_bc7,bc7 4f 32px,4096,15.5892,14.2282,0.62879,23.7049,0.0054,0.0000,0.0,0.5246,0.6588
a,explosion,explosion_1,flipbook,flipbook_bc7_mv,bc7 16f 128px +mv32,294912,30.0429,27.4508,0.96691,28.7030,0.4076,0.0000,0.0,0.0746,0.9683
a,explosion,explosion_1,flipbook,flipbook_bc7_mv,bc7 8f 128px +mv32,147456,23.1900,20.8437,0.88447,25.3251,0.1587,0.0000,0.0,0.1192,0.8990
a,explosion,explosion_1,flipbook,flipbook_bc7_mv,bc7 4f 128px +mv32,73728,15.9318,14.1104,0.69535,23.6701,0.0260,0.0000,0.0,0.2265,0.6997
a,explosion,explosion_1,flipbook,flipbook_bc7_mv,bc7 16f 64px +mv16,73728,30.4929,27.9856,0.95696,29.2793,0.2919,0.0000,0.0,0.2479,0.9391
a,explosion,explosion_1,flipbook,flipbook_bc7_mv,bc7 8f 64px +mv16,36864,24.0109,21.7127,0.89064,25.6817,0.1241,0.0000,0.0,0.2839,0.8950
a,explosion,explosion_1,flipbook,flipbook_bc7_mv,bc7 4f 64px +mv16,18432,16.4207,14.5694,0.72182,23.8005,0.0272,0.0000,0.0,0.3996,0.7139
a,explosion,explosion_1,flipbook,flipbook_astc,astc4x4 64f 128px,1048576,48.3653,45.6708,0.99782,45.8276,1.0028,0.0000,0.0,0.0036,1.0057
a,explosion,explosion_1,flipbook,flipbook_astc,astc4x4 32f 128px,524288,31.0450,28.4000,0.97364,28.0929,0.4008,0.0000,0.0,0.0412,0.9665
a,explosion,explosion_1,flipbook,flipbook_astc,astc4x4 16f 128px,262144,25.2126,22.7348,0.91343,25.4495,0.1193,0.0000,0.0,0.0800,0.9073
a,explosion,explosion_1,flipbook,flipbook_astc,astc4x4 8f 128px,131072,20.4448,18.3090,0.80759,24.2916,0.0279,0.0000,0.0,0.1159,0.8357
a,explosion,explosion_1,flipbook,flipbook_astc,astc4x4 4f 128px,65536,15.3864,13.8314,0.64492,23.7113,0.0057,0.0000,0.0,0.1900,0.6686
a,explosion,explosion_1,flipbook,flipbook_astc,astc4x4 64f 64px,262144,33.8881,31.3282,0.97516,34.5879,0.5806,0.0000,0.0,0.2283,0.9628
a,explosion,explosion_1,flipbook,flipbook_astc,astc4x4 32f 64px,131072,29.7383,27.2386,0.95265,27.7940,0.2960,0.0000,0.0,0.2587,0.9320
a,explosion,explosion_1,flipbook,flipbook_astc,astc4x4 16f 64px,65536,25.1605,22.8108,0.89795,25.3980,0.1025,0.0000,0.0,0.2934,0.8869
a,explosion,explosion_1,flipbook,flipbook_astc,astc4x4 8f 64px,32768,20.5691,18.5367,0.79950,24.2808,0.0261,0.0000,0.0,0.3222,0.8262
a,explosion,explosion_1,flipbook,flipbook_astc,astc4x4 4f 64px,16384,15.4737,13.9945,0.64332,23.7092,0.0056,0.0000,0.0,0.4497,0.6658
a,explosion,explosion_1,flipbook,flipbook_astc,astc4x4 64f 32px,65536,28.6181,26.2704,0.91430,29.0921,0.2836,0.0000,0.0,0.2936,0.9281
a,explosion,explosion_1,flipbook,flipbook_astc,astc4x4 32f 32px,32768,27.3503,25.0553,0.89862,26.9378,0.1790,0.0000,0.0,0.3150,0.8937
a,explosion,explosion_1,flipbook,flipbook_astc,astc4x4 16f 32px,16384,24.6373,22.4729,0.85739,25.2557,0.0787,0.0000,0.0,0.3445,0.8603
a,explosion,explosion_1,flipbook,flipbook_astc,astc4x4 8f 32px,8192,20.6662,18.7937,0.77435,24.2543,0.0233,0.0000,0.0,0.3769,0.8129
a,explosion,explosion_1,flipbook,flipbook_astc,astc4x4 4f 32px,4096,15.5868,14.2276,0.63068,23.7046,0.0054,0.0000,0.0,0.5235,0.6593
a,explosion,explosion_1,flipbook,flipbook_astc_mv,astc4x4 16f 128px +mv32,294912,30.0571,27.4611,0.96746,28.7191,0.4087,0.0000,0.0,0.0765,0.9659
a,explosion,explosion_1,flipbook,flipbook_astc_mv,astc4x4 8f 128px +mv32,147456,23.1910,20.8427,0.88492,25.3274,0.1582,0.0000,0.0,0.1203,0.8980
a,explosion,explosion_1,flipbook,flipbook_astc_mv,astc4x4 4f 128px +mv32,73728,15.9314,14.1092,0.69570,23.6697,0.0258,0.0000,0.0,0.2285,0.6998
a,explosion,explosion_1,flipbook,flipbook_astc_mv,astc4x4 16f 64px +mv16,73728,30.5372,28.0205,0.95884,29.3021,0.2936,0.0000,0.0,0.2482,0.9386
a,explosion,explosion_1,flipbook,flipbook_astc_mv,astc4x4 8f 64px +mv16,36864,24.0123,21.7054,0.89261,25.6876,0.1255,0.0000,0.0,0.2848,0.8951
a,explosion,explosion_1,flipbook,flipbook_astc_mv,astc4x4 4f 64px +mv16,18432,16.4199,14.5622,0.72251,23.7996,0.0273,0.0000,0.0,0.3947,0.7145
a,explosion,explosion_1,flipbook,flipbook_astc,astc5x5 64f 128px,692224,45.0421,42.3543,0.99583,42.6720,0.9971,0.0000,0.0,0.0069,1.0093
a,explosion,explosion_1,flipbook,flipbook_astc,astc5x5 32f 128px,346112,30.9933,28.3553,0.97217,28.0716,0.3988,0.0000,0.0,0.0415,0.9672
a,explosion,explosion_1,flipbook,flipbook_astc,astc5x5 16f 128px,173056,25.2127,22.7398,0.91243,25.4468,0.1188,0.0000,0.0,0.0786,0.9073
a,explosion,explosion_1,flipbook,flipbook_astc,astc5x5 8f 128px,86528,20.4471,18.3128,0.80697,24.2911,0.0278,0.0000,0.0,0.1135,0.8355
a,explosion,explosion_1,flipbook,flipbook_astc,astc5x5 4f 128px,43264,15.3900,13.8396,0.64463,23.7112,0.0057,0.0000,0.0,0.1885,0.6686
a,explosion,explosion_1,flipbook,flipbook_astc,astc5x5 64f 64px,173056,33.5958,31.0445,0.97150,34.1367,0.5861,0.0000,0.0,0.2290,0.9720
a,explosion,explosion_1,flipbook,flipbook_astc,astc5x5 32f 64px,86528,29.6475,27.1538,0.94960,27.7620,0.2954,0.0000,0.0,0.2601,0.9341
a,explosion,explosion_1,flipbook,flipbook_astc,astc5x5 16f 64px,43264,25.1381,22.7940,0.89571,25.3931,0.1021,0.0000,0.0,0.2952,0.8868
a,explosion,explosion_1,flipbook,flipbook_astc,astc5x5 8f 64px,21632,20.5696,18.5379,0.79849,24.2801,0.0260,0.0000,0.0,0.3262,0.8260
a,explosion,explosion_1,flipbook,flipbook_astc,astc5x5 4f 64px,10816,15.4764,14.0043,0.64264,23.7091,0.0056,0.0000,0.0,0.4524,0.6655
a,explosion,explosion_1,flipbook,flipbook_astc,astc5x5 64f 32px,50176,28.4304,26.0852,0.90839,28.8685,0.3048,0.0000,0.0,0.2945,0.9549
a,explosion,explosion_1,flipbook,flipbook_astc,astc5x5 32f 32px,25088,27.2269,24.9297,0.89348,26.8909,0.1800,0.0000,0.0,0.3165,0.9013
a,explosion,explosion_1,flipbook,flipbook_astc,astc5x5 16f 32px,12544,24.5838,22.4255,0.85320,25.2466,0.0784,0.0000,0.0,0.3471,0.8614
a,explosion,explosion_1,flipbook,flipbook_astc,astc5x5 8f 32px,6272,20.6497,18.7788,0.77233,24.2527,0.0233,0.0000,0.0,0.3772,0.8120
a,explosion,explosion_1,flipbook,flipbook_astc,astc5x5 4f 32px,3136,15.5870,14.2251,0.62998,23.7046,0.0054,0.0000,0.0,0.5293,0.6596
a,explosion,explosion_1,flipbook,flipbook_astc_mv,astc5x5 16f 128px +mv32,205824,30.0174,27.4284,0.96614,28.6776,0.4043,0.0000,0.0,0.0758,0.9657
a,explosion,explosion_1,flipbook,flipbook_astc_mv,astc5x5 8f 128px +mv32,102912,23.1889,20.8439,0.88408,25.3213,0.1573,0.0000,0.0,0.1191,0.8981
a,explosion,explosion_1,flipbook,flipbook_astc_mv,astc5x5 4f 128px +mv32,51456,15.9348,14.1173,0.69551,23.6709,0.0259,0.0000,0.0,0.2271,0.6998
a,explosion,explosion_1,flipbook,flipbook_astc_mv,astc5x5 16f 64px +mv16,51456,30.4231,27.9145,0.95585,29.2281,0.2933,0.0000,0.0,0.2496,0.9387
a,explosion,explosion_1,flipbook,flipbook_astc_mv,astc5x5 8f 64px +mv16,25728,23.9945,21.6896,0.89021,25.6734,0.1252,0.0000,0.0,0.2881,0.8947
a,explosion,explosion_1,flipbook,flipbook_astc_mv,astc5x5 4f 64px +mv16,12864,16.4212,14.5704,0.72163,23.7989,0.0274,0.0000,0.0,0.3967,0.7147
a,explosion,explosion_1,flipbook,flipbook_astc,astc6x6 64f 128px,495616,42.7656,40.0875,0.99331,40.5261,0.9901,0.0000,0.0,0.0108,1.0135
a,explosion,explosion_1,flipbook,flipbook_astc,astc6x6 32f 128px,247808,30.9187,28.2897,0.97023,28.0452,0.3959,0.0000,0.0,0.0398,0.9678
a,explosion,explosion_1,flipbook,flipbook_astc,astc6x6 16f 128px,123904,25.2044,22.7388,0.91101,25.4432,0.1184,0.0000,0.0,0.0768,0.9073
a,explosion,explosion_1,flipbook,flipbook_astc,astc6x6 8f 128px,61952,20.4516,18.3227,0.80608,24.2903,0.0278,0.0000,0.0,0.1106,0.8354
a,explosion,explosion_1,flipbook,flipbook_astc,astc6x6 4f 128px,30976,15.3914,13.8426,0.64394,23.7110,0.0057,0.0000,0.0,0.1869,0.6684
a,explosion,explosion_1,flipbook,flipbook_astc,astc6x6 64f 64px,123904,33.1963,30.6559,0.96685,33.5712,0.5876,0.0000,0.0,0.2295,0.9840
a,explosion,explosion_1,flipbook,flipbook_astc,astc6x6 32f 64px,61952,29.5205,27.0328,0.94599,27.7190,0.2932,0.0000,0.0,0.2602,0.9368
a,explosion,explosion_1,flipbook,flipbook_astc,astc6x6 16f 64px,30976,25.1146,22.7736,0.89283,25.3873,0.1017,0.0000,0.0,0.2946,0.8874
a,explosion,explosion_1,flipbook,flipbook_astc,astc6x6 8f 64px,15488,20.5686,18.5464,0.79645,24.2788,0.0260,0.0000,0.0,0.3272,0.8266
a,explosion,explosion_1,flipbook,flipbook_astc,astc6x6 4f 64px,7744,15.4766,14.0046,0.64109,23.7086,0.0056,0.0000,0.0,0.4482,0.6652
a,explosion,explosion_1,flipbook,flipbook_astc,astc6x6 64f 32px,36864,28.1532,25.8411,0.90068,28.6051,0.3353,0.0000,0.0,0.2970,0.9869
a,explosion,explosion_1,flipbook,flipbook_astc,astc6x6 32f 32px,18432,27.0405,24.7772,0.88628,26.8271,0.1836,0.0000,0.0,0.3160,0.9127
a,explosion,explosion_1,flipbook,flipbook_astc,astc6x6 16f 32px,9216,24.4882,22.3500,0.84754,25.2316,0.0780,0.0000,0.0,0.3496,0.8627
a,explosion,explosion_1,flipbook,flipbook_astc,astc6x6 8f 32px,4608,20.6317,18.7762,0.76784,24.2500,0.0232,0.0000,0.0,0.3791,0.8139
a,explosion,explosion_1,flipbook,flipbook_astc,astc6x6 4f 32px,2304,15.5775,14.2292,0.62742,23.7042,0.0054,0.0000,0.0,0.5396,0.6584
a,explosion,explosion_1,flipbook,flipbook_astc_mv,astc6x6 16f 128px +mv32,156672,29.9666,27.3861,0.96446,28.6338,0.4005,0.0000,0.0,0.0751,0.9661
a,explosion,explosion_1,flipbook,flipbook_astc_mv,astc6x6 8f 128px +mv32,78336,23.1877,20.8488,0.88289,25.3170,0.1554,0.0000,0.0,0.1169,0.8982
a,explosion,explosion_1,flipbook,flipbook_astc_mv,astc6x6 4f 128px +mv32,39168,15.9373,14.1221,0.69458,23.6724,0.0260,0.0000,0.0,0.2266,0.6999
a,explosion,explosion_1,flipbook,flipbook_astc_mv,astc6x6 16f 64px +mv16,39168,30.2719,27.7667,0.95188,29.1443,0.2907,0.0000,0.0,0.2487,0.9393
a,explosion,explosion_1,flipbook,flipbook_astc_mv,astc6x6 8f 64px +mv16,19584,23.9711,21.6798,0.88747,25.6525,0.1242,0.0000,0.0,0.2888,0.8966
a,explosion,explosion_1,flipbook,flipbook_astc_mv,astc6x6 4f 64px +mv16,9792,16.4212,14.5731,0.71967,23.7989,0.0277,0.0000,0.0,0.3961,0.7141
a,explosion,explosion_1,flipbook,flipbook_astc,astc8x8 64f 128px,262144,39.7141,37.0518,0.98696,37.6953,0.9890,0.0000,0.0,0.0137,1.0253
a,explosion,explosion_1,flipbook,flipbook_astc,astc8x8 32f 128px,131072,30.7244,28.1125,0.96504,27.9806,0.3927,0.0000,0.0,0.0394,0.9703
a,explosion,explosion_1,flipbook,flipbook_astc,astc8x8 16f 128px,65536,25.1776,22.7218,0.90728,25.4343,0.1177,0.0000,0.0,0.0775,0.9077
a,explosion,explosion_1,flipbook,flipbook_astc,astc8x8 8f 128px,32768,20.4512,18.3307,0.80372,24.2889,0.0277,0.0000,0.0,0.1138,0.8356
a,explosion,explosion_1,flipbook,flipbook_astc,astc8x8 4f 128px,16384,15.3949,13.8493,0.64263,23.7108,0.0057,0.0000,0.0,0.1879,0.6684
a,explosion,explosion_1,flipbook,flipbook_astc,astc8x8 64f 64px,65536,32.2917,29.7625,0.95652,32.4427,0.6006,0.0000,0.0,0.2325,1.0087
a,explosion,explosion_1,flipbook,flipbook_astc,astc8x8 32f 64px,32768,29.1877,26.7136,0.93699,27.6048,0.2883,0.0000,0.0,0.2642,0.9425
a,explosion,explosion_1,flipbook,flipbook_astc,astc8x8 16f 64px,16384,25.0370,22.7072,0.88586,25.3686,0.1000,0.0000,0.0,0.2994,0.8871
a,explosion,explosion_1,flipbook,flipbook_astc,astc8x8 8f 64px,8192,20.5698,18.5486,0.79197,24.2755,0.0258,0.0000,0.0,0.3314,0.8254
a,explosion,explosion_1,flipbook,flipbook_astc,astc8x8 4f 64px,4096,15.4846,14.0107,0.63982,23.7082,0.0056,0.0000,0.0,0.4666,0.6644
a,explosion,explosion_1,flipbook,flipbook_astc,astc8x8 64f 32px,16384,27.3326,25.0597,0.88211,27.7605,0.4152,0.0000,0.0,0.2976,1.0538
a,explosion,explosion_1,flipbook,flipbook_astc,astc8x8 32f 32px,8192,26.4771,24.2485,0.86977,26.6238,0.1830,0.0000,0.0,0.3186,0.9259
a,explosion,explosion_1,flipbook,flipbook_astc,astc8x8 16f 32px,4096,24.2476,22.1404,0.83386,25.1830,0.0764,0.0000,0.0,0.3464,0.8658
a,explosion,explosion_1,flipbook,flipbook_astc,astc8x8 8f 32px,2048,20.5922,18.7662,0.75718,24.2402,0.0228,0.0000,0.0,0.3859,0.8123
a,explosion,explosion_1,flipbook,flipbook_astc,astc8x8 4f 32px,1024,15.6097,14.2557,0.62318,23.7025,0.0054,0.0000,0.0,0.5573,0.6585
a,explosion,explosion_1,flipbook,flipbook_astc_mv,astc8x8 16f 128px +mv32,98304,29.8290,27.2626,0.96034,28.5257,0.3937,0.0000,0.0,0.0766,0.9679
a,explosion,explosion_1,flipbook,flipbook_astc_mv,astc8x8 8f 128px +mv32,49152,23.1739,20.8447,0.88008,25.3069,0.1529,0.0000,0.0,0.1215,0.8985
a,explosion,explosion_1,flipbook,flipbook_astc_mv,astc8x8 4f 128px +mv32,24576,15.9415,14.1294,0.69355,23.6714,0.0261,0.0000,0.0,0.2292,0.7001
a,explosion,explosion_1,flipbook,flipbook_astc_mv,astc8x8 16f 64px +mv16,24576,29.8513,27.3630,0.94295,28.9276,0.2814,0.0000,0.0,0.2530,0.9392
a,explosion,explosion_1,flipbook,flipbook_astc_mv,astc8x8 8f 64px +mv16,12288,23.9033,21.6136,0.88032,25.6008,0.1223,0.0000,0.0,0.2912,0.8960
a,explosion,explosion_1,flipbook,flipbook_astc_mv,astc8x8 4f 64px +mv16,6144,16.4230,14.5744,0.71683,23.7939,0.0283,0.0000,0.0,0.4137,0.7124
a,explosion,explosion_1,flipbook,flipbook_astc,astc10x10 64f 128px,173056,37.5110,34.8588,0.97951,35.7115,0.9890,0.0000,0.0,0.0179,1.0389
a,explosion,explosion_1,flipbook,flipbook_astc,astc10x10 32f 128px,86528,30.4804,27.8780,0.95908,27.9034,0.3888,0.0000,0.0,0.0434,0.9725
a,explosion,explosion_1,flipbook,flipbook_astc,astc10x10 16f 128px,43264,25.1354,22.6844,0.90281,25.4228,0.1170,0.0000,0.0,0.0807,0.9080
a,explosion,explosion_1,flipbook,flipbook_astc,astc10x10 8f 128px,21632,20.4461,18.3223,0.80103,24.2867,0.0276,0.0000,0.0,0.1130,0.8346
a,explosion,explosion_1,flipbook,flipbook_astc,astc10x10 4f 128px,10816,15.3976,13.8548,0.64087,23.7108,0.0057,0.0000,0.0,0.1905,0.6681
a,explosion,explosion_1,flipbook,flipbook_astc,astc10x10 64f 64px,50176,31.2290,28.7320,0.94263,31.2876,0.6312,0.0000,0.0,0.2369,1.0425
a,explosion,explosion_1,flipbook,flipbook_astc,astc10x10 32f 64px,25088,28.7202,26.2733,0.92486,27.4566,0.2862,0.0000,0.0,0.2711,0.9518
a,explosion,explosion_1,flipbook,flipbook_astc,astc10x10 16f 64px,12544,24.9076,22.6120,0.87722,25.3458,0.0985,0.0000,0.0,0.3018,0.8877
a,explosion,explosion_1,flipbook,flipbook_astc,astc10x10 8f 64px,6272,20.5577,18.5589,0.78684,24.2705,0.0255,0.0000,0.0,0.3437,0.8239
a,explosion,explosion_1,flipbook,flipbook_astc,astc10x10 4f 64px,3136,15.4942,14.0436,0.63625,23.7073,0.0056,0.0000,0.0,0.4622,0.6641
a,explosion,explosion_1,flipbook,flipbook_astc,astc10x10 64f 32px,16384,26.3560,24.1120,0.86064,26.8363,0.5101,0.0000,0.0,0.3025,1.1244
a,explosion,explosion_1,flipbook,flipbook_astc,astc10x10 32f 32px,8192,25.7475,23.5550,0.85017,26.3157,0.1870,0.0000,0.0,0.3221,0.9481
a,explosion,explosion_1,flipbook,flipbook_astc,astc10x10 16f 32px,4096,23.8892,21.8257,0.81852,25.1185,0.0743,0.0000,0.0,0.3518,0.8670
a,explosion,explosion_1,flipbook,flipbook_astc,astc10x10 8f 32px,2048,20.4569,18.6714,0.74337,24.2282,0.0222,0.0000,0.0,0.3862,0.8063
a,explosion,explosion_1,flipbook,flipbook_astc,astc10x10 4f 32px,1024,15.5966,14.3042,0.61752,23.7003,0.0054,0.0000,0.0,0.5576,0.6543
a,explosion,explosion_1,flipbook,flipbook_astc_mv,astc10x10 16f 128px +mv32,76032,29.6598,27.1011,0.95518,28.4195,0.3916,0.0000,0.0,0.0803,0.9676
a,explosion,explosion_1,flipbook,flipbook_astc_mv,astc10x10 8f 128px +mv32,38016,23.1533,20.8229,0.87674,25.2853,0.1533,0.0000,0.0,0.1209,0.8981
a,explosion,explosion_1,flipbook,flipbook_astc_mv,astc10x10 4f 128px +mv32,19008,15.9446,14.1374,0.69176,23.6726,0.0264,0.0000,0.0,0.2285,0.6995
a,explosion,explosion_1,flipbook,flipbook_astc_mv,astc10x10 16f 64px +mv16,20736,29.3532,26.9112,0.93185,28.6753,0.2814,0.0000,0.0,0.2556,0.9423
a,explosion,explosion_1,flipbook,flipbook_astc_mv,astc10x10 8f 64px +mv16,10368,23.7980,21.5423,0.87110,25.5493,0.1187,0.0000,0.0,0.3039,0.8912
a,explosion,explosion_1,flipbook,flipbook_astc_mv,astc10x10 4f 64px +mv16,5184,16.4374,14.6179,0.71315,23.7952,0.0267,0.0000,0.0,0.4098,0.7136
a,explosion,explosion_1,flipbook,flipbook_astc,astc12x12 64f 128px,123904,35.9089,33.2638,0.97234,34.2686,0.9946,0.0000,0.0,0.0197,1.0552
a,explosion,explosion_1,flipbook,flipbook_astc,astc12x12 32f 128px,61952,30.1922,27.5942,0.95308,27.8197,0.3861,0.0000,0.0,0.0460,0.9755
a,explosion,explosion_1,flipbook,flipbook_astc,astc12x12 16f 128px,30976,25.0938,22.6535,0.89801,25.4106,0.1161,0.0000,0.0,0.0808,0.9074
a,explosion,explosion_1,flipbook,flipbook_astc,astc12x12 8f 128px,15488,20.4446,18.3329,0.79789,24.2847,0.0275,0.0000,0.0,0.1178,0.8342
a,explosion,explosion_1,flipbook,flipbook_astc,astc12x12 4f 128px,7744,15.4027,13.8634,0.63938,23.7102,0.0057,0.0000,0.0,0.1869,0.6676
a,explosion,explosion_1,flipbook,flipbook_astc,astc12x12 64f 64px,36864,30.2374,27.7626,0.93002,30.1382,0.6484,0.0000,0.0,0.2441,1.0715
a,explosion,explosion_1,flipbook,flipbook_astc,astc12x12 32f 64px,18432,28.2602,25.8413,0.91359,27.2955,0.2799,0.0000,0.0,0.2733,0.9532
a,explosion,explosion_1,flipbook,flipbook_astc,astc12x12 16f 64px,9216,24.7698,22.4761,0.86860,25.3145,0.0974,0.0000,0.0,0.3164,0.8880
a,explosion,explosion_1,flipbook,flipbook_astc,astc12x12 8f 64px,4608,20.5226,18.5398,0.78119,24.2657,0.0253,0.0000,0.0,0.3325,0.8225
a,explosion,explosion_1,flipbook,flipbook_astc,astc12x12 4f 64px,2304,15.4952,14.0538,0.63420,23.7065,0.0056,0.0000,0.0,0.4797,0.6652
a,explosion,explosion_1,flipbook,flipbook_astc,astc12x12 64f 32px,9216,25.6929,23.4700,0.84864,26.1452,0.5625,0.0000,0.0,0.3126,1.1655
a,explosion,explosion_1,flipbook,flipbook_astc,astc12x12 32f 32px,4608,25.2538,23.0851,0.83963,26.0538,0.1783,0.0000,0.0,0.3344,0.9640
a,explosion,explosion_1,flipbook,flipbook_astc,astc12x12 16f 32px,2304,23.6150,21.5617,0.80830,25.0666,0.0708,0.0000,0.0,0.3626,0.8640
a,explosion,explosion_1,flipbook,flipbook_astc,astc12x12 8f 32px,1152,20.4414,18.6636,0.74284,24.2182,0.0220,0.0000,0.0,0.3950,0.8089
a,explosion,explosion_1,flipbook,flipbook_astc,astc12x12 4f 32px,576,15.6094,14.3290,0.61086,23.6988,0.0054,0.0000,0.0,0.5692,0.6555
a,explosion,explosion_1,flipbook,flipbook_astc_mv,astc12x12 16f 128px +mv32,63744,29.4522,26.9058,0.94985,28.2893,0.3819,0.0000,0.0,0.0831,0.9670
a,explosion,explosion_1,flipbook,flipbook_astc_mv,astc12x12 8f 128px +mv32,31872,23.1280,20.8138,0.87261,25.2646,0.1515,0.0000,0.0,0.1271,0.8968
a,explosion,explosion_1,flipbook,flipbook_astc_mv,astc12x12 4f 128px +mv32,15936,15.9514,14.1476,0.69008,23.6776,0.0254,0.0000,0.0,0.2294,0.7000
a,explosion,explosion_1,flipbook,flipbook_astc_mv,astc12x12 16f 64px +mv16,17408,28.7791,26.3356,0.92100,28.4011,0.2689,0.0000,0.0,0.2711,0.9404
a,explosion,explosion_1,flipbook,flipbook_astc_mv,astc12x12 8f 64px +mv16,8704,23.6659,21.4331,0.86329,25.5023,0.1149,0.0000,0.0,0.2944,0.8898
a,explosion,explosion_1,flipbook,flipbook_astc_mv,astc12x12 4f 64px +mv16,4352,16.4319,14.6271,0.70909,23.7954,0.0262,0.0000,0.0,0.4246,0.7119
a_interp,explosion,explosion_1,explosion_1|interp|bc7 0f 128px,flipbook,bc7 0f 128px,524288,28.1917,25.6300,0.95060,28.1308,0.4049,0.0000,0.0,,
a_interp,explosion,explosion_1,explosion_1|interp|bc7 0f 128px +mv32,flipbook_mv,bc7 0f 128px +mv32,589824,36.2856,33.6500,0.98895,36.0066,0.7920,0.0000,0.0,,
a_interp,explosion,explosion_1,explosion_1|interp|astc4x4 0f 128px,flipbook,astc4x4 0f 128px,524288,28.2025,25.6406,0.95129,28.1409,0.4065,0.0000,0.0,,
a_interp,explosion,explosion_1,explosion_1|interp|astc4x4 0f 128px +mv32,flipbook_mv,astc4x4 0f 128px +mv32,589824,36.3468,33.7072,0.98945,36.1709,0.7943,0.0000,0.0,,
a,explosion,explosion_2,flipbook,flipbook_bc7,bc7 64f 128px,1048576,49.5489,40.8152,0.99866,47.8591,1.1150,0.0000,0.0,0.1176,1.0156
a,explosion,explosion_2,flipbook,flipbook_bc7,bc7 32f 128px,524288,43.4799,34.7757,0.99703,41.2858,0.7824,0.0000,0.0,0.1144,0.9876
a,explosion,explosion_2,flipbook,flipbook_bc7,bc7 16f 128px,262144,35.8334,27.2754,0.98677,37.3513,0.4442,0.0000,0.0,0.1357,0.9436
a,explosion,explosion_2,flipbook,flipbook_bc7,bc7 8f 128px,131072,28.6174,20.4014,0.94897,34.9116,0.1534,0.0000,0.0,0.1568,0.8408
a,explosion,explosion_2,flipbook,flipbook_bc7,bc7 4f 128px,65536,22.2625,14.7741,0.88074,33.5726,0.0282,0.0000,0.0,0.1629,0.6076
a,explosion,explosion_2,flipbook,flipbook_bc7,bc7 64f 64px,262144,39.8996,31.3973,0.99097,41.6770,0.4970,0.0000,0.0,0.5623,0.9621
a,explosion,explosion_2,flipbook,flipbook_bc7,bc7 32f 64px,131072,38.5265,30.0616,0.98869,39.8790,0.4183,0.0000,0.0,0.6309,0.9305
a,explosion,explosion_2,flipbook,flipbook_bc7,bc7 16f 64px,65536,34.7244,26.3711,0.97879,37.1145,0.3156,0.0000,0.0,0.6914,0.8959
a,explosion,explosion_2,flipbook,flipbook_bc7,bc7 8f 64px,32768,28.7629,20.7369,0.94462,34.8787,0.1340,0.0000,0.0,0.7234,0.8163
a,explosion,explosion_2,flipbook,flipbook_bc7,bc7 4f 64px,16384,22.4590,15.1062,0.87969,33.5673,0.0275,0.0000,0.0,0.7096,0.6015
a,explosion,explosion_2,flipbook,flipbook_bc7,bc7 64f 32px,65536,32.7153,24.6445,0.96018,37.1153,0.4226,0.0000,0.0,0.9102,0.9202
a,explosion,explosion_2,flipbook,flipbook_bc7,bc7 32f 32px,32768,32.4765,24.4313,0.95858,37.1585,0.2153,0.0000,0.0,0.9373,0.8641
a,explosion,explosion_2,flipbook,flipbook_bc7,bc7 16f 32px,16384,31.3991,23.4547,0.95120,36.2274,0.1784,0.0000,0.0,0.9984,0.8285
a,explosion,explosion_2,flipbook,flipbook_bc7,bc7 8f 32px,8192,28.1727,20.5348,0.92603,34.7327,0.1009,0.0000,0.0,1.0561,0.7704
a,explosion,explosion_2,flipbook,flipbook_bc7,bc7 4f 32px,4096,22.6705,15.6261,0.87020,33.5490,0.0258,0.0000,0.0,1.0334,0.5854
a,explosion,explosion_2,flipbook,flipbook_bc7_mv,bc7 16f 128px +mv32,294912,45.1176,36.4099,0.99803,44.1017,0.6677,0.0000,0.0,0.0666,0.9883
a,explosion,explosion_2,flipbook,flipbook_bc7_mv,bc7 8f 128px +mv32,147456,34.8861,26.3164,0.98750,38.3436,0.3634,0.0000,0.0,0.1451,0.9450
a,explosion,explosion_2,flipbook,flipbook_bc7_mv,bc7 4f 128px +mv32,73728,24.2680,16.3631,0.92137,34.4571,0.1098,0.0000,0.0,0.0995,0.7105
a,explosion,explosion_2,flipbook,flipbook_bc7_mv,bc7 16f 64px +mv16,73728,39.5312,31.0027,0.99138,41.4891,0.3656,0.0000,0.0,0.4880,0.9355
a,explosion,explosion_2,flipbook,flipbook_bc7_mv,bc7 8f 64px +mv16,36864,34.9779,26.4978,0.98525,38.4969,0.2549,0.0000,0.0,0.4741,0.9188
a,explosion,explosion_2,flipbook,flipbook_bc7_mv,bc7 4f 64px +mv16,18432,25.4249,17.4105,0.93698,34.8354,0.1079,0.0000,0.0,0.4378,0.7444
a,explosion,explosion_2,flipbook,flipbook_astc,astc4x4 64f 128px,1048576,50.9264,42.1787,0.99889,49.1434,1.0833,0.0000,0.0,0.0648,1.0137
a,explosion,explosion_2,flipbook,flipbook_astc,astc4x4 32f 128px,524288,43.7701,35.0564,0.99732,41.3578,0.7885,0.0000,0.0,0.0755,0.9872
a,explosion,explosion_2,flipbook,flipbook_astc,astc4x4 16f 128px,262144,35.8750,27.3074,0.98712,37.3580,0.4469,0.0000,0.0,0.1160,0.9436
a,explosion,explosion_2,flipbook,flipbook_astc,astc4x4 8f 128px,131072,28.6210,20.4017,0.94928,34.9125,0.1536,0.0000,0.0,0.1321,0.8405
a,explosion,explosion_2,flipbook,flipbook_astc,astc4x4 4f 128px,65536,22.2600,14.7684,0.88093,33.5726,0.0282,0.0000,0.0,0.1352,0.6077
a,explosion,explosion_2,flipbook,flipbook_astc,astc4x4 64f 64px,262144,40.1724,31.6350,0.99232,41.8731,0.4814,0.0000,0.0,0.5764,0.9639
a,explosion,explosion_2,flipbook,flipbook_astc,astc4x4 32f 64px,131072,38.7137,30.2166,0.99012,39.9325,0.4228,0.0000,0.0,0.6423,0.9328
a,explosion,explosion_2,flipbook,flipbook_astc,astc4x4 16f 64px,65536,34.8105,26.4329,0.98022,37.1309,0.3195,0.0000,0.0,0.7083,0.8986
a,explosion,explosion_2,flipbook,flipbook_astc,astc4x4 8f 64px,32768,28.7677,20.7225,0.94594,34.8819,0.1349,0.0000,0.0,0.7226,0.8170
a,explosion,explosion_2,flipbook,flipbook_astc,astc4x4 4f 64px,16384,22.4456,15.0836,0.88005,33.5677,0.0274,0.0000,0.0,0.7335,0.6008
a,explosion,explosion_2,flipbook,flipbook_astc,astc4x4 64f 32px,65536,32.8470,24.7260,0.96309,37.2463,0.3640,0.0000,0.0,0.9032,0.9234
a,explosion,explosion_2,flipbook,flipbook_astc,astc4x4 32f 32px,32768,32.5968,24.5085,0.96132,37.2102,0.2070,0.0000,0.0,0.9335,0.8671
a,explosion,explosion_2,flipbook,flipbook_astc,astc4x4 16f 32px,16384,31.5102,23.5252,0.95406,36.2506,0.1799,0.0000,0.0,1.0028,0.8332
a,explosion,explosion_2,flipbook,flipbook_astc,astc4x4 8f 32px,8192,28.2224,20.5343,0.92837,34.7377,0.1021,0.0000,0.0,1.0540,0.7726
a,explosion,explosion_2,flipbook,flipbook_astc,astc4x4 4f 32px,4096,22.6852,15.6277,0.87095,33.5497,0.0260,0.0000,0.0,1.0343,0.5880
a,explosion,explosion_2,flipbook,flipbook_astc_mv,astc4x4 16f 128px +mv32,294912,45.4051,36.6850,0.99825,44.3903,0.6583,0.0000,0.0,0.1007,0.9876
a,explosion,explosion_2,flipbook,flipbook_astc_mv,astc4x4 8f 128px +mv32,147456,34.9105,26.3341,0.98776,38.3883,0.3567,0.0000,0.0,0.1881,0.9441
a,explosion,explosion_2,flipbook,flipbook_astc_mv,astc4x4 4f 128px +mv32,73728,24.2677,16.3586,0.92169,34.4618,0.1071,0.0000,0.0,0.1366,0.7105
a,explosion,explosion_2,flipbook,flipbook_astc_mv,astc4x4 16f 64px +mv16,73728,39.7652,31.2082,0.99267,41.6087,0.3688,0.0000,0.0,0.5014,0.9390
a,explosion,explosion_2,flipbook,flipbook_astc_mv,astc4x4 8f 64px +mv16,36864,35.0578,26.5478,0.98678,38.5422,0.2580,0.0000,0.0,0.4757,0.9215
a,explosion,explosion_2,flipbook,flipbook_astc_mv,astc4x4 4f 64px +mv16,18432,25.4019,17.3750,0.93769,34.8416,0.1059,0.0000,0.0,0.4585,0.7455
a,explosion,explosion_2,flipbook,flipbook_astc,astc5x5 64f 128px,692224,47.8640,39.1375,0.99789,46.5885,1.1249,0.0000,0.0,0.1070,1.0219
a,explosion,explosion_2,flipbook,flipbook_astc,astc5x5 32f 128px,346112,43.1008,34.4076,0.99647,41.1715,0.7789,0.0000,0.0,0.1083,0.9878
a,explosion,explosion_2,flipbook,flipbook_astc,astc5x5 16f 128px,173056,35.7874,27.2311,0.98638,37.3384,0.4423,0.0000,0.0,0.1386,0.9429
a,explosion,explosion_2,flipbook,flipbook_astc,astc5x5 8f 128px,86528,28.6190,20.4095,0.94893,34.9098,0.1534,0.0000,0.0,0.1347,0.8410
a,explosion,explosion_2,flipbook,flipbook_astc,astc5x5 4f 128px,43264,22.2603,14.7741,0.88066,33.5723,0.0282,0.0000,0.0,0.1623,0.6076
a,explosion,explosion_2,flipbook,flipbook_astc,astc5x5 64f 64px,173056,39.4636,30.9465,0.99016,40.9751,0.6140,0.0000,0.0,0.5469,0.9933
a,explosion,explosion_2,flipbook,flipbook_astc,astc5x5 32f 64px,86528,38.2569,29.7712,0.98822,39.7215,0.4362,0.0000,0.0,0.6111,0.9401
a,explosion,explosion_2,flipbook,flipbook_astc,astc5x5 16f 64px,43264,34.6321,26.2697,0.97844,37.0865,0.3166,0.0000,0.0,0.6738,0.8998
a,explosion,explosion_2,flipbook,flipbook_astc,astc5x5 8f 64px,21632,28.7500,20.7098,0.94494,34.8759,0.1346,0.0000,0.0,0.7016,0.8179
a,explosion,explosion_2,flipbook,flipbook_astc,astc5x5 4f 64px,10816,22.4545,15.1050,0.87929,33.5671,0.0275,0.0000,0.0,0.7013,0.6013
a,explosion,explosion_2,flipbook,flipbook_astc,astc5x5 64f 32px,50176,32.4343,24.3386,0.95922,36.4913,0.7425,0.0000,0.0,0.9057,1.0035
a,explosion,explosion_2,flipbook,flipbook_astc,astc5x5 32f 32px,25088,32.2445,24.1826,0.95775,36.9466,0.2590,0.0000,0.0,0.9374,0.8920
a,explosion,explosion_2,flipbook,flipbook_astc,astc5x5 16f 32px,12544,31.2281,23.2707,0.95037,36.1726,0.1800,0.0000,0.0,0.9996,0.8338
a,explosion,explosion_2,flipbook,flipbook_astc,astc5x5 8f 32px,6272,28.1573,20.4691,0.92693,34.7234,0.1017,0.0000,0.0,1.0550,0.7720
a,explosion,explosion_2,flipbook,flipbook_astc,astc5x5 4f 32px,3136,22.6774,15.6359,0.86954,33.5471,0.0258,0.0000,0.0,1.0357,0.5866
a,explosion,explosion_2,flipbook,flipbook_astc_mv,astc5x5 16f 128px +mv32,205824,44.6304,35.9290,0.99754,43.8831,0.6609,0.0000,0.0,0.0748,0.9875
a,explosion,explosion_2,flipbook,flipbook_astc_mv,astc5x5 8f 128px +mv32,102912,34.8500,26.2867,0.98713,38.3104,0.3579,0.0000,0.0,0.1715,0.9450
a,explosion,explosion_2,flipbook,flipbook_astc_mv,astc5x5 4f 128px +mv32,51456,24.2650,16.3632,0.92134,34.4553,0.1082,0.0000,0.0,0.1113,0.7110
a,explosion,explosion_2,flipbook,flipbook_astc_mv,astc5x5 16f 64px +mv16,51456,39.1775,30.6385,0.99064,41.2716,0.3715,0.0000,0.0,0.4683,0.9410
a,explosion,explosion_2,flipbook,flipbook_astc_mv,astc5x5 8f 64px +mv16,25728,34.9126,26.4157,0.98524,38.4293,0.2585,0.0000,0.0,0.4533,0.9229
a,explosion,explosion_2,flipbook,flipbook_astc_mv,astc5x5 4f 64px +mv16,12864,25.4169,17.3998,0.93668,34.8334,0.1073,0.0000,0.0,0.4320,0.7454
a,explosion,explosion_2,flipbook,flipbook_astc,astc6x6 64f 128px,495616,45.7702,37.0659,0.99659,44.6365,1.2140,0.0000,0.0,0.1508,1.0328
a,explosion,explosion_2,flipbook,flipbook_astc,astc6x6 32f 128px,247808,42.3884,33.7143,0.99530,40.9554,0.7806,0.0000,0.0,0.1445,0.9888
a,explosion,explosion_2,flipbook,flipbook_astc,astc6x6 16f 128px,123904,35.6717,27.1269,0.98538,37.3107,0.4415,0.0000,0.0,0.1686,0.9416
a,explosion,explosion_2,flipbook,flipbook_astc,astc6x6 8f 128px,61952,28.6066,20.4055,0.94832,34.9064,0.1530,0.0000,0.0,0.1810,0.8404
a,explosion,explosion_2,flipbook,flipbook_astc,astc6x6 4f 128px,30976,22.2639,14.7840,0.88038,33.5719,0.0281,0.0000,0.0,0.1845,0.6075
a,explosion,explosion_2,flipbook,flipbook_astc,astc6x6 64f 64px,123904,38.6751,30.1663,0.98801,40.1251,0.7454,0.0000,0.0,0.5319,1.0124
a,explosion,explosion_2,flipbook,flipbook_astc,astc6x6 32f 64px,61952,37.7015,29.2342,0.98628,39.4511,0.4415,0.0000,0.0,0.6013,0.9440
a,explosion,explosion_2,flipbook,flipbook_astc,astc6x6 16f 64px,30976,34.4128,26.0590,0.97682,37.0368,0.3128,0.0000,0.0,0.6566,0.8965
a,explosion,explosion_2,flipbook,flipbook_astc,astc6x6 8f 64px,15488,28.7124,20.6895,0.94389,34.8681,0.1330,0.0000,0.0,0.6741,0.8149
a,explosion,explosion_2,flipbook,flipbook_astc,astc6x6 4f 64px,7744,22.4622,15.1196,0.87901,33.5660,0.0274,0.0000,0.0,0.6842,0.6000
a,explosion,explosion_2,flipbook,flipbook_astc,astc6x6 64f 32px,36864,32.1747,24.1629,0.95597,36.2134,0.8641,0.0000,0.0,0.9036,1.0237
a,explosion,explosion_2,flipbook,flipbook_astc,astc6x6 32f 32px,18432,32.0073,24.0244,0.95461,36.8095,0.2728,0.0000,0.0,0.9291,0.8997
a,explosion,explosion_2,flipbook,flipbook_astc,astc6x6 16f 32px,9216,31.0491,23.1596,0.94784,36.1299,0.1813,0.0000,0.0,0.9902,0.8333
a,explosion,explosion_2,flipbook,flipbook_astc,astc6x6 8f 32px,4608,28.0446,20.4393,0.92428,34.7073,0.0991,0.0000,0.0,1.0517,0.7673
a,explosion,explosion_2,flipbook,flipbook_astc,astc6x6 4f 32px,2304,22.6457,15.6097,0.86909,33.5455,0.0258,0.0000,0.0,1.0343,0.5845
a,explosion,explosion_2,flipbook,flipbook_astc_mv,astc6x6 16f 128px +mv32,156672,43.8275,35.1446,0.99657,43.3149,0.6759,0.0000,0.0,0.0808,0.9871
a,explosion,explosion_2,flipbook,flipbook_astc_mv,astc6x6 8f 128px +mv32,78336,34.7861,26.2389,0.98629,38.2324,0.3619,0.0000,0.0,0.1283,0.9441
a,explosion,explosion_2,flipbook,flipbook_astc_mv,astc6x6 4f 128px +mv32,39168,24.2698,16.3731,0.92093,34.4444,0.1097,0.0000,0.0,0.0981,0.7108
a,explosion,explosion_2,flipbook,flipbook_astc_mv,astc6x6 16f 64px +mv16,39168,38.5732,30.0457,0.98886,40.9897,0.3794,0.0000,0.0,0.4607,0.9387
a,explosion,explosion_2,flipbook,flipbook_astc_mv,astc6x6 8f 64px +mv16,19584,34.5943,26.1080,0.98336,38.2804,0.2563,0.0000,0.0,0.4252,0.9193
a,explosion,explosion_2,flipbook,flipbook_astc_mv,astc6x6 4f 64px +mv16,9792,25.3791,17.3752,0.93522,34.7885,0.1115,0.0000,0.0,0.4153,0.7453
a,explosion,explosion_2,flipbook,flipbook_astc,astc8x8 64f 128px,262144,42.8649,34.1819,0.99363,42.0034,1.4107,0.0000,0.0,0.2086,1.0653
a,explosion,explosion_2,flipbook,flipbook_astc,astc8x8 32f 128px,131072,41.0064,32.3554,0.99266,40.4657,0.7863,0.0000,0.0,0.1911,0.9951
a,explosion,explosion_2,flipbook,flipbook_astc,astc8x8 16f 128px,65536,35.4124,26.8859,0.98330,37.2514,0.4360,0.0000,0.0,0.2062,0.9413
a,explosion,explosion_2,flipbook,flipbook_astc,astc8x8 8f 128px,32768,28.5969,20.3958,0.94701,34.8982,0.1519,0.0000,0.0,0.2168,0.8390
a,explosion,explosion_2,flipbook,flipbook_astc,astc8x8 4f 128px,16384,22.2724,14.8037,0.87982,33.5708,0.0280,0.0000,0.0,0.2446,0.6078
a,explosion,explosion_2,flipbook,flipbook_astc,astc8x8 64f 64px,65536,37.0086,28.5181,0.98276,38.3133,1.1523,0.0000,0.0,0.5215,1.0664
a,explosion,explosion_2,flipbook,flipbook_astc,astc8x8 32f 64px,32768,36.4182,27.9781,0.98116,38.7536,0.4672,0.0000,0.0,0.5868,0.9538
a,explosion,explosion_2,flipbook,flipbook_astc,astc8x8 16f 64px,16384,33.8185,25.4634,0.97252,36.8914,0.3017,0.0000,0.0,0.6513,0.8907
a,explosion,explosion_2,flipbook,flipbook_astc,astc8x8 8f 64px,8192,28.6147,20.6045,0.94109,34.8505,0.1317,0.0000,0.0,0.6517,0.8160
a,explosion,explosion_2,flipbook,flipbook_astc,astc8x8 4f 64px,4096,22.4568,15.1080,0.87811,33.5639,0.0273,0.0000,0.0,0.6602,0.6031
a,explosion,explosion_2,flipbook,flipbook_astc,astc8x8 64f 32px,16384,30.7571,22.8798,0.94308,33.9675,2.4605,0.0000,0.0,0.9309,1.2551
a,explosion,explosion_2,flipbook,flipbook_astc,astc8x8 32f 32px,8192,30.7646,22.9214,0.94244,35.7448,0.4822,0.0000,0.0,0.9605,0.9853
a,explosion,explosion_2,flipbook,flipbook_astc,astc8x8 16f 32px,4096,30.0412,22.2922,0.93635,35.7131,0.1744,0.0000,0.0,1.0335,0.8405
a,explosion,explosion_2,flipbook,flipbook_astc,astc8x8 8f 32px,2048,27.6703,20.1641,0.91515,34.6350,0.0952,0.0000,0.0,1.0693,0.7665
a,explosion,explosion_2,flipbook,flipbook_astc,astc8x8 4f 32px,1024,22.7137,15.8205,0.86515,33.5355,0.0256,0.0000,0.0,1.0968,0.5831
a,explosion,explosion_2,flipbook,flipbook_astc_mv,astc8x8 16f 128px +mv32,98304,42.2741,33.6123,0.99443,42.4290,0.6979,0.0000,0.0,0.1072,0.9902
a,explosion,explosion_2,flipbook,flipbook_astc_mv,astc8x8 8f 128px +mv32,49152,34.5833,26.0414,0.98447,38.0783,0.3627,0.0000,0.0,0.1058,0.9408
a,explosion,explosion_2,flipbook,flipbook_astc_mv,astc8x8 4f 128px +mv32,24576,24.2784,16.3958,0.92001,34.4385,0.1122,0.0000,0.0,0.1470,0.7113
a,explosion,explosion_2,flipbook,flipbook_astc_mv,astc8x8 16f 64px +mv16,24576,37.0343,28.5037,0.98411,40.0921,0.3712,0.0000,0.0,0.4626,0.9332
a,explosion,explosion_2,flipbook,flipbook_astc_mv,astc8x8 8f 64px +mv16,12288,34.0806,25.6160,0.97928,38.0175,0.2650,0.0000,0.0,0.4050,0.9158
a,explosion,explosion_2,flipbook,flipbook_astc_mv,astc8x8 4f 64px +mv16,6144,25.3433,17.3278,0.93287,34.7424,0.1100,0.0000,0.0,0.3880,0.7460
a,explosion,explosion_2,flipbook,flipbook_astc,astc10x10 64f 128px,173056,40.6433,31.9758,0.99013,40.0474,1.7045,0.0000,0.0,0.2640,1.1024
a,explosion,explosion_2,flipbook,flipbook_astc,astc10x10 32f 128px,86528,39.5823,30.9525,0.98949,39.9462,0.7928,0.0000,0.0,0.2424,1.0032
a,explosion,explosion_2,flipbook,flipbook_astc,astc10x10 16f 128px,43264,35.0474,26.5216,0.98079,37.1734,0.4308,0.0000,0.0,0.2460,0.9407
a,explosion,explosion_2,flipbook,flipbook_astc,astc10x10 8f 128px,21632,28.5535,20.3639,0.94552,34.8867,0.1506,0.0000,0.0,0.2494,0.8384
a,explosion,explosion_2,flipbook,flipbook_astc,astc10x10 4f 128px,10816,22.2711,14.7830,0.87941,33.5690,0.0279,0.0000,0.0,0.2525,0.6072
a,explosion,explosion_2,flipbook,flipbook_astc,astc10x10 64f 64px,50176,35.0998,26.6535,0.97478,36.3237,1.9768,0.0000,0.0,0.5114,1.1764
a,explosion,explosion_2,flipbook,flipbook_astc,astc10x10 32f 64px,25088,34.7882,26.3965,0.97390,37.9002,0.5364,0.0000,0.0,0.5869,0.9774
a,explosion,explosion_2,flipbook,flipbook_astc,astc10x10 16f 64px,12544,33.0124,24.7123,0.96594,36.6770,0.2930,0.0000,0.0,0.6179,0.8959
a,explosion,explosion_2,flipbook,flipbook_astc,astc10x10 8f 64px,6272,28.4444,20.4549,0.93671,34.8109,0.1285,0.0000,0.0,0.6476,0.8095
a,explosion,explosion_2,flipbook,flipbook_astc,astc10x10 4f 64px,3136,22.4856,15.1825,0.87592,33.5591,0.0274,0.0000,0.0,0.6820,0.6032
a,explosion,explosion_2,flipbook,flipbook_astc,astc10x10 64f 32px,16384,29.6129,21.7698,0.93379,33.2493,3.0092,0.0000,0.0,0.9860,1.2689
a,explosion,explosion_2,flipbook,flipbook_astc,astc10x10 32f 32px,8192,29.6536,21.8549,0.93283,35.2052,0.5689,0.0000,0.0,1.0204,0.9791
a,explosion,explosion_2,flipbook,flipbook_astc,astc10x10 16f 32px,4096,29.1803,21.4444,0.92791,35.4761,0.1790,0.0000,0.0,1.0786,0.8271
a,explosion,explosion_2,flipbook,flipbook_astc,astc10x10 8f 32px,2048,27.1936,19.7547,0.90688,34.5533,0.0875,0.0000,0.0,1.1154,0.7483
a,explosion,explosion_2,flipbook,flipbook_astc,astc10x10 4f 32px,1024,22.6102,15.6983,0.86298,33.5274,0.0254,0.0000,0.0,1.1041,0.5734
a,explosion,explosion_2,flipbook,flipbook_astc_mv,astc10x10 16f 128px +mv32,76032,40.7029,32.0425,0.99181,41.5237,0.7246,0.0000,0.0,0.1389,0.9934
a,explosion,explosion_2,flipbook,flipbook_astc_mv,astc10x10 8f 128px +mv32,38016,34.3060,25.7832,0.98211,37.8982,0.3718,0.0000,0.0,0.1260,0.9391
a,explosion,explosion_2,flipbook,flipbook_astc_mv,astc10x10 4f 128px +mv32,19008,24.2709,16.3723,0.91910,34.4105,0.1197,0.0000,0.0,0.1543,0.7116
a,explosion,explosion_2,flipbook,flipbook_astc_mv,astc10x10 16f 64px +mv16,20736,35.4402,26.9673,0.97708,39.2084,0.3870,0.0000,0.0,0.4419,0.9431
a,explosion,explosion_2,flipbook,flipbook_astc_mv,astc10x10 8f 64px +mv16,10368,33.1423,24.7118,0.97203,37.5522,0.2521,0.0000,0.0,0.4178,0.9045
a,explosion,explosion_2,flipbook,flipbook_astc_mv,astc10x10 4f 64px +mv16,5184,25.3581,17.4087,0.92874,34.6792,0.1024,0.0000,0.0,0.4229,0.7451
a,explosion,explosion_2,flipbook,flipbook_astc,astc12x12 64f 128px,123904,39.2155,30.5601,0.98726,38.6670,1.9737,0.0000,0.0,0.2963,1.1345
a,explosion,explosion_2,flipbook,flipbook_astc,astc12x12 32f 128px,61952,38.5743,29.9356,0.98690,39.4410,0.8016,0.0000,0.0,0.2667,1.0081
a,explosion,explosion_2,flipbook,flipbook_astc,astc12x12 16f 128px,30976,34.7132,26.2010,0.97835,37.0851,0.4213,0.0000,0.0,0.2815,0.9379
a,explosion,explosion_2,flipbook,flipbook_astc,astc12x12 8f 128px,15488,28.5139,20.3097,0.94399,34.8757,0.1498,0.0000,0.0,0.2681,0.8375
a,explosion,explosion_2,flipbook,flipbook_astc,astc12x12 4f 128px,7744,22.2774,14.7951,0.87834,33.5675,0.0279,0.0000,0.0,0.2969,0.6065
a,explosion,explosion_2,flipbook,flipbook_astc,astc12x12 64f 64px,36864,34.4262,25.9992,0.97169,35.9935,2.0240,0.0000,0.0,0.5183,1.1699
a,explosion,explosion_2,flipbook,flipbook_astc,astc12x12 32f 64px,18432,34.2399,25.8363,0.97094,37.6018,0.5507,0.0000,0.0,0.5796,0.9680
a,explosion,explosion_2,flipbook,flipbook_astc,astc12x12 16f 64px,9216,32.5774,24.3064,0.96341,36.5691,0.2894,0.0000,0.0,0.6510,0.8847
a,explosion,explosion_2,flipbook,flipbook_astc,astc12x12 8f 64px,4608,28.3539,20.4356,0.93477,34.7936,0.1247,0.0000,0.0,0.6628,0.8018
a,explosion,explosion_2,flipbook,flipbook_astc,astc12x12 4f 64px,2304,22.5202,15.2315,0.87628,33.5553,0.0269,0.0000,0.0,0.7253,0.5978
a,explosion,explosion_2,flipbook,flipbook_astc,astc12x12 64f 32px,9216,28.9451,21.2361,0.92667,32.5483,3.7094,0.0000,0.0,0.9975,1.3070
a,explosion,explosion_2,flipbook,flipbook_astc,astc12x12 32f 32px,4608,29.0221,21.3389,0.92601,34.7559,0.6793,0.0000,0.0,1.0227,1.0107
a,explosion,explosion_2,flipbook,flipbook_astc,astc12x12 16f 32px,2304,28.6069,21.0591,0.91948,35.2131,0.1886,0.0000,0.0,1.0801,0.8461
a,explosion,explosion_2,flipbook,flipbook_astc,astc12x12 8f 32px,1152,26.9129,19.5373,0.90419,34.4961,0.0838,0.0000,0.0,1.1276,0.7485
a,explosion,explosion_2,flipbook,flipbook_astc,astc12x12 4f 32px,576,22.5680,15.7681,0.85696,33.5157,0.0255,0.0000,0.0,1.1611,0.5739
a,explosion,explosion_2,flipbook,flipbook_astc_mv,astc12x12 16f 128px +mv32,63744,39.5206,30.8789,0.98938,40.6412,0.7289,0.0000,0.0,0.1709,0.9932
a,explosion,explosion_2,flipbook,flipbook_astc_mv,astc12x12 8f 128px +mv32,31872,34.0161,25.4808,0.98004,37.6727,0.3864,0.0000,0.0,0.1305,0.9395
a,explosion,explosion_2,flipbook,flipbook_astc_mv,astc12x12 4f 128px +mv32,15936,24.2763,16.3818,0.91812,34.3896,0.1196,0.0000,0.0,0.1907,0.7120
a,explosion,explosion_2,flipbook,flipbook_astc_mv,astc12x12 16f 64px +mv16,17408,34.6316,26.1939,0.97405,38.8249,0.3737,0.0000,0.0,0.4737,0.9283
a,explosion,explosion_2,flipbook,flipbook_astc_mv,astc12x12 8f 64px +mv16,8704,32.6775,24.3417,0.96831,37.4422,0.2434,0.0000,0.0,0.4242,0.8879
a,explosion,explosion_2,flipbook,flipbook_astc_mv,astc12x12 4f 64px +mv16,4352,25.2500,17.3191,0.92636,34.6684,0.0972,0.0000,0.0,0.4731,0.7222
a_interp,explosion,explosion_2,explosion_2|interp|bc7 0f 128px,flipbook,bc7 0f 128px,524288,41.0360,32.4075,0.99545,41.2463,0.7932,0.0000,0.0,,
a_interp,explosion,explosion_2,explosion_2|interp|bc7 0f 128px +mv32,flipbook_mv,bc7 0f 128px +mv32,589824,47.7237,39.0393,0.99862,46.8348,0.9621,0.0000,0.0,,
a_interp,explosion,explosion_2,explosion_2|interp|astc4x4 0f 128px,flipbook,astc4x4 0f 128px,524288,41.1893,32.5546,0.99579,41.3198,0.7984,0.0000,0.0,,
a_interp,explosion,explosion_2,explosion_2|interp|astc4x4 0f 128px +mv32,flipbook_mv,astc4x4 0f 128px +mv32,589824,48.1090,39.4135,0.99878,47.5605,0.9462,0.0000,0.0,,
a,explosion,explosion_3,flipbook,flipbook_bc7,bc7 64f 128px,1048576,45.4871,41.8095,0.99696,43.3623,1.0102,0.0000,0.0,0.0223,1.0161
a,explosion,explosion_3,flipbook,flipbook_bc7,bc7 32f 128px,524288,33.3127,29.6692,0.98200,30.4731,0.4586,0.0000,0.0,0.0490,0.9711
a,explosion,explosion_3,flipbook,flipbook_bc7,bc7 16f 128px,262144,27.0749,23.5856,0.93616,27.5886,0.1513,0.0000,0.0,0.0986,0.9034
a,explosion,explosion_3,flipbook,flipbook_bc7,bc7 8f 128px,131072,21.9496,18.7840,0.84275,26.2513,0.0362,0.0000,0.0,0.1303,0.8065
a,explosion,explosion_3,flipbook,flipbook_bc7,bc7 4f 128px,65536,16.7535,14.1094,0.69866,25.5876,0.0072,0.0000,0.0,0.1719,0.6130
a,explosion,explosion_3,flipbook,flipbook_bc7,bc7 64f 64px,262144,32.2113,28.7414,0.96895,34.5896,0.5079,0.0000,0.0,0.3861,0.9414
a,explosion,explosion_3,flipbook,flipbook_bc7,bc7 32f 64px,131072,30.1170,26.6924,0.95478,29.8490,0.2991,0.0000,0.0,0.4268,0.9067
a,explosion,explosion_3,flipbook,flipbook_bc7,bc7 16f 64px,65536,26.4666,23.1722,0.91456,27.4657,0.1173,0.0000,0.0,0.4712,0.8602
a,explosion,explosion_3,flipbook,flipbook_bc7,bc7 8f 64px,32768,22.0348,19.0303,0.83228,26.2273,0.0322,0.0000,0.0,0.4849,0.7864
a,explosion,explosion_3,flipbook,flipbook_bc7,bc7 4f 64px,16384,16.8877,14.3685,0.69759,25.5835,0.0070,0.0000,0.0,0.5871,0.6069
a,explosion,explosion_3,flipbook,flipbook_bc7,bc7 64f 32px,65536,27.0185,23.8494,0.89214,29.7363,0.2381,0.0000,0.0,0.4901,0.8939
a,explosion,explosion_3,flipbook,flipbook_bc7,bc7 32f 32px,32768,26.5129,23.3791,0.88311,28.5790,0.1641,0.0000,0.0,0.5137,0.8496
a,explosion,explosion_3,flipbook,flipbook_bc7,bc7 16f 32px,16384,24.9499,21.9236,0.85567,27.1705,0.0811,0.0000,0.0,0.5499,0.8155
a,explosion,explosion_3,flipbook,flipbook_bc7,bc7 8f 32px,8192,21.8301,19.0585,0.79369,26.1676,0.0271,0.0000,0.0,0.5639,0.7612
a,explosion,explosion_3,flipbook,flipbook_bc7,bc7 4f 32px,4096,16.9967,14.6542,0.67902,25.5738,0.0067,0.0000,0.0,0.7186,0.5965
a,explosion,explosion_3,flipbook,flipbook_bc7_mv,bc7 16f 128px +mv32,294912,32.2109,28.6234,0.97906,31.1503,0.4384,0.0000,0.0,0.1364,0.9765
a,explosion,explosion_3,flipbook,flipbook_bc7_mv,bc7 8f 128px +mv32,147456,24.6308,21.2892,0.91114,27.2988,0.1673,0.0000,0.0,0.1867,0.8998
a,explosion,explosion_3,flipbook,flipbook_bc7_mv,bc7 4f 128px +mv32,73728,17.3674,14.4886,0.74489,25.6147,0.0298,0.0000,0.0,0.2372,0.6788
a,explosion,explosion_3,flipbook,flipbook_bc7_mv,bc7 16f 64px +mv16,73728,30.7176,27.2730,0.96022,31.5161,0.2951,0.0000,0.0,0.4125,0.9186
a,explosion,explosion_3,flipbook,flipbook_bc7_mv,bc7 8f 64px +mv16,36864,25.2310,21.9790,0.90735,27.5752,0.1294,0.0000,0.0,0.4119,0.8805
a,explosion,explosion_3,flipbook,flipbook_bc7_mv,bc7 4f 64px +mv16,18432,17.8895,15.0075,0.76660,25.7840,0.0391,0.0000,0.0,0.5257,0.6925
a,explosion,explosion_3,flipbook,flipbook_astc,astc4x4 64f 128px,1048576,46.9550,43.2619,0.99740,44.7455,1.0094,0.0000,0.0,0.0123,1.0112
a,explosion,explosion_3,flipbook,flipbook_astc,astc4x4 32f 128px,524288,33.3749,29.7254,0.98255,30.4899,0.4607,0.0000,0.0,0.0452,0.9692
a,explosion,explosion_3,flipbook,flipbook_astc,astc4x4 16f 128px,262144,27.0850,23.5913,0.93669,27.5907,0.1519,0.0000,0.0,0.1035,0.9030
a,explosion,explosion_3,flipbook,flipbook_astc,astc4x4 8f 128px,131072,21.9495,18.7815,0.84316,26.2516,0.0363,0.0000,0.0,0.1351,0.8068
a,explosion,explosion_3,flipbook,flipbook_astc,astc4x4 4f 128px,65536,16.7529,14.1060,0.69882,25.5876,0.0072,0.0000,0.0,0.1789,0.6132
a,explosion,explosion_3,flipbook,flipbook_astc,astc4x4 64f 64px,262144,32.3051,28.8132,0.97146,34.6961,0.5109,0.0000,0.0,0.3870,0.9403
a,explosion,explosion_3,flipbook,flipbook_astc,astc4x4 32f 64px,131072,30.1762,26.7332,0.95727,29.8649,0.3015,0.0000,0.0,0.4275,0.9064
a,explosion,explosion_3,flipbook,flipbook_astc,astc4x4 16f 64px,65536,26.4877,23.1783,0.91662,27.4679,0.1181,0.0000,0.0,0.4710,0.8605
a,explosion,explosion_3,flipbook,flipbook_astc,astc4x4 8f 64px,32768,22.0356,19.0189,0.83390,26.2278,0.0322,0.0000,0.0,0.4878,0.7873
a,explosion,explosion_3,flipbook,flipbook_astc,astc4x4 4f 64px,16384,16.8860,14.3579,0.69844,25.5837,0.0070,0.0000,0.0,0.5847,0.6070
a,explosion,explosion_3,flipbook,flipbook_astc,astc4x4 64f 32px,65536,27.0810,23.8847,0.89724,29.7976,0.2340,0.0000,0.0,0.4879,0.8956
a,explosion,explosion_3,flipbook,flipbook_astc,astc4x4 32f 32px,32768,26.5649,23.4110,0.88772,28.5986,0.1638,0.0000,0.0,0.5095,0.8514
a,explosion,explosion_3,flipbook,flipbook_astc,astc4x4 16f 32px,16384,24.9839,21.9402,0.85982,27.1751,0.0816,0.0000,0.0,0.5459,0.8156
a,explosion,explosion_3,flipbook,flipbook_astc,astc4x4 8f 32px,8192,21.8412,19.0533,0.79722,26.1687,0.0272,0.0000,0.0,0.5582,0.7617
a,explosion,explosion_3,flipbook,flipbook_astc,astc4x4 4f 32px,4096,16.9962,14.6458,0.68112,25.5743,0.0067,0.0000,0.0,0.7193,0.5966
a,explosion,explosion_3,flipbook,flipbook_astc_mv,astc4x4 16f 128px +mv32,294912,32.2429,28.6482,0.97957,31.1797,0.4387,0.0000,0.0,0.1397,0.9755
a,explosion,explosion_3,flipbook,flipbook_astc_mv,astc4x4 8f 128px +mv32,147456,24.6313,21.2854,0.91156,27.3024,0.1674,0.0000,0.0,0.1899,0.8996
a,explosion,explosion_3,flipbook,flipbook_astc_mv,astc4x4 4f 128px +mv32,73728,17.3668,14.4856,0.74506,25.6150,0.0293,0.0000,0.0,0.2440,0.6794
a,explosion,explosion_3,flipbook,flipbook_astc_mv,astc4x4 16f 64px +mv16,73728,30.7849,27.3228,0.96260,31.5655,0.2966,0.0000,0.0,0.4124,0.9190
a,explosion,explosion_3,flipbook,flipbook_astc_mv,astc4x4 8f 64px +mv16,36864,25.2407,21.9756,0.90948,27.5858,0.1301,0.0000,0.0,0.4149,0.8822
a,explosion,explosion_3,flipbook,flipbook_astc_mv,astc4x4 4f 64px +mv16,18432,17.8889,14.9982,0.76783,25.7855,0.0391,0.0000,0.0,0.5241,0.6925
a,explosion,explosion_3,flipbook,flipbook_astc,astc5x5 64f 128px,692224,43.5851,39.9052,0.99506,41.6135,1.0097,0.0000,0.0,0.0225,1.0183
a,explosion,explosion_3,flipbook,flipbook_astc,astc5x5 32f 128px,346112,33.2197,29.5838,0.98070,30.4406,0.4578,0.0000,0.0,0.0479,0.9706
a,explosion,explosion_3,flipbook,flipbook_astc,astc5x5 16f 128px,173056,27.0646,23.5756,0.93537,27.5843,0.1512,0.0000,0.0,0.0984,0.9029
a,explosion,explosion_3,flipbook,flipbook_astc,astc5x5 8f 128px,86528,21.9512,18.7857,0.84239,26.2506,0.0362,0.0000,0.0,0.1319,0.8067
a,explosion,explosion_3,flipbook,flipbook_astc,astc5x5 4f 128px,43264,16.7553,14.1093,0.69850,25.5876,0.0072,0.0000,0.0,0.1716,0.6131
a,explosion,explosion_3,flipbook,flipbook_astc,astc5x5 64f 64px,173056,32.0219,28.5390,0.96738,34.1457,0.5283,0.0000,0.0,0.3817,0.9595
a,explosion,explosion_3,flipbook,flipbook_astc,astc5x5 32f 64px,86528,30.0287,26.5942,0.95372,29.8015,0.3015,0.0000,0.0,0.4217,0.9114
a,explosion,explosion_3,flipbook,flipbook_astc,astc5x5 16f 64px,43264,26.4354,23.1337,0.91390,27.4575,0.1175,0.0000,0.0,0.4669,0.8605
a,explosion,explosion_3,flipbook,flipbook_astc,astc5x5 8f 64px,21632,22.0268,19.0121,0.83200,26.2260,0.0322,0.0000,0.0,0.4853,0.7871
a,explosion,explosion_3,flipbook,flipbook_astc,astc5x5 4f 64px,10816,16.8849,14.3599,0.69783,25.5833,0.0070,0.0000,0.0,0.5817,0.6070
a,explosion,explosion_3,flipbook,flipbook_astc,astc5x5 64f 32px,50176,26.9099,23.7149,0.89105,29.5131,0.2772,0.0000,0.0,0.4920,0.9365
a,explosion,explosion_3,flipbook,flipbook_astc,astc5x5 32f 32px,25088,26.4333,23.2803,0.88249,28.5255,0.1668,0.0000,0.0,0.5159,0.8633
a,explosion,explosion_3,flipbook,flipbook_astc,astc5x5 16f 32px,12544,24.8942,21.8502,0.85509,27.1570,0.0815,0.0000,0.0,0.5484,0.8180
a,explosion,explosion_3,flipbook,flipbook_astc,astc5x5 8f 32px,6272,21.8118,19.0275,0.79357,26.1662,0.0271,0.0000,0.0,0.5657,0.7629
a,explosion,explosion_3,flipbook,flipbook_astc,astc5x5 4f 32px,3136,16.9930,14.6437,0.67865,25.5734,0.0067,0.0000,0.0,0.7283,0.5970
a,explosion,explosion_3,flipbook,flipbook_astc_mv,astc5x5 16f 128px +mv32,205824,32.1371,28.5506,0.97805,31.1026,0.4348,0.0000,0.0,0.1375,0.9754
a,explosion,explosion_3,flipbook,flipbook_astc_mv,astc5x5 8f 128px +mv32,102912,24.6254,21.2832,0.91058,27.2950,0.1663,0.0000,0.0,0.1872,0.8994
a,explosion,explosion_3,flipbook,flipbook_astc_mv,astc5x5 4f 128px +mv32,51456,17.3680,14.4874,0.74464,25.6129,0.0297,0.0000,0.0,0.2390,0.6794
a,explosion,explosion_3,flipbook,flipbook_astc_mv,astc5x5 16f 64px +mv16,51456,30.6043,27.1514,0.95914,31.4387,0.2956,0.0000,0.0,0.4084,0.9192
a,explosion,explosion_3,flipbook,flipbook_astc_mv,astc5x5 8f 64px +mv16,25728,25.2075,21.9440,0.90664,27.5672,0.1302,0.0000,0.0,0.4115,0.8814
a,explosion,explosion_3,flipbook,flipbook_astc_mv,astc5x5 4f 64px +mv16,12864,17.8810,14.9919,0.76650,25.7815,0.0395,0.0000,0.0,0.5212,0.6926
a,explosion,explosion_3,flipbook,flipbook_astc,astc6x6 64f 128px,495616,41.2833,37.6202,0.99198,39.5252,1.0122,0.0000,0.0,0.0312,1.0271
a,explosion,explosion_3,flipbook,flipbook_astc,astc6x6 32f 128px,247808,33.0162,29.3949,0.97822,30.3801,0.4549,0.0000,0.0,0.0522,0.9723
a,explosion,explosion_3,flipbook,flipbook_astc,astc6x6 16f 128px,123904,27.0375,23.5637,0.93348,27.5761,0.1503,0.0000,0.0,0.0924,0.9027
a,explosion,explosion_3,flipbook,flipbook_astc,astc6x6 8f 128px,61952,21.9496,18.7901,0.84112,26.2490,0.0361,0.0000,0.0,0.1232,0.8065
a,explosion,explosion_3,flipbook,flipbook_astc,astc6x6 4f 128px,30976,16.7577,14.1167,0.69795,25.5875,0.0072,0.0000,0.0,0.1644,0.6126
a,explosion,explosion_3,flipbook,flipbook_astc,astc6x6 64f 64px,123904,31.6256,28.1722,0.96189,33.5740,0.5491,0.0000,0.0,0.3841,0.9747
a,explosion,explosion_3,flipbook,flipbook_astc,astc6x6 32f 64px,61952,29.8028,26.3924,0.94888,29.7226,0.3007,0.0000,0.0,0.4250,0.9137
a,explosion,explosion_3,flipbook,flipbook_astc,astc6x6 16f 64px,30976,26.3670,23.0770,0.91034,27.4428,0.1168,0.0000,0.0,0.4713,0.8602
a,explosion,explosion_3,flipbook,flipbook_astc,astc6x6 8f 64px,15488,22.0144,19.0169,0.82975,26.2235,0.0320,0.0000,0.0,0.4845,0.7860
a,explosion,explosion_3,flipbook,flipbook_astc,astc6x6 4f 64px,7744,16.8910,14.3741,0.69635,25.5831,0.0070,0.0000,0.0,0.5905,0.6070
a,explosion,explosion_3,flipbook,flipbook_astc,astc6x6 64f 32px,36864,26.6331,23.4798,0.88244,29.1240,0.3549,0.0000,0.0,0.4915,0.9931
a,explosion,explosion_3,flipbook,flipbook_astc,astc6x6 32f 32px,18432,26.2051,23.0998,0.87416,28.4149,0.1750,0.0000,0.0,0.5140,0.8787
a,explosion,explosion_3,flipbook,flipbook_astc,astc6x6 16f 32px,9216,24.7561,21.7431,0.84875,27.1304,0.0814,0.0000,0.0,0.5523,0.8202
a,explosion,explosion_3,flipbook,flipbook_astc,astc6x6 8f 32px,4608,21.7651,18.9949,0.78939,26.1605,0.0268,0.0000,0.0,0.5716,0.7599
a,explosion,explosion_3,flipbook,flipbook_astc,astc6x6 4f 32px,2304,16.9997,14.6636,0.67656,25.5724,0.0067,0.0000,0.0,0.7303,0.5974
a,explosion,explosion_3,flipbook,flipbook_astc_mv,astc6x6 16f 128px +mv32,156672,32.0004,28.4299,0.97589,31.0167,0.4298,0.0000,0.0,0.1318,0.9752
a,explosion,explosion_3,flipbook,flipbook_astc_mv,astc6x6 8f 128px +mv32,78336,24.6129,21.2772,0.90926,27.2791,0.1663,0.0000,0.0,0.1796,0.8992
a,explosion,explosion_3,flipbook,flipbook_astc_mv,astc6x6 4f 128px +mv32,39168,17.3705,14.4960,0.74372,25.6131,0.0296,0.0000,0.0,0.2335,0.6787
a,explosion,explosion_3,flipbook,flipbook_astc_mv,astc6x6 16f 64px +mv16,39168,30.3676,26.9266,0.95472,31.2955,0.2924,0.0000,0.0,0.4150,0.9182
a,explosion,explosion_3,flipbook,flipbook_astc_mv,astc6x6 8f 64px +mv16,19584,25.1586,21.9171,0.90311,27.5399,0.1285,0.0000,0.0,0.4110,0.8816
a,explosion,explosion_3,flipbook,flipbook_astc_mv,astc6x6 4f 64px +mv16,9792,17.8902,15.0151,0.76394,25.7784,0.0392,0.0000,0.0,0.5290,0.6934
a,explosion,explosion_3,flipbook,flipbook_astc,astc8x8 64f 128px,262144,38.1858,34.5512,0.98489,36.6837,1.0440,0.0000,0.0,0.0468,1.0510
a,explosion,explosion_3,flipbook,flipbook_astc,astc8x8 32f 128px,131072,32.5096,28.9126,0.97232,30.2378,0.4524,0.0000,0.0,0.0610,0.9774
a,explosion,explosion_3,flipbook,flipbook_astc,astc8x8 16f 128px,65536,26.9470,23.4954,0.92909,27.5561,0.1493,0.0000,0.0,0.0913,0.9032
a,explosion,explosion_3,flipbook,flipbook_astc,astc8x8 8f 128px,32768,21.9427,18.7946,0.83834,26.2458,0.0359,0.0000,0.0,0.1240,0.8060
a,explosion,explosion_3,flipbook,flipbook_astc,astc8x8 4f 128px,16384,16.7598,14.1284,0.69621,25.5871,0.0072,0.0000,0.0,0.1619,0.6127
a,explosion,explosion_3,flipbook,flipbook_astc,astc8x8 64f 64px,65536,30.6102,27.1722,0.94854,32.1082,0.6101,0.0000,0.0,0.3894,1.0265
a,explosion,explosion_3,flipbook,flipbook_astc,astc8x8 32f 64px,32768,29.1982,25.8077,0.93714,29.4762,0.2983,0.0000,0.0,0.4292,0.9263
a,explosion,explosion_3,flipbook,flipbook_astc,astc8x8 16f 64px,16384,26.1438,22.8743,0.90122,27.3994,0.1147,0.0000,0.0,0.4733,0.8625
a,explosion,explosion_3,flipbook,flipbook_astc,astc8x8 8f 64px,8192,21.9756,19.0033,0.82262,26.2152,0.0315,0.0000,0.0,0.4854,0.7841
a,explosion,explosion_3,flipbook,flipbook_astc,astc8x8 4f 64px,4096,16.8853,14.3828,0.69253,25.5817,0.0070,0.0000,0.0,0.5899,0.6064
a,explosion,explosion_3,flipbook,flipbook_astc,astc8x8 64f 32px,16384,25.8311,22.7614,0.86053,28.0860,0.5408,0.0000,0.0,0.5063,1.0942
a,explosion,explosion_3,flipbook,flipbook_astc,astc8x8 32f 32px,8192,25.5432,22.5002,0.85380,28.0502,0.1852,0.0000,0.0,0.5303,0.9110
a,explosion,explosion_3,flipbook,flipbook_astc,astc8x8 16f 32px,4096,24.3460,21.4026,0.83023,27.0418,0.0800,0.0000,0.0,0.5639,0.8234
a,explosion,explosion_3,flipbook,flipbook_astc,astc8x8 8f 32px,2048,21.6332,18.9707,0.77465,26.1432,0.0263,0.0000,0.0,0.5810,0.7554
a,explosion,explosion_3,flipbook,flipbook_astc,astc8x8 4f 32px,1024,16.9753,14.6967,0.67076,25.5696,0.0066,0.0000,0.0,0.7678,0.5923
a,explosion,explosion_3,flipbook,flipbook_astc_mv,astc8x8 16f 128px +mv32,98304,31.6745,28.1311,0.97107,30.8200,0.4292,0.0000,0.0,0.1282,0.9766
a,explosion,explosion_3,flipbook,flipbook_astc_mv,astc8x8 8f 128px +mv32,49152,24.5816,21.2613,0.90573,27.2565,0.1632,0.0000,0.0,0.1776,0.8988
a,explosion,explosion_3,flipbook,flipbook_astc_mv,astc8x8 4f 128px +mv32,24576,17.3695,14.5048,0.74205,25.6101,0.0305,0.0000,0.0,0.2287,0.6781
a,explosion,explosion_3,flipbook,flipbook_astc_mv,astc8x8 16f 64px +mv16,24576,29.7041,26.2891,0.94351,30.9062,0.2889,0.0000,0.0,0.4170,0.9222
a,explosion,explosion_3,flipbook,flipbook_astc_mv,astc8x8 8f 64px +mv16,12288,24.9989,21.7936,0.89300,27.4582,0.1257,0.0000,0.0,0.4177,0.8789
a,explosion,explosion_3,flipbook,flipbook_astc_mv,astc8x8 4f 64px +mv16,6144,17.8776,15.0241,0.75903,25.7665,0.0383,0.0000,0.0,0.5301,0.6901
a,explosion,explosion_3,flipbook,flipbook_astc,astc10x10 64f 128px,173056,35.8892,32.2643,0.97652,34.6330,1.0746,0.0000,0.0,0.0610,1.0775
a,explosion,explosion_3,flipbook,flipbook_astc,astc10x10 32f 128px,86528,31.9086,28.3260,0.96515,30.0585,0.4459,0.0000,0.0,0.0707,0.9820
a,explosion,explosion_3,flipbook,flipbook_astc,astc10x10 16f 128px,43264,26.8295,23.3916,0.92317,27.5290,0.1474,0.0000,0.0,0.1004,0.9025
a,explosion,explosion_3,flipbook,flipbook_astc,astc10x10 8f 128px,21632,21.9350,18.7909,0.83500,26.2413,0.0356,0.0000,0.0,0.1326,0.8047
a,explosion,explosion_3,flipbook,flipbook_astc,astc10x10 4f 128px,10816,16.7674,14.1397,0.69370,25.5863,0.0072,0.0000,0.0,0.1509,0.6135
a,explosion,explosion_3,flipbook,flipbook_astc,astc10x10 64f 64px,50176,29.5731,26.1662,0.93268,30.8880,0.6910,0.0000,0.0,0.3885,1.0767
a,explosion,explosion_3,flipbook,flipbook_astc,astc10x10 32f 64px,25088,28.5300,25.1696,0.92260,29.2055,0.2955,0.0000,0.0,0.4284,0.9404
a,explosion,explosion_3,flipbook,flipbook_astc,astc10x10 16f 64px,12544,25.8664,22.6368,0.88859,27.3419,0.1121,0.0000,0.0,0.4767,0.8622
a,explosion,explosion_3,flipbook,flipbook_astc,astc10x10 8f 64px,6272,21.9179,18.9657,0.81496,26.2059,0.0311,0.0000,0.0,0.4819,0.7828
a,explosion,explosion_3,flipbook,flipbook_astc,astc10x10 4f 64px,3136,16.9041,14.4127,0.68866,25.5802,0.0070,0.0000,0.0,0.6147,0.6063
a,explosion,explosion_3,flipbook,flipbook_astc,astc10x10 64f 32px,16384,24.9123,21.8872,0.83757,27.1518,0.7425,0.0000,0.0,0.5241,1.1988
a,explosion,explosion_3,flipbook,flipbook_astc,astc10x10 32f 32px,8192,24.7525,21.7602,0.83256,27.6878,0.1977,0.0000,0.0,0.5486,0.9336
a,explosion,explosion_3,flipbook,flipbook_astc,astc10x10 16f 32px,4096,23.7809,20.8939,0.81052,26.9140,0.0755,0.0000,0.0,0.5840,0.8302
a,explosion,explosion_3,flipbook,flipbook_astc,astc10x10 8f 32px,2048,21.4089,18.7203,0.76292,26.1171,0.0254,0.0000,0.0,0.6183,0.7514
a,explosion,explosion_3,flipbook,flipbook_astc,astc10x10 4f 32px,1024,16.9761,14.7395,0.65886,25.5651,0.0066,0.0000,0.0,0.8280,0.5941
a,explosion,explosion_3,flipbook,flipbook_astc_mv,astc10x10 16f 128px +mv32,76032,31.2233,27.6958,0.96461,30.6036,0.4163,0.0000,0.0,0.1350,0.9767
a,explosion,explosion_3,flipbook,flipbook_astc_mv,astc10x10 8f 128px +mv32,38016,24.5422,21.2266,0.90141,27.2307,0.1606,0.0000,0.0,0.1876,0.8969
a,explosion,explosion_3,flipbook,flipbook_astc_mv,astc10x10 4f 128px +mv32,19008,17.3778,14.5132,0.74002,25.6098,0.0311,0.0000,0.0,0.2227,0.6797
a,explosion,explosion_3,flipbook,flipbook_astc_mv,astc10x10 16f 64px +mv16,20736,28.9096,25.5429,0.92842,30.4504,0.2755,0.0000,0.0,0.4265,0.9208
a,explosion,explosion_3,flipbook,flipbook_astc_mv,astc10x10 8f 64px +mv16,10368,24.8238,21.6404,0.88279,27.3999,0.1271,0.0000,0.0,0.4160,0.8753
a,explosion,explosion_3,flipbook,flipbook_astc_mv,astc10x10 4f 64px +mv16,5184,17.8876,15.0417,0.75427,25.7813,0.0348,0.0000,0.0,0.5537,0.6853
a,explosion,explosion_3,flipbook,flipbook_astc,astc12x12 64f 128px,123904,34.2612,30.6553,0.96835,33.2466,1.1038,0.0000,0.0,0.0581,1.0974
a,explosion,explosion_3,flipbook,flipbook_astc,astc12x12 32f 128px,61952,31.3129,27.7509,0.95795,29.8764,0.4387,0.0000,0.0,0.0730,0.9837
a,explosion,explosion_3,flipbook,flipbook_astc,astc12x12 16f 128px,30976,26.6842,23.2533,0.91722,27.5008,0.1449,0.0000,0.0,0.1072,0.8991
a,explosion,explosion_3,flipbook,flipbook_astc,astc12x12 8f 128px,15488,21.9105,18.7868,0.83147,26.2359,0.0354,0.0000,0.0,0.1401,0.8040
a,explosion,explosion_3,flipbook,flipbook_astc,astc12x12 4f 128px,7744,16.7724,14.1573,0.69304,25.5856,0.0072,0.0000,0.0,0.1666,0.6128
a,explosion,explosion_3,flipbook,flipbook_astc,astc12x12 64f 64px,36864,28.5755,25.1939,0.91764,29.7570,0.7913,0.0000,0.0,0.3929,1.1340
a,explosion,explosion_3,flipbook,flipbook_astc,astc12x12 32f 64px,18432,27.8183,24.4771,0.90905,28.8982,0.2947,0.0000,0.0,0.4314,0.9539
a,explosion,explosion_3,flipbook,flipbook_astc,astc12x12 16f 64px,9216,25.5368,22.3187,0.87762,27.2775,0.1105,0.0000,0.0,0.4844,0.8641
a,explosion,explosion_3,flipbook,flipbook_astc,astc12x12 8f 64px,4608,21.8242,18.8557,0.80952,26.1938,0.0308,0.0000,0.0,0.4863,0.7806
a,explosion,explosion_3,flipbook,flipbook_astc,astc12x12 4f 64px,2304,16.8900,14.4297,0.68374,25.5780,0.0070,0.0000,0.0,0.6122,0.6062
a,explosion,explosion_3,flipbook,flipbook_astc,astc12x12 64f 32px,9216,24.2737,21.3303,0.81980,26.6887,0.8326,0.0000,0.0,0.5452,1.2141
a,explosion,explosion_3,flipbook,flipbook_astc,astc12x12 32f 32px,4608,24.1849,21.2732,0.81492,27.4247,0.2126,0.0000,0.0,0.5659,0.9693
a,explosion,explosion_3,flipbook,flipbook_astc,astc12x12 16f 32px,2304,23.3159,20.5435,0.79359,26.8204,0.0746,0.0000,0.0,0.6148,0.8236
a,explosion,explosion_3,flipbook,flipbook_astc,astc12x12 8f 32px,1152,21.1971,18.6009,0.74978,26.0937,0.0248,0.0000,0.0,0.6301,0.7487
a,explosion,explosion_3,flipbook,flipbook_astc,astc12x12 4f 32px,576,16.9477,14.7714,0.65536,25.5619,0.0065,0.0000,0.0,0.8493,0.5881
a,explosion,explosion_3,flipbook,flipbook_astc_mv,astc12x12 16f 128px +mv32,63744,30.7889,27.2699,0.95826,30.3998,0.4058,0.0000,0.0,0.1541,0.9729
a,explosion,explosion_3,flipbook,flipbook_astc_mv,astc12x12 8f 128px +mv32,31872,24.4684,21.1757,0.89695,27.1928,0.1581,0.0000,0.0,0.1989,0.8942
a,explosion,explosion_3,flipbook,flipbook_astc_mv,astc12x12 4f 128px +mv32,15936,17.3769,14.5335,0.73773,25.6110,0.0288,0.0000,0.0,0.2312,0.6763
a,explosion,explosion_3,flipbook,flipbook_astc_mv,astc12x12 16f 64px +mv16,17408,28.1833,24.8285,0.91558,30.0901,0.2704,0.0000,0.0,0.4392,0.9219
a,explosion,explosion_3,flipbook,flipbook_astc_mv,astc12x12 8f 64px +mv16,8704,24.5775,21.3819,0.87345,27.3155,0.1198,0.0000,0.0,0.4273,0.8688
a,explosion,explosion_3,flipbook,flipbook_astc_mv,astc12x12 4f 64px +mv16,4352,17.8553,15.0557,0.74588,25.7519,0.0343,0.0000,0.0,0.5594,0.6810
a_interp,explosion,explosion_3,explosion_3|interp|bc7 0f 128px,flipbook,bc7 0f 128px,524288,30.5467,26.9832,0.96813,30.5141,0.4646,0.0000,0.0,,
a_interp,explosion,explosion_3,explosion_3|interp|bc7 0f 128px +mv32,flipbook_mv,bc7 0f 128px +mv32,589824,38.3599,34.7501,0.99263,37.9912,0.8543,0.0000,0.0,,
a_interp,explosion,explosion_3,explosion_3|interp|astc4x4 0f 128px,flipbook,astc4x4 0f 128px,524288,30.5738,27.0090,0.96880,30.5312,0.4667,0.0000,0.0,,
a_interp,explosion,explosion_3,explosion_3|interp|astc4x4 0f 128px +mv32,flipbook_mv,astc4x4 0f 128px +mv32,589824,38.4888,34.8716,0.99305,38.2540,0.8546,0.0000,0.0,,
